Age,Sex,Ethnicity,BMI,Socioeconomic_Status,Physical_Activity,Alcohol_Consumption,Smoking_Status,Sleep_Duration,Sleep_Quality,Stress_Levels,Family_History_Diabetes,Prediabetes,Gestational_Diabetes,Hypertension,PCOS,Cardiovascular_Disease,Kidney_Problems,Medications,Blood_Pressure_Systolic,Blood_Pressure_Diastolic,Heart_Rate,Skin_Temperature,Blood_Glucose,Sensor_Current_uA,Sensor_Voltage_mV
47,Male,South Asian,18.6,Middle,Sedentary,None,Never,5.3,Average,Low,No,No,No,No,No,No,No,Metformin,114,84,78,32.0,79.6,0.89,184.7
38,Male,South Asian,18.4,Middle,Sedentary,Moderate,Current,5.9,Average,Moderate,No,No,No,Yes,No,No,No,None,103,72,72,31.4,99.9,0.95,183.9
50,Male,Hispanic,18.0,Middle,Sedentary,None,Never,7.0,Average,Moderate,Yes,No,No,No,No,No,No,None,117,86,81,33.6,140.5,1.36,268.9
63,Male,Caucasian,29.1,Low,Active,Heavy,Current,5.8,Average,Low,Yes,No,No,No,No,No,No,Metformin,110,69,79,32.2,98.2,0.98,202.9
36,Male,South Asian,29.1,Low,Active,None,Never,4.0,Average,High,No,No,No,Yes,No,No,No,None,128,86,75,30.9,104.5,1.06,216.0
36,Female,South Asian,29.2,Low,Moderate,Moderate,Former,7.7,Average,Low,Yes,No,Yes,Yes,No,No,No,None,114,102,74,30.0,110.0,1.02,207.5
64,Female,South Asian,26.5,Middle,Sedentary,None,Never,7.1,Good,Low,No,No,No,No,No,No,No,Metformin,133,75,73,33.2,80.1,0.8,153.4
52,Female,Hispanic,18.0,High,Sedentary,Moderate,Never,7.6,Average,Low,No,No,Yes,Yes,No,No,No,Metformin,123,73,84,30.7,116.7,1.15,238.1
33,Male,South Asian,19.9,Middle,Active,Moderate,Never,7.3,Good,Low,Yes,No,No,No,No,No,No,None,113,91,73,32.2,82.2,0.77,147.7
48,Male,Other,25.9,Middle,Active,Moderate,Never,8.4,Poor,Low,No,No,No,Yes,No,No,No,Metformin,118,81,96,30.8,96.0,1.0,202.6
33,Male,Other,25.7,High,Sedentary,Moderate,Never,6.9,Average,High,No,No,No,No,No,No,Yes,None,118,68,96,32.1,88.1,0.95,190.4
33,Female,South Asian,23.9,Middle,Sedentary,None,Never,8.5,Average,High,Yes,No,No,No,No,Yes,No,None,122,83,71,32.3,75.3,0.77,153.0
44,Female,South Asian,26.8,Middle,Sedentary,Heavy,Never,5.8,Average,Moderate,Yes,No,No,Yes,No,No,No,Other,125,82,71,32.8,75.3,0.79,158.7
18,Female,Hispanic,25.1,High,Sedentary,Moderate,Never,5.9,Poor,Moderate,No,No,Yes,No,No,No,No,Metformin,113,74,75,31.9,219.4,2.0,403.4
18,Male,South Asian,25.6,Low,Active,Moderate,Never,9.1,Average,Moderate,No,No,No,No,No,No,No,Insulin,116,73,69,31.9,70.3,0.76,154.0
32,Female,South Asian,21.8,Middle,Sedentary,Moderate,Never,9.0,Good,Moderate,No,No,No,No,No,Yes,No,None,122,89,84,30.9,83.9,0.75,152.4
25,Male,South Asian,29.9,Middle,Moderate,None,Never,7.9,Good,Moderate,No,No,No,No,No,No,No,Metformin,90,70,87,31.7,159.6,1.61,324.2
45,Female,Caucasian,22.8,High,Sedentary,Moderate,Never,5.7,Average,Moderate,No,Yes,No,No,No,No,No,None,128,66,88,32.0,100.7,1.04,204.2
26,Female,Hispanic,18.3,Middle,Sedentary,None,Current,5.5,Average,Low,Yes,No,No,No,No,No,No,Insulin,106,72,73,32.0,100.5,0.96,189.3
19,Female,South Asian,21.1,Middle,Sedentary,Moderate,Never,9.0,Poor,Low,No,No,No,Yes,No,No,No,None,116,89,73,31.8,166.0,1.63,332.9
62,Female,South Asian,23.3,High,Moderate,None,Former,8.9,Poor,High,Yes,Yes,Yes,Yes,No,Yes,No,None,110,77,55,30.9,126.0,1.31,266.6
37,Male,Other,30.0,Middle,Moderate,None,Never,6.9,Poor,Low,No,Yes,No,No,No,No,No,None,131,74,68,30.7,158.8,1.57,310.3
41,Female,Hispanic,24.8,Low,Sedentary,Heavy,Current,10.0,Average,High,No,No,No,No,No,No,No,None,135,79,66,33.5,84.0,0.94,180.6
19,Female,Caucasian,24.1,Low,Sedentary,Heavy,Never,7.7,Good,Moderate,No,No,No,No,Yes,No,No,Metformin,118,85,64,32.6,121.6,1.25,244.6
32,Male,Hispanic,18.8,Middle,Sedentary,Moderate,Current,5.3,Average,Moderate,No,Yes,No,No,No,No,No,None,119,95,70,34.4,99.7,1.03,198.3
42,Male,Caucasian,28.9,Middle,Sedentary,Moderate,Never,6.6,Good,Low,No,Yes,No,No,No,No,No,Insulin,119,84,72,32.4,215.0,2.0,405.1
23,Male,Hispanic,21.7,Middle,Moderate,Moderate,Never,7.0,Good,Moderate,No,No,No,No,No,No,No,Metformin,120,100,75,32.7,99.6,1.09,218.9
46,Male,South Asian,24.5,Middle,Moderate,Moderate,Never,7.1,Average,Moderate,No,Yes,No,No,No,No,No,Metformin,135,87,89,31.1,106.0,1.05,210.5
31,Male,South Asian,32.4,High,Sedentary,None,Never,8.9,Average,Moderate,No,No,No,No,No,No,No,Steroids,165,77,87,33.5,86.6,0.91,167.4
36,Female,African,27.5,Low,Active,Heavy,Never,5.6,Good,Moderate,No,Yes,No,No,No,No,No,Metformin,117,89,64,30.2,134.0,1.33,267.3
31,Male,Caucasian,18.0,Middle,Moderate,Moderate,Never,5.0,Average,Moderate,No,No,No,No,No,No,No,Metformin,129,86,79,32.6,81.3,0.83,166.0
68,Male,Other,18.0,High,Sedentary,Moderate,Current,7.9,Average,Moderate,Yes,Yes,No,No,No,No,No,None,107,92,67,32.1,125.3,1.15,236.7
40,Female,South Asian,24.7,Middle,Sedentary,Heavy,Never,6.2,Good,Moderate,No,No,No,Yes,Yes,Yes,No,Metformin,109,87,76,33.5,95.2,1.0,204.5
24,Female,Other,18.9,Middle,Active,None,Never,10.0,Poor,High,Yes,Yes,No,No,No,Yes,No,None,105,81,88,31.9,75.9,0.69,140.4
52,Female,Other,28.2,Middle,Moderate,None,Former,8.4,Average,High,No,No,No,Yes,No,No,No,None,140,75,70,32.0,158.4,1.51,305.8
22,Male,South Asian,25.2,Middle,Sedentary,Heavy,Former,6.2,Poor,Moderate,No,No,No,Yes,No,No,No,None,131,81,65,30.1,114.1,1.06,217.0
43,Female,Hispanic,25.8,Low,Moderate,None,Never,8.8,Good,Low,No,No,No,No,No,No,No,Metformin,114,65,76,30.1,99.6,1.09,213.0
18,Female,Caucasian,21.5,Low,Sedentary,Moderate,Former,8.1,Good,Low,No,Yes,No,No,No,No,No,None,123,78,88,32.4,102.8,0.95,184.4
20,Male,Other,33.7,Low,Active,None,Never,8.0,Average,Moderate,Yes,No,No,Yes,No,Yes,No,None,131,68,95,33.1,70.3,0.74,149.4
43,Male,Caucasian,39.2,Low,Active,Moderate,Never,6.8,Average,Moderate,No,No,No,Yes,No,Yes,No,None,138,85,69,32.3,126.8,1.24,247.4
51,Female,African,23.6,Low,Moderate,Moderate,Never,7.6,Good,Moderate,No,No,No,Yes,No,No,No,None,126,88,76,31.9,91.7,0.88,180.2
43,Female,Caucasian,26.8,Low,Moderate,Moderate,Never,4.0,Average,Moderate,No,No,No,No,No,No,No,Metformin,121,83,78,32.3,69.9,0.67,134.6
38,Female,South Asian,25.5,Middle,Sedentary,None,Never,9.0,Good,High,Yes,Yes,No,No,No,No,No,Other,140,78,61,32.2,118.1,1.21,240.2
35,Female,South Asian,23.7,High,Moderate,None,Never,4.0,Average,Low,Yes,No,No,No,No,Yes,No,Metformin,103,77,60,32.7,74.2,0.7,129.5
18,Female,Caucasian,20.8,Middle,Moderate,Moderate,Never,6.3,Good,High,Yes,Yes,No,Yes,No,Yes,No,None,91,92,78,31.0,114.1,1.21,239.0
29,Female,Hispanic,19.6,High,Sedentary,Heavy,Never,4.6,Average,Moderate,No,No,No,No,No,No,No,None,139,90,71,32.3,126.4,1.21,238.2
33,Male,African,19.3,Middle,Moderate,None,Former,6.2,Average,Low,No,No,No,Yes,No,No,No,None,113,69,61,31.0,158.8,1.6,322.9
56,Male,African,27.0,Middle,Active,None,Former,6.9,Poor,High,No,Yes,No,No,No,No,No,Insulin,140,83,82,33.1,93.3,0.88,173.6
45,Male,South Asian,22.4,Middle,Sedentary,None,Former,5.2,Average,High,No,No,No,No,No,No,No,None,149,83,76,30.9,116.5,1.2,237.0
18,Female,Caucasian,18.0,Low,Sedentary,Heavy,Current,4.0,Good,Moderate,No,No,No,No,Yes,No,No,Metformin,148,78,75,31.8,86.8,0.85,164.3
45,Female,South Asian,27.2,Middle,Moderate,Moderate,Current,7.3,Average,High,Yes,Yes,No,No,No,No,No,Metformin,90,66,64,32.6,113.6,1.09,214.4
34,Female,Hispanic,24.8,High,Active,Heavy,Current,10.0,Average,High,No,No,No,Yes,Yes,No,No,None,132,60,58,30.7,112.4,1.18,228.2
30,Male,Other,31.7,Middle,Active,None,Never,6.5,Average,Moderate,No,Yes,No,No,No,No,No,Steroids,112,82,69,31.2,98.8,0.99,206.8
49,Female,Caucasian,26.9,Low,Moderate,None,Never,8.4,Average,Moderate,No,No,No,No,No,No,No,None,110,63,75,34.2,99.4,1.12,225.3
55,Male,South Asian,18.0,Middle,Active,Moderate,Never,9.3,Average,Low,No,No,No,Yes,No,No,No,None,126,75,68,32.9,91.0,0.95,182.0
54,Male,South Asian,18.0,Low,Moderate,None,Never,4.1,Average,Low,No,No,No,Yes,No,No,No,None,111,87,64,32.3,117.1,1.13,229.2
27,Female,African,21.4,Low,Sedentary,None,Never,6.3,Good,Moderate,No,No,No,No,Yes,No,No,Metformin,131,84,71,32.6,85.9,0.85,176.6
35,Female,African,21.9,Middle,Moderate,None,Never,5.1,Average,Moderate,No,No,No,Yes,No,No,No,Metformin,140,74,75,30.3,80.2,0.82,169.2
45,Other,Hispanic,29.7,Middle,Sedentary,None,Current,5.8,Good,Moderate,No,No,No,Yes,No,No,No,None,117,89,89,32.6,108.0,1.14,232.7
55,Male,South Asian,25.0,Middle,Sedentary,None,Never,9.6,Average,Moderate,Yes,No,No,No,No,No,No,None,125,85,77,34.0,111.6,1.13,227.2
33,Female,Hispanic,30.7,High,Sedentary,None,Never,7.3,Average,High,No,No,No,No,No,No,No,Steroids,113,75,60,31.5,117.2,1.15,227.7
37,Male,African,18.4,Middle,Sedentary,None,Never,8.2,Good,Moderate,No,Yes,No,No,No,Yes,No,None,127,95,55,33.8,100.7,1.07,209.6
23,Male,South Asian,29.8,Middle,Sedentary,None,Former,6.9,Poor,High,No,Yes,No,No,No,No,No,None,141,85,50,31.5,140.6,1.34,267.5
22,Female,Caucasian,28.6,Low,Sedentary,Moderate,Never,5.2,Average,High,No,No,No,No,No,No,No,Insulin,126,72,78,32.1,89.2,0.94,198.1
52,Female,South Asian,18.0,Low,Sedentary,None,Never,8.0,Average,Moderate,No,No,No,No,No,No,Yes,Insulin,118,60,64,30.7,70.6,0.69,139.0
60,Female,Caucasian,31.6,Middle,Sedentary,None,Current,8.9,Average,Low,No,No,No,No,No,No,No,Insulin,140,82,80,32.4,102.7,1.09,229.8
39,Male,Hispanic,25.5,Middle,Sedentary,None,Former,7.5,Average,Low,No,No,No,No,No,Yes,No,Metformin,114,75,87,32.1,126.5,1.27,259.5
55,Female,Caucasian,27.0,Low,Moderate,None,Former,7.7,Good,Moderate,No,No,No,No,No,No,No,None,114,80,81,31.8,86.7,0.85,166.9
45,Male,Hispanic,20.7,Low,Active,Moderate,Current,5.1,Good,Moderate,No,Yes,No,No,No,Yes,No,Insulin,110,78,73,31.1,99.9,1.0,196.8
30,Female,Caucasian,31.4,Middle,Active,Moderate,Never,8.1,Good,Moderate,No,No,No,Yes,No,No,No,None,96,60,93,32.2,75.6,0.83,165.2
45,Male,South Asian,19.1,Middle,Sedentary,Moderate,Former,9.0,Average,High,No,No,No,No,No,No,No,Other,107,77,70,31.4,96.7,0.9,176.0
63,Male,Caucasian,29.2,Middle,Moderate,None,Never,7.6,Average,Moderate,No,No,No,Yes,No,No,No,Metformin,121,69,66,33.1,100.4,0.99,197.5
39,Female,Caucasian,29.1,Middle,Sedentary,None,Former,4.3,Good,Moderate,No,No,No,No,No,No,No,Metformin,123,75,78,32.3,70.4,0.7,137.9
63,Female,South Asian,20.1,Low,Sedentary,None,Never,9.5,Average,Moderate,No,No,No,No,No,No,No,None,105,74,83,31.5,91.5,0.9,173.9
18,Male,South Asian,34.9,Middle,Moderate,Heavy,Never,5.6,Poor,Moderate,Yes,No,No,Yes,No,No,No,None,112,81,50,33.0,149.0,1.57,315.0
52,Male,Caucasian,26.2,High,Moderate,Moderate,Never,7.6,Poor,Low,No,No,No,No,No,No,No,None,92,83,86,31.6,87.7,0.81,174.1
41,Female,South Asian,28.3,Low,Active,None,Never,8.4,Average,Low,No,No,No,No,No,No,No,None,153,85,59,33.0,81.5,0.86,171.0
36,Male,South Asian,18.0,Middle,Moderate,None,Never,8.6,Good,Low,No,No,No,No,No,No,No,None,142,60,54,32.1,83.5,0.71,142.8
41,Male,Caucasian,35.6,Middle,Sedentary,None,Never,4.3,Average,High,No,No,No,No,No,No,No,None,109,94,72,30.1,126.0,1.27,253.6
18,Male,South Asian,18.9,Middle,Active,None,Former,7.2,Average,Moderate,No,No,No,No,No,No,Yes,None,122,64,64,32.6,123.4,1.18,238.0
37,Male,Other,30.1,Low,Moderate,Moderate,Never,7.1,Good,Moderate,Yes,No,No,No,No,Yes,No,None,107,80,79,31.9,124.4,1.21,241.8
45,Female,South Asian,20.0,High,Active,None,Never,9.2,Average,Moderate,No,Yes,No,No,No,No,No,None,135,72,79,32.6,130.0,1.33,266.0
62,Female,Hispanic,21.9,Middle,Moderate,Moderate,Former,7.7,Average,Moderate,Yes,No,No,Yes,No,Yes,Yes,None,130,83,78,32.2,84.2,0.88,180.9
32,Female,Caucasian,28.9,Middle,Sedentary,None,Former,9.2,Average,Moderate,No,No,No,No,No,No,No,None,100,62,87,32.2,101.2,1.07,212.1
28,Female,African,30.1,Low,Sedentary,None,Never,7.8,Average,High,No,No,No,No,No,No,No,Steroids,105,95,72,32.0,70.1,0.73,141.3
32,Male,South Asian,18.6,Middle,Sedentary,None,Never,6.9,Average,Moderate,No,No,No,No,No,Yes,No,None,119,76,79,34.9,69.7,0.7,149.9
54,Male,Other,30.5,Middle,Sedentary,Moderate,Former,7.3,Good,High,Yes,Yes,No,No,No,No,No,None,141,85,58,32.5,152.2,1.53,305.1
45,Male,Caucasian,30.2,Low,Sedentary,None,Never,9.3,Good,Moderate,No,Yes,No,No,No,No,No,Insulin,114,72,85,30.2,80.7,0.82,167.3
32,Male,Hispanic,20.3,Low,Sedentary,None,Never,5.1,Average,Low,No,No,No,No,No,No,No,None,140,97,70,30.5,83.0,0.75,158.4
48,Male,South Asian,33.0,Middle,Active,Moderate,Never,8.4,Poor,Moderate,No,No,No,No,No,No,No,Metformin,125,66,72,32.4,106.5,1.15,232.0
41,Female,South Asian,18.0,Low,Active,None,Current,6.1,Good,High,No,No,No,Yes,No,No,No,None,108,60,72,31.4,100.0,0.97,195.9
55,Female,African,21.9,Middle,Moderate,None,Never,5.7,Average,High,No,No,Yes,Yes,No,No,No,None,114,94,74,33.1,117.6,1.23,254.0
29,Male,South Asian,27.4,Low,Sedentary,None,Never,8.5,Average,Low,No,No,No,No,No,No,No,Metformin,129,68,71,32.3,96.8,0.98,198.2
35,Female,Caucasian,20.7,Low,Sedentary,Moderate,Current,5.7,Poor,Low,No,No,No,No,Yes,No,No,None,133,79,53,32.4,129.8,1.36,280.2
34,Female,South Asian,26.3,Middle,Moderate,None,Never,7.6,Poor,Moderate,No,No,No,No,No,No,No,Steroids,134,96,87,31.1,99.1,0.9,177.1
18,Female,African,26.2,Low,Sedentary,Moderate,Never,6.3,Average,Low,Yes,No,No,No,No,Yes,No,Steroids,123,76,68,32.6,115.0,1.21,239.0
44,Female,Other,24.1,High,Active,None,Never,4.0,Average,Low,No,No,No,No,No,No,No,None,127,83,71,32.2,143.7,1.44,293.4
44,Female,Caucasian,29.2,Middle,Active,None,Current,7.7,Average,Low,No,No,No,No,No,No,Yes,Steroids,154,88,73,31.1,87.6,0.83,158.8
40,Female,Hispanic,23.9,Middle,Sedentary,Moderate,Current,7.2,Good,Low,No,No,No,No,No,Yes,No,Steroids,156,80,80,31.1,100.3,1.03,200.4
36,Female,Caucasian,26.2,Middle,Moderate,Moderate,Former,4.1,Average,Moderate,No,No,No,No,No,Yes,No,Metformin,121,93,70,33.7,90.6,0.96,205.8
19,Female,Caucasian,30.7,Middle,Sedentary,Moderate,Never,6.0,Average,High,Yes,No,No,Yes,No,No,No,Insulin,93,87,86,32.6,99.5,1.0,199.8
34,Male,Other,29.0,Low,Moderate,None,Never,4.3,Average,Low,No,No,No,No,No,No,Yes,None,122,71,94,31.6,100.9,1.02,216.3
35,Male,Hispanic,28.9,Middle,Sedentary,None,Never,8.1,Average,Moderate,Yes,Yes,No,No,No,No,No,Metformin,122,87,91,31.5,106.9,1.02,206.9
28,Female,Hispanic,19.3,Low,Sedentary,Moderate,Never,9.1,Average,Moderate,Yes,No,No,No,No,No,Yes,None,101,80,78,32.0,126.2,1.18,238.1
38,Male,South Asian,27.6,Middle,Moderate,None,Former,8.3,Average,High,No,Yes,No,Yes,No,No,No,Metformin,122,80,69,32.3,112.3,1.17,224.2
46,Male,Caucasian,20.6,Middle,Moderate,None,Never,8.5,Poor,Moderate,No,No,No,No,No,No,No,Metformin,104,83,69,30.7,73.4,0.69,133.3
68,Female,South Asian,18.6,Middle,Moderate,None,Current,6.2,Good,Low,Yes,No,No,No,Yes,No,Yes,Steroids,126,89,71,31.9,120.9,1.18,233.4
43,Male,Caucasian,24.6,Low,Sedentary,None,Never,7.8,Good,High,No,No,No,No,No,No,No,None,129,70,66,30.0,116.6,1.04,202.6
44,Female,Caucasian,20.5,Low,Moderate,None,Never,7.0,Average,High,No,No,No,No,No,Yes,Yes,None,128,93,79,32.0,70.3,0.73,140.6
39,Female,Hispanic,29.0,Middle,Moderate,Heavy,Former,7.3,Poor,Moderate,No,No,No,No,No,No,Yes,Metformin,135,92,73,33.5,95.7,1.04,205.3
18,Female,Hispanic,29.1,Low,Active,Moderate,Never,8.4,Average,Low,No,No,No,No,No,No,Yes,Steroids,127,74,75,30.7,114.4,1.09,221.0
40,Male,Caucasian,18.0,Middle,Active,Heavy,Current,8.8,Average,Low,No,Yes,No,No,No,No,No,Metformin,132,98,72,31.9,179.7,1.78,359.7
41,Male,South Asian,20.9,Middle,Moderate,Heavy,Never,6.4,Average,Low,No,Yes,No,No,No,No,No,None,139,78,80,31.8,100.0,1.05,204.1
77,Female,Hispanic,18.0,Low,Moderate,None,Former,4.9,Good,Low,Yes,No,No,No,No,Yes,No,None,113,86,78,30.9,98.9,0.98,198.0
37,Female,South Asian,22.7,Low,Moderate,None,Current,6.7,Average,Low,No,No,No,No,No,No,No,None,118,75,71,31.5,116.1,1.22,244.2
45,Other,African,27.3,Middle,Sedentary,None,Never,6.7,Good,Low,Yes,No,No,No,No,No,No,None,115,88,74,30.7,90.4,0.76,152.2
39,Male,South Asian,23.8,Middle,Sedentary,Moderate,Never,7.4,Average,Moderate,No,No,No,No,No,Yes,No,None,109,76,74,31.0,88.0,0.83,170.8
22,Male,South Asian,22.1,Low,Active,None,Never,8.2,Average,Moderate,No,No,No,No,No,No,No,Metformin,116,82,82,32.2,116.8,1.2,231.7
57,Female,Other,31.5,Low,Active,None,Former,4.1,Average,Moderate,Yes,No,No,No,No,No,Yes,None,133,60,67,32.4,84.8,0.87,176.9
51,Male,South Asian,18.0,Low,Moderate,None,Never,6.0,Average,Low,Yes,Yes,No,No,No,No,No,None,131,75,70,31.7,153.3,1.55,318.4
52,Female,Caucasian,31.2,Low,Sedentary,None,Never,5.6,Average,High,No,No,No,No,No,No,No,None,95,74,56,33.3,69.7,0.66,129.1
26,Male,South Asian,22.3,Middle,Sedentary,None,Former,8.9,Poor,Moderate,No,No,No,No,No,No,No,Metformin,146,61,64,32.7,75.3,0.73,152.7
61,Male,Other,24.6,Middle,Sedentary,None,Current,6.7,Average,Low,No,No,No,No,No,No,No,Insulin,133,88,73,34.0,94.7,1.0,196.4
19,Male,Hispanic,22.4,Middle,Sedentary,Moderate,Current,6.2,Average,Low,No,No,No,No,No,No,No,None,123,76,71,31.9,100.7,1.06,213.5
49,Male,South Asian,32.7,Middle,Sedentary,None,Never,7.8,Average,Low,No,No,No,No,No,No,No,Steroids,99,62,55,31.0,82.1,0.79,151.1
73,Female,South Asian,18.8,Low,Active,Heavy,Never,6.1,Poor,Moderate,No,Yes,No,Yes,No,No,No,Insulin,102,86,80,31.8,99.9,1.04,207.3
25,Female,African,25.1,Middle,Sedentary,None,Current,7.0,Good,Low,No,No,Yes,No,No,No,No,None,143,91,66,34.0,92.2,0.89,178.9
32,Male,South Asian,27.6,Middle,Moderate,Heavy,Never,9.7,Average,Low,No,Yes,No,No,No,No,No,Steroids,135,79,59,31.0,99.9,0.95,197.5
41,Female,African,18.0,Middle,Sedentary,None,Former,9.7,Average,Moderate,No,Yes,Yes,Yes,No,No,No,None,137,65,79,32.8,140.7,1.43,285.1
32,Male,South Asian,20.4,Middle,Active,Moderate,Former,6.4,Average,Moderate,Yes,Yes,No,No,No,No,Yes,None,118,61,83,31.0,88.6,0.86,176.7
18,Female,South Asian,24.3,Middle,Active,None,Never,6.7,Average,Moderate,No,No,No,No,No,Yes,No,None,140,68,51,31.6,112.7,1.17,235.1
41,Male,African,20.6,Middle,Sedentary,Moderate,Never,6.1,Good,Moderate,Yes,No,No,Yes,No,No,No,Other,99,72,82,31.5,78.9,0.8,161.5
24,Female,South Asian,20.9,Low,Active,Moderate,Never,4.1,Poor,Low,Yes,No,Yes,No,No,No,Yes,Other,101,97,73,31.1,166.6,1.7,346.2
47,Female,Hispanic,23.3,Middle,Moderate,None,Never,8.6,Good,Moderate,No,No,No,No,Yes,No,No,Metformin,135,78,72,32.8,105.9,1.09,216.8
26,Female,South Asian,28.2,Middle,Sedentary,None,Never,10.0,Average,Moderate,Yes,No,No,Yes,No,No,No,None,106,67,64,33.4,69.0,0.79,157.1
63,Female,South Asian,23.3,High,Moderate,None,Current,6.3,Good,Moderate,No,No,Yes,No,No,No,No,Metformin,119,74,73,32.9,81.2,0.77,153.1
28,Female,Other,30.4,Middle,Sedentary,None,Never,5.8,Good,Moderate,Yes,No,No,No,No,No,No,Insulin,93,91,74,32.0,82.3,0.8,160.8
35,Female,Caucasian,20.0,Middle,Moderate,None,Never,6.6,Average,Low,No,No,No,No,No,Yes,No,None,90,86,98,30.5,174.2,1.72,349.8
52,Female,African,18.7,Middle,Active,Moderate,Never,7.1,Good,Low,No,No,No,Yes,No,No,No,None,105,80,80,32.1,80.1,0.71,140.8
22,Female,South Asian,34.6,Middle,Moderate,None,Never,5.3,Good,Low,No,No,No,No,No,No,No,Insulin,114,78,75,32.6,107.2,1.08,215.9
43,Female,African,21.7,High,Sedentary,Moderate,Never,6.3,Poor,Low,Yes,No,No,Yes,No,No,No,None,106,80,87,31.9,76.6,0.77,159.0
60,Male,African,18.4,Middle,Sedentary,Moderate,Never,8.5,Poor,Low,No,No,No,No,No,No,No,Steroids,129,82,84,33.3,126.6,1.34,259.2
18,Female,South Asian,18.0,Middle,Sedentary,Moderate,Never,7.2,Average,Low,No,No,No,No,No,No,No,Steroids,135,78,60,31.8,78.5,0.72,150.0
43,Male,Hispanic,30.4,Low,Sedentary,None,Never,8.9,Good,Moderate,No,Yes,No,No,No,Yes,No,None,129,81,82,31.4,151.0,1.5,301.6
44,Female,African,23.3,Middle,Sedentary,None,Never,7.5,Average,Low,No,No,No,No,No,Yes,Yes,Metformin,103,77,76,33.0,72.6,0.73,154.2
52,Male,South Asian,23.7,Middle,Sedentary,None,Former,5.4,Poor,High,No,No,No,No,No,No,No,None,128,71,68,32.9,104.3,1.04,213.4
21,Female,Caucasian,24.2,Middle,Moderate,None,Never,6.1,Average,High,Yes,No,No,Yes,No,No,No,None,102,77,65,33.5,99.7,0.95,188.2
20,Male,Caucasian,30.1,Low,Moderate,None,Never,7.4,Poor,Moderate,No,No,No,No,No,No,Yes,Insulin,148,83,74,32.5,76.9,0.75,158.6
48,Male,South Asian,24.1,Middle,Sedentary,Heavy,Current,5.3,Average,Moderate,Yes,No,No,Yes,No,No,No,Insulin,121,73,75,31.2,77.7,0.81,161.5
44,Male,Caucasian,36.7,Low,Sedentary,Moderate,Former,5.1,Average,High,Yes,No,No,No,No,No,No,None,107,84,86,30.0,133.7,1.21,244.7
44,Female,South Asian,25.7,Middle,Sedentary,None,Never,5.2,Average,Moderate,Yes,No,Yes,No,No,No,No,None,121,88,52,30.3,88.7,0.93,180.5
45,Male,Caucasian,30.3,Low,Sedentary,None,Never,7.8,Good,High,No,No,No,No,No,No,No,None,123,83,62,31.4,80.3,0.83,167.8
30,Male,Hispanic,29.0,Middle,Sedentary,None,Former,6.5,Average,High,No,No,No,No,No,No,No,Insulin,131,74,77,33.3,91.2,0.88,170.4
43,Female,Caucasian,24.8,Low,Sedentary,Heavy,Never,8.8,Poor,High,No,No,Yes,No,No,No,No,None,92,81,74,33.2,89.4,0.94,182.7
44,Female,Other,22.1,Low,Moderate,Heavy,Never,5.7,Average,Moderate,No,Yes,No,No,No,No,Yes,Steroids,110,82,76,31.6,116.8,1.23,244.4
29,Male,South Asian,26.7,Middle,Active,None,Never,4.0,Average,Low,No,No,No,Yes,No,No,Yes,None,127,82,70,32.8,80.9,0.96,184.3
68,Male,Caucasian,27.6,Low,Sedentary,None,Current,6.8,Good,Low,No,No,No,No,No,No,No,Steroids,132,95,77,30.6,107.4,1.03,208.8
47,Male,Hispanic,22.1,Middle,Moderate,None,Never,9.5,Average,Moderate,No,No,No,No,No,No,No,None,169,68,59,33.2,99.4,0.98,192.7
22,Female,Caucasian,25.8,High,Sedentary,None,Never,7.1,Good,Moderate,No,No,No,No,No,No,No,None,141,82,96,31.7,69.3,0.64,124.5
50,Male,Caucasian,31.2,High,Active,None,Never,4.9,Good,Low,Yes,No,No,Yes,No,No,Yes,Insulin,110,76,79,32.6,76.7,0.78,149.3
25,Male,South Asian,35.3,Low,Sedentary,Moderate,Never,4.6,Average,Low,No,No,No,No,No,No,No,Insulin,147,68,80,32.5,166.6,1.67,336.8
52,Male,South Asian,29.3,Middle,Sedentary,None,Never,8.8,Good,Moderate,No,No,No,Yes,No,No,No,None,129,67,64,32.5,147.5,1.45,284.6
57,Male,South Asian,34.3,Low,Sedentary,Moderate,Current,5.8,Poor,Moderate,No,Yes,No,Yes,No,No,No,None,140,89,69,30.8,108.2,1.06,209.9
28,Female,Other,21.9,High,Sedentary,None,Never,9.3,Average,Moderate,No,No,No,No,No,No,No,None,127,66,80,31.4,77.7,0.76,148.9
54,Male,South Asian,28.5,Middle,Moderate,Moderate,Current,8.0,Poor,Moderate,No,No,No,Yes,No,No,No,None,142,83,71,33.1,75.5,0.76,152.6
46,Male,Hispanic,31.7,Low,Active,Moderate,Never,5.8,Average,Moderate,No,Yes,No,Yes,No,No,No,Insulin,136,81,78,32.5,76.1,0.74,142.9
52,Male,African,20.5,Middle,Moderate,None,Never,8.8,Average,Low,Yes,No,No,No,No,Yes,No,None,128,71,67,30.9,142.6,1.39,275.9
68,Male,South Asian,22.6,Low,Sedentary,Moderate,Never,5.6,Poor,High,Yes,No,No,Yes,No,No,No,None,113,88,62,32.4,90.1,0.99,196.0
36,Male,Caucasian,33.7,Middle,Moderate,None,Never,4.8,Poor,Low,Yes,Yes,No,No,No,No,No,None,113,68,86,31.0,105.8,1.03,206.9
29,Female,Hispanic,20.1,Middle,Moderate,None,Never,5.7,Average,High,No,No,No,No,No,No,No,None,106,75,66,30.7,136.9,1.38,286.7
27,Female,Hispanic,18.3,Middle,Active,None,Former,8.2,Average,High,No,No,No,No,Yes,No,No,None,119,69,84,31.4,126.2,1.16,234.7
28,Female,South Asian,32.6,Middle,Moderate,None,Never,8.7,Poor,Moderate,No,No,Yes,No,No,No,No,Metformin,137,88,67,31.9,125.1,1.31,253.7
39,Female,South Asian,31.0,High,Moderate,None,Never,6.4,Average,Moderate,Yes,No,No,No,No,No,No,None,129,92,73,30.8,124.3,1.21,242.2
45,Female,South Asian,27.2,High,Moderate,Moderate,Former,4.2,Average,Moderate,No,No,No,No,No,No,No,None,108,82,71,32.9,125.8,1.32,261.2
44,Male,South Asian,24.8,Middle,Moderate,None,Never,4.7,Average,High,No,No,No,No,No,No,No,None,135,105,73,31.3,138.4,1.37,275.6
52,Female,Caucasian,22.8,Middle,Sedentary,None,Never,5.4,Poor,Low,Yes,No,No,No,No,No,No,Metformin,102,84,83,32.0,101.4,1.0,202.8
40,Female,Hispanic,26.4,Middle,Sedentary,Moderate,Never,5.1,Average,Moderate,No,No,No,No,Yes,No,No,Other,125,86,91,32.4,139.2,1.47,288.4
62,Female,South Asian,32.9,Middle,Moderate,Moderate,Never,7.4,Average,Low,No,No,No,No,No,No,No,Steroids,141,90,73,33.8,110.0,1.24,252.6
36,Female,African,26.2,Low,Active,None,Former,9.9,Average,High,No,No,No,No,No,No,No,None,102,73,76,32.6,77.8,0.69,137.4
80,Male,African,35.8,Low,Sedentary,None,Never,8.2,Average,High,No,No,No,Yes,No,No,No,None,123,84,72,31.7,77.2,0.77,155.8
49,Female,South Asian,20.5,Low,Active,None,Current,5.3,Average,Moderate,No,No,No,No,No,Yes,No,None,110,70,76,31.0,112.6,1.16,237.5
27,Female,South Asian,24.9,Middle,Sedentary,None,Current,6.0,Average,Moderate,No,No,No,No,No,No,No,None,144,67,68,30.7,84.7,0.87,177.7
24,Female,African,23.1,Low,Sedentary,Moderate,Never,6.3,Poor,Low,Yes,Yes,No,No,No,No,No,Insulin,154,91,65,31.0,103.8,1.04,211.7
47,Male,Hispanic,19.6,Middle,Sedentary,None,Never,7.6,Average,Moderate,No,No,No,No,No,No,No,Other,128,72,78,31.9,96.5,0.94,190.6
37,Male,African,24.2,Middle,Active,None,Former,9.4,Poor,Moderate,No,No,No,No,No,No,No,None,133,82,77,33.2,79.3,0.81,159.7
51,Male,South Asian,27.1,Middle,Sedentary,Heavy,Current,6.3,Good,Moderate,No,No,No,Yes,No,No,No,None,140,96,86,31.9,148.5,1.49,305.0
47,Female,South Asian,27.6,Middle,Sedentary,Moderate,Never,9.3,Average,Moderate,Yes,No,No,No,No,No,No,Metformin,131,62,75,31.4,130.7,1.29,255.3
39,Male,South Asian,35.9,Low,Sedentary,None,Current,10.0,Good,High,No,No,No,No,No,No,No,Insulin,108,87,75,32.1,81.9,0.82,162.6
27,Male,Caucasian,27.3,Middle,Moderate,Moderate,Current,6.5,Good,Moderate,No,Yes,No,No,No,No,No,Metformin,113,80,80,33.6,114.3,1.18,238.9
18,Other,Hispanic,30.8,High,Active,Moderate,Never,6.4,Good,High,No,No,No,Yes,No,No,No,Metformin,113,79,85,31.2,116.2,1.18,238.6
33,Male,South Asian,25.3,Middle,Sedentary,None,Former,6.5,Poor,Moderate,No,No,No,Yes,No,No,No,None,94,81,73,32.5,69.1,0.77,154.3
53,Female,Hispanic,33.4,Middle,Active,Moderate,Never,7.1,Average,Low,No,No,No,No,No,No,No,Steroids,135,80,50,31.6,87.8,0.9,183.9
43,Male,Caucasian,37.0,Low,Active,None,Never,6.5,Average,Moderate,No,No,No,No,No,No,No,Insulin,101,85,64,32.2,79.5,0.85,169.3
21,Female,African,27.7,Middle,Sedentary,Moderate,Never,8.3,Average,High,No,No,No,No,Yes,No,No,Steroids,132,69,86,32.6,94.1,0.89,175.5
43,Female,Other,20.0,Low,Moderate,Heavy,Never,4.7,Average,Moderate,No,Yes,No,No,No,No,No,None,109,85,92,33.4,115.3,1.22,242.2
46,Female,South Asian,22.3,Middle,Sedentary,None,Former,6.2,Poor,Moderate,No,No,No,No,No,No,No,Metformin,117,69,88,31.9,93.1,1.03,203.3
27,Female,Other,26.4,Low,Sedentary,Moderate,Never,7.5,Good,High,Yes,No,No,No,No,No,No,Insulin,128,101,71,33.1,106.5,1.17,230.7
42,Male,South Asian,27.3,Middle,Moderate,Moderate,Never,8.3,Good,High,No,No,No,No,No,No,No,None,143,79,72,32.4,74.6,0.74,149.9
41,Male,South Asian,28.5,Low,Moderate,Moderate,Current,10.0,Average,High,No,No,No,No,No,No,No,None,133,82,82,30.7,113.9,1.17,246.1
23,Male,Hispanic,27.3,Middle,Sedentary,Moderate,Never,5.1,Average,Moderate,No,No,No,Yes,No,No,No,None,118,98,81,31.8,84.6,0.74,148.9
45,Female,Other,25.0,Low,Sedentary,None,Never,6.0,Good,Moderate,No,No,Yes,No,No,No,No,Metformin,119,72,50,34.3,91.9,0.96,182.8
48,Female,Caucasian,21.8,Middle,Active,Moderate,Never,4.0,Average,High,No,Yes,No,No,No,No,No,None,102,80,75,31.9,112.8,1.13,231.3
56,Male,Caucasian,27.0,Middle,Moderate,Moderate,Never,5.3,Good,Moderate,Yes,No,No,No,No,No,No,None,130,66,74,31.7,100.4,0.91,190.9
56,Female,African,34.3,Low,Sedentary,Moderate,Current,4.3,Good,Moderate,No,Yes,No,No,No,No,No,None,119,70,63,31.7,125.3,1.27,261.7
19,Male,Hispanic,30.1,Low,Sedentary,Moderate,Never,6.2,Average,Moderate,No,No,No,Yes,No,No,No,Steroids,106,66,69,31.5,126.4,1.32,272.1
26,Female,South Asian,27.7,Middle,Sedentary,None,Never,6.7,Average,Moderate,No,No,No,No,No,Yes,No,None,132,88,78,30.6,98.9,0.93,194.2
48,Female,Hispanic,30.1,Low,Sedentary,None,Never,7.7,Good,Low,Yes,No,No,No,No,No,No,None,141,86,73,30.0,86.0,0.77,158.1
48,Male,Caucasian,23.1,Middle,Moderate,Moderate,Never,6.6,Average,Low,No,Yes,No,No,No,No,No,Metformin,117,76,84,31.2,190.4,1.99,401.5
48,Male,Caucasian,22.5,Middle,Moderate,Heavy,Never,7.7,Poor,Moderate,Yes,No,No,Yes,No,No,No,None,112,75,93,31.6,140.4,1.43,281.8
80,Male,Caucasian,21.3,Low,Sedentary,None,Never,7.2,Average,Moderate,No,No,No,No,No,No,No,None,111,90,84,32.6,174.3,1.68,337.9
49,Female,Caucasian,24.4,Low,Moderate,None,Never,5.5,Poor,High,No,No,No,No,No,No,No,None,126,80,79,31.6,72.6,0.76,154.7
57,Female,Other,22.9,Middle,Sedentary,Moderate,Never,4.5,Good,Low,No,Yes,No,Yes,No,No,No,None,102,71,74,32.1,104.7,1.11,217.7
54,Male,Caucasian,31.0,Low,Moderate,Moderate,Never,7.9,Average,Moderate,Yes,Yes,No,Yes,No,No,No,None,121,91,83,30.8,114.9,1.08,212.4
50,Male,Other,22.6,Low,Sedentary,Moderate,Never,9.5,Average,High,Yes,No,No,No,No,No,No,Insulin,114,79,69,30.3,189.2,1.89,367.2
35,Male,South Asian,21.0,Low,Sedentary,None,Never,10.0,Good,Moderate,Yes,Yes,No,No,No,No,No,None,128,87,70,32.3,157.3,1.51,293.8
51,Female,African,34.7,Low,Sedentary,Moderate,Former,8.4,Average,Moderate,No,Yes,No,No,No,Yes,No,Insulin,129,81,63,32.7,96.9,0.96,189.6
28,Female,Hispanic,22.7,Low,Moderate,Moderate,Former,9.2,Average,High,No,No,No,No,No,No,No,None,103,101,59,33.0,78.0,0.72,146.5
36,Male,African,25.8,High,Sedentary,Moderate,Never,7.7,Poor,Moderate,No,No,No,No,No,No,No,None,130,78,88,33.2,101.4,1.09,214.3
33,Female,African,27.3,Middle,Sedentary,Moderate,Current,7.5,Average,Moderate,No,No,No,No,No,No,No,Metformin,127,60,78,33.3,113.1,1.18,233.2
41,Female,Caucasian,19.3,Middle,Sedentary,None,Current,7.2,Poor,High,Yes,No,No,No,No,No,Yes,None,117,78,80,32.7,90.3,0.93,192.6
75,Male,Hispanic,31.2,Low,Sedentary,Heavy,Never,6.8,Average,Low,No,No,No,No,No,No,No,Other,114,83,74,31.4,88.3,0.9,176.5
18,Male,Hispanic,28.2,Low,Sedentary,Moderate,Former,7.9,Average,Moderate,Yes,No,No,No,No,No,No,Steroids,114,85,94,32.3,97.4,1.03,199.9
50,Female,South Asian,32.8,Middle,Moderate,None,Never,6.2,Poor,High,No,No,No,No,No,No,No,Insulin,117,88,93,31.7,144.7,1.46,289.3
18,Female,Hispanic,21.6,Middle,Sedentary,Heavy,Current,6.8,Average,Moderate,No,No,No,No,No,No,No,None,106,74,75,31.8,108.9,1.12,217.8
33,Male,Caucasian,25.5,Low,Moderate,Heavy,Never,5.2,Average,High,Yes,Yes,No,Yes,No,No,No,None,110,96,75,32.4,100.1,1.08,217.4
56,Male,South Asian,25.2,Middle,Active,Moderate,Current,7.7,Average,Low,Yes,No,No,No,No,No,No,None,123,90,73,33.3,208.7,2.0,409.6
41,Male,Hispanic,26.3,Middle,Moderate,None,Never,5.6,Average,Moderate,No,No,No,No,No,Yes,No,None,111,81,64,32.8,79.3,0.75,162.1
24,Female,Caucasian,18.0,Middle,Moderate,None,Never,7.1,Good,Moderate,No,No,No,No,No,No,No,None,133,73,71,32.0,74.3,0.82,161.2
29,Male,Hispanic,25.6,Low,Moderate,None,Former,7.8,Poor,Moderate,No,No,No,No,No,Yes,No,Steroids,118,99,72,32.1,100.0,0.92,169.8
50,Male,South Asian,18.0,Middle,Active,None,Former,7.9,Average,Low,No,No,No,Yes,No,No,No,Other,113,87,53,32.4,117.1,1.19,238.4
29,Female,South Asian,26.8,Middle,Sedentary,None,Former,8.2,Good,Low,No,No,No,No,No,No,No,Metformin,125,75,52,33.2,99.4,1.0,201.3
43,Female,Caucasian,18.0,High,Active,None,Current,6.7,Poor,High,Yes,No,No,No,No,No,No,Metformin,114,94,74,33.9,86.5,0.89,177.1
41,Male,South Asian,18.0,Middle,Active,None,Former,7.7,Average,High,Yes,Yes,No,No,No,No,No,None,108,82,83,32.1,113.6,1.1,213.8
30,Male,Hispanic,29.1,Low,Sedentary,Heavy,Former,6.3,Average,Moderate,No,No,No,No,No,No,Yes,None,115,95,67,31.8,106.1,1.06,210.9
72,Female,South Asian,22.3,Middle,Sedentary,None,Never,4.0,Poor,Moderate,Yes,Yes,No,Yes,Yes,No,No,None,90,72,92,32.2,193.8,1.94,381.4
50,Male,Caucasian,20.1,Middle,Active,None,Never,7.8,Average,Moderate,No,No,No,No,No,No,No,None,90,78,72,33.0,99.2,1.06,211.4
18,Male,South Asian,31.4,Middle,Moderate,None,Never,7.4,Good,High,No,No,No,No,No,No,No,None,106,94,67,32.5,114.0,1.13,223.2
43,Female,South Asian,26.6,Middle,Sedentary,None,Former,8.5,Average,Moderate,No,No,No,No,No,No,No,None,102,73,61,31.5,111.8,1.11,216.8
30,Male,Hispanic,29.4,High,Moderate,Moderate,Never,7.0,Average,High,No,No,No,Yes,No,No,No,None,130,77,76,32.0,137.1,1.34,269.5
53,Female,South Asian,24.2,Low,Sedentary,None,Never,4.6,Good,High,No,Yes,No,No,Yes,No,No,None,139,60,55,32.0,109.8,0.99,193.0
28,Female,African,38.4,Low,Sedentary,Moderate,Never,6.9,Good,Moderate,Yes,Yes,No,No,No,No,No,Insulin,125,84,68,31.4,100.6,0.98,189.0
38,Male,Other,22.0,Middle,Moderate,Moderate,Current,8.3,Average,Low,No,No,No,No,No,No,No,Steroids,92,92,75,31.3,121.9,1.13,226.6
48,Male,African,33.7,Low,Moderate,None,Never,7.7,Average,Moderate,No,No,No,No,No,Yes,No,None,99,71,61,30.8,107.3,1.06,210.3
53,Female,Hispanic,24.7,Low,Active,None,Never,6.8,Average,High,No,No,No,No,No,No,No,Other,125,84,70,31.9,85.3,0.83,166.1
22,Female,South Asian,18.0,Middle,Sedentary,None,Never,4.5,Average,Moderate,Yes,No,No,No,No,No,No,None,117,75,75,33.1,88.0,0.91,179.7
35,Female,South Asian,27.4,Middle,Active,None,Never,5.5,Average,High,No,No,No,Yes,No,No,No,None,92,65,63,33.0,85.0,0.83,173.5
33,Female,Hispanic,26.6,Low,Sedentary,None,Never,7.7,Average,High,No,No,No,No,No,No,No,None,107,77,82,32.0,136.1,1.4,277.3
30,Male,African,19.7,Middle,Moderate,Moderate,Never,4.5,Average,Moderate,No,No,No,No,No,No,No,Other,104,74,84,33.8,96.8,0.97,197.6
66,Female,African,20.4,Low,Sedentary,None,Never,6.5,Average,Moderate,Yes,No,No,No,No,No,No,Metformin,142,81,65,31.9,147.5,1.42,282.5
46,Male,African,24.9,Low,Sedentary,None,Current,7.1,Good,Moderate,No,No,No,No,No,No,No,None,131,77,73,31.7,122.3,1.23,244.7
21,Male,Caucasian,26.7,Low,Active,None,Former,8.7,Good,Low,Yes,Yes,No,No,No,No,No,Metformin,116,93,74,30.0,70.7,0.68,134.3
54,Male,South Asian,18.0,Low,Sedentary,Moderate,Never,7.9,Average,Moderate,No,No,No,Yes,No,No,No,Steroids,123,74,78,32.2,93.8,0.94,187.7
72,Male,Hispanic,30.3,Middle,Active,None,Former,8.4,Average,Low,No,Yes,No,Yes,No,No,No,None,122,79,72,31.1,112.7,1.08,218.5
55,Female,African,22.5,Middle,Sedentary,None,Former,7.5,Poor,High,No,No,No,No,No,No,Yes,Insulin,121,82,68,33.5,78.7,0.86,173.6
18,Male,Caucasian,18.3,Middle,Sedentary,Moderate,Former,5.7,Average,High,Yes,No,No,No,No,No,No,None,147,79,64,30.8,88.8,0.77,153.0
33,Male,Hispanic,29.7,Low,Sedentary,None,Never,6.1,Average,Low,No,No,No,Yes,No,No,No,None,141,75,83,33.3,174.6,1.83,368.7
59,Male,South Asian,24.9,Middle,Moderate,None,Never,5.6,Average,Moderate,Yes,No,No,No,No,Yes,No,None,143,81,69,32.2,94.9,1.04,203.0
29,Female,South Asian,31.1,Low,Sedentary,None,Former,7.9,Good,Moderate,No,Yes,No,Yes,Yes,No,No,None,125,85,67,30.9,125.7,1.21,234.7
47,Female,Hispanic,27.2,Low,Moderate,Heavy,Never,6.0,Poor,Moderate,Yes,No,No,No,No,No,No,Insulin,115,89,85,30.3,86.7,0.83,156.3
52,Male,Hispanic,25.0,Middle,Moderate,None,Never,6.4,Average,Moderate,Yes,No,No,Yes,No,No,No,Steroids,101,60,76,32.4,80.6,0.79,148.4
26,Male,Caucasian,24.2,Middle,Sedentary,None,Never,7.0,Average,Low,No,No,No,No,No,No,No,None,105,85,65,31.1,95.7,0.89,177.2
39,Male,South Asian,27.4,Low,Sedentary,Heavy,Former,9.5,Average,Low,No,No,No,Yes,No,No,No,Insulin,135,73,73,30.0,115.8,1.12,219.1
18,Female,South Asian,22.9,Low,Sedentary,None,Never,8.0,Average,Low,No,Yes,No,No,No,No,Yes,None,101,92,65,34.0,154.3,1.51,299.5
25,Female,African,20.7,High,Active,Moderate,Never,5.8,Average,High,No,No,No,No,No,Yes,No,Other,117,89,63,32.9,93.4,0.91,185.0
36,Female,South Asian,28.0,Middle,Sedentary,None,Current,7.2,Good,Moderate,Yes,No,No,Yes,No,Yes,No,None,99,89,70,30.9,87.1,0.84,168.1
21,Female,Hispanic,24.3,High,Sedentary,None,Current,9.5,Poor,High,No,No,No,No,No,No,No,None,119,74,73,30.2,87.8,0.9,179.1
64,Male,Other,25.2,High,Sedentary,Moderate,Never,7.9,Average,Moderate,No,No,No,Yes,No,Yes,No,None,104,66,69,33.2,79.8,0.72,144.9
19,Female,Hispanic,30.4,Middle,Moderate,Heavy,Never,4.6,Good,Moderate,No,Yes,Yes,No,No,No,No,None,130,93,80,30.6,106.2,1.01,192.2
33,Female,South Asian,24.4,Low,Moderate,None,Former,5.6,Average,Moderate,Yes,No,Yes,No,No,No,No,None,116,92,82,32.1,73.0,0.72,148.7
42,Male,Hispanic,25.1,Middle,Active,Moderate,Never,5.5,Average,Moderate,Yes,No,No,Yes,No,No,No,None,108,60,68,32.4,79.0,0.78,153.8
62,Male,South Asian,22.0,Low,Active,Moderate,Former,9.2,Average,Low,Yes,No,No,Yes,No,No,No,Other,106,94,73,31.5,99.3,1.04,212.0
18,Female,South Asian,27.2,Low,Sedentary,None,Former,8.9,Poor,Low,No,No,Yes,No,No,No,No,None,122,84,70,31.0,111.2,1.12,224.8
57,Female,South Asian,26.7,Middle,Sedentary,Moderate,Never,6.1,Good,Low,No,No,No,No,No,Yes,Yes,None,121,81,65,30.1,81.4,0.83,167.1
40,Male,South Asian,29.5,Middle,Moderate,None,Never,6.0,Poor,High,No,Yes,No,No,No,No,No,None,112,72,77,32.5,220.4,2.0,399.2
25,Female,Other,22.1,Low,Active,None,Never,7.1,Good,Moderate,No,Yes,No,No,No,Yes,No,None,115,90,56,34.4,71.4,0.75,158.6
47,Female,South Asian,22.7,Middle,Sedentary,None,Former,7.1,Poor,Low,No,Yes,Yes,No,No,No,No,None,113,75,65,30.9,125.7,1.2,237.3
43,Male,South Asian,29.0,Middle,Sedentary,Moderate,Never,5.6,Poor,Low,Yes,No,No,No,No,No,No,None,90,75,63,31.0,90.6,0.89,175.5
31,Male,Other,26.3,Low,Active,None,Never,6.6,Average,Moderate,Yes,No,No,No,No,No,No,Metformin,119,60,66,32.8,79.3,0.77,160.2
41,Male,South Asian,20.5,Low,Sedentary,Moderate,Never,4.8,Average,Moderate,No,No,No,No,No,No,No,None,97,73,64,30.0,153.2,1.44,278.7
34,Female,Hispanic,31.5,Low,Sedentary,None,Never,8.9,Good,Moderate,No,No,No,No,No,No,No,None,107,70,59,31.2,89.6,0.92,171.0
42,Male,South Asian,18.0,Low,Active,None,Never,4.4,Good,High,No,Yes,No,No,No,No,No,None,125,60,72,32.2,113.0,1.06,215.8
50,Male,South Asian,28.9,Middle,Active,Moderate,Never,4.3,Average,Moderate,No,No,No,No,No,No,No,None,116,96,71,31.2,100.6,0.95,192.1
64,Female,Other,18.7,Middle,Sedentary,Moderate,Former,7.7,Poor,Low,No,No,No,No,No,No,Yes,None,143,79,75,32.5,83.9,0.85,167.7
21,Female,South Asian,34.4,Middle,Sedentary,None,Never,5.1,Average,Low,No,No,No,No,Yes,Yes,No,None,108,66,77,32.4,141.6,1.4,283.1
72,Male,Caucasian,18.0,Low,Sedentary,None,Never,6.2,Good,Moderate,No,No,No,No,No,No,No,None,114,70,79,32.1,95.8,1.01,199.0
18,Male,South Asian,30.8,Low,Active,Heavy,Current,7.1,Average,Moderate,Yes,No,No,No,No,Yes,No,Steroids,122,74,67,31.2,80.5,0.84,165.8
38,Male,South Asian,24.6,Low,Active,None,Former,8.0,Poor,Moderate,No,No,No,No,No,No,No,Metformin,119,74,76,31.6,86.6,0.82,168.5
49,Female,South Asian,23.2,Low,Moderate,Moderate,Former,6.7,Average,Moderate,No,Yes,No,Yes,No,No,No,None,136,88,72,32.1,100.1,0.99,198.9
44,Female,South Asian,25.9,Low,Sedentary,Moderate,Never,9.7,Average,Moderate,No,No,No,No,No,Yes,Yes,None,130,77,74,32.2,91.3,0.89,180.7
31,Male,South Asian,28.2,Middle,Sedentary,Moderate,Never,7.0,Average,Moderate,Yes,No,No,No,No,No,No,Metformin,141,81,70,33.4,89.6,0.9,182.1
37,Female,Hispanic,20.5,Low,Moderate,Heavy,Never,8.8,Good,Low,No,No,No,No,No,No,No,None,96,77,67,32.7,80.7,0.77,156.5
33,Female,Caucasian,20.9,Middle,Sedentary,Moderate,Current,7.4,Average,Moderate,No,No,No,Yes,No,No,No,Other,132,92,73,31.6,114.9,1.03,212.3
31,Female,South Asian,28.2,Middle,Moderate,None,Current,10.0,Good,Moderate,Yes,Yes,No,Yes,No,Yes,No,Insulin,105,94,70,32.6,74.8,0.79,152.7
53,Female,Caucasian,18.0,Middle,Moderate,None,Current,8.6,Poor,High,No,No,No,Yes,No,Yes,No,None,127,79,78,32.6,69.0,0.73,132.1
45,Male,Other,22.1,Low,Sedentary,None,Never,7.1,Average,Low,Yes,No,No,Yes,No,No,No,None,116,71,84,31.3,79.4,0.77,155.0
30,Male,Other,40.0,Middle,Active,None,Current,7.9,Average,Moderate,No,No,No,No,No,No,No,None,110,79,66,32.6,83.1,0.78,154.7
53,Female,African,20.2,High,Sedentary,Heavy,Current,6.6,Good,Moderate,No,No,No,No,No,Yes,No,None,138,60,70,31.8,116.6,1.15,230.2
45,Female,Hispanic,30.7,Low,Moderate,None,Never,6.6,Average,Moderate,No,No,No,Yes,Yes,No,No,None,95,83,98,32.3,153.0,1.52,306.8
52,Female,South Asian,22.1,Middle,Sedentary,Moderate,Never,5.0,Good,Moderate,No,No,No,No,Yes,Yes,No,None,147,66,57,33.0,111.3,1.14,233.9
49,Male,South Asian,27.5,Middle,Moderate,Moderate,Never,5.8,Good,High,No,No,No,No,No,No,No,None,129,78,59,33.0,90.8,0.89,197.7
28,Female,African,28.3,Middle,Moderate,Moderate,Never,10.0,Average,Low,No,No,Yes,Yes,No,No,No,Other,123,85,86,31.1,100.4,1.02,205.7
32,Female,African,30.6,Low,Sedentary,None,Never,5.2,Good,Moderate,No,No,No,No,No,No,No,None,118,74,94,30.9,69.8,0.65,133.1
51,Male,Caucasian,24.0,Middle,Sedentary,Moderate,Current,6.0,Average,Moderate,No,No,No,Yes,No,No,No,Metformin,114,76,90,33.8,85.7,1.01,204.6
49,Male,Caucasian,34.9,Middle,Sedentary,None,Current,6.9,Good,High,Yes,Yes,No,No,No,No,Yes,Steroids,127,83,78,33.8,133.3,1.39,273.8
40,Female,Other,22.1,Middle,Sedentary,Moderate,Current,6.9,Good,Low,Yes,No,No,Yes,No,No,No,None,99,74,71,32.7,92.1,1.01,207.0
42,Female,Hispanic,26.2,High,Moderate,None,Never,7.6,Good,Moderate,No,No,No,Yes,No,No,No,Insulin,90,89,72,31.7,80.2,0.76,150.2
59,Male,Caucasian,26.2,Middle,Sedentary,Heavy,Never,6.3,Average,Low,No,No,No,No,No,No,No,None,121,88,79,31.7,98.9,1.0,204.1
31,Female,African,19.4,Low,Sedentary,None,Former,7.7,Good,High,No,Yes,No,No,No,No,No,Insulin,109,86,84,31.0,111.5,1.13,218.5
48,Male,South Asian,23.6,Middle,Sedentary,None,Never,8.7,Average,Moderate,No,No,No,Yes,No,Yes,No,Metformin,106,74,80,32.2,97.8,1.04,209.2
37,Male,South Asian,25.8,Middle,Moderate,None,Never,8.9,Average,Low,Yes,No,No,No,No,No,No,None,96,86,55,31.9,108.9,1.09,217.9
37,Female,South Asian,22.8,Low,Moderate,Moderate,Former,6.6,Average,Moderate,Yes,No,No,No,No,No,No,None,138,73,63,31.9,76.7,0.78,156.5
56,Female,Caucasian,37.2,Low,Sedentary,Moderate,Never,7.9,Good,Moderate,No,No,No,No,No,No,No,None,147,79,78,30.8,210.0,2.0,397.0
52,Female,South Asian,20.8,High,Moderate,None,Never,5.3,Average,Low,No,No,No,No,No,No,No,Metformin,119,60,61,33.0,83.6,0.84,165.1
52,Female,Hispanic,30.9,Middle,Active,None,Never,5.9,Average,High,No,No,No,No,No,No,Yes,Metformin,118,92,56,32.4,99.0,0.9,181.6
60,Male,South Asian,29.3,Low,Sedentary,None,Current,5.2,Average,Low,Yes,No,No,No,No,No,No,None,126,97,84,32.5,77.6,0.7,145.1
40,Female,Caucasian,24.9,Low,Moderate,None,Never,6.9,Good,Moderate,No,No,No,No,Yes,No,No,None,125,82,78,30.2,118.2,1.12,223.0
50,Male,South Asian,20.7,Middle,Sedentary,None,Never,5.7,Average,Moderate,Yes,No,No,Yes,No,No,No,None,112,64,90,30.5,86.4,0.78,161.7
35,Male,South Asian,21.2,Middle,Sedentary,None,Current,4.7,Good,High,Yes,No,No,No,No,No,No,None,138,78,85,30.9,99.7,0.97,191.7
45,Male,Hispanic,22.4,Low,Moderate,Moderate,Never,6.4,Poor,Low,Yes,No,No,No,No,No,No,None,137,81,69,32.8,70.4,0.73,134.9
38,Male,African,18.0,Middle,Sedentary,None,Never,4.4,Good,Moderate,No,No,No,No,No,No,No,None,131,80,77,31.5,126.0,1.26,253.0
41,Male,Other,20.0,Low,Active,Heavy,Never,9.0,Average,Low,No,No,No,No,No,No,No,None,147,105,67,31.0,78.5,0.83,163.1
49,Male,Other,18.0,Low,Sedentary,None,Never,6.2,Average,High,Yes,No,No,No,No,No,No,Insulin,132,78,59,32.7,110.7,1.18,235.3
28,Male,South Asian,31.7,Middle,Sedentary,Moderate,Never,8.5,Average,Low,Yes,No,No,No,No,No,No,None,110,74,87,31.7,126.6,1.29,250.1
71,Male,South Asian,28.1,Low,Moderate,Moderate,Current,6.3,Poor,Moderate,No,No,No,No,No,No,No,None,121,82,73,32.4,127.8,1.42,286.4
25,Female,Hispanic,28.9,Middle,Moderate,None,Never,5.2,Average,Moderate,No,No,No,No,No,No,No,None,134,79,88,31.0,126.8,1.31,258.8
22,Male,Other,27.9,Low,Moderate,None,Former,8.8,Good,Low,Yes,No,No,No,No,No,No,None,104,73,76,32.0,69.5,0.7,137.1
57,Male,African,25.8,Middle,Sedentary,None,Never,7.1,Good,Low,No,Yes,No,No,No,Yes,No,None,116,62,78,33.3,112.2,1.15,240.8
52,Female,Hispanic,32.3,Low,Active,None,Never,9.8,Average,Low,No,No,No,No,No,No,No,None,96,87,81,33.2,70.1,0.77,147.6
49,Female,Hispanic,21.9,Low,Active,None,Never,6.3,Good,High,No,No,No,No,Yes,Yes,Yes,None,150,71,73,31.2,114.4,1.07,211.3
49,Female,South Asian,25.5,Middle,Sedentary,None,Never,6.3,Good,Moderate,No,No,No,No,No,No,No,Metformin,126,70,73,31.7,100.1,0.98,196.4
40,Male,Caucasian,28.7,Middle,Moderate,None,Never,8.5,Average,High,Yes,No,No,No,No,No,No,None,129,72,77,32.8,109.2,1.12,239.7
27,Female,Hispanic,18.4,Middle,Moderate,None,Never,8.5,Average,Low,No,No,No,No,No,No,No,None,97,65,87,32.1,81.7,0.77,155.2
41,Male,African,40.0,Middle,Sedentary,None,Never,7.2,Average,Low,Yes,No,No,No,No,No,No,Insulin,137,87,80,32.4,92.4,0.95,193.9
30,Male,South Asian,25.1,Middle,Sedentary,None,Former,10.0,Poor,High,No,No,No,Yes,No,No,No,None,125,85,75,33.4,136.9,1.37,278.6
55,Male,South Asian,25.7,Middle,Sedentary,None,Never,6.6,Good,Moderate,Yes,No,No,No,No,No,No,Metformin,93,82,71,32.2,85.3,0.84,163.9
38,Female,South Asian,31.3,Middle,Active,Moderate,Never,5.1,Poor,Moderate,Yes,No,No,No,Yes,No,No,Other,127,87,74,31.4,153.8,1.51,309.6
28,Male,South Asian,29.6,Middle,Sedentary,Moderate,Former,5.5,Average,High,No,No,No,No,No,No,No,Metformin,105,84,66,33.3,76.3,0.8,167.9
35,Male,Other,25.2,Middle,Moderate,Heavy,Never,6.6,Good,High,No,No,No,No,No,No,No,None,121,86,65,31.2,76.7,0.74,154.1
46,Male,South Asian,25.7,High,Sedentary,None,Current,9.3,Good,Low,No,No,No,No,No,No,No,None,131,98,73,32.0,156.3,1.52,315.6
32,Female,South Asian,18.0,Low,Moderate,None,Former,6.7,Poor,Low,Yes,Yes,No,No,No,No,No,Insulin,123,90,75,31.4,104.8,1.01,194.0
28,Female,South Asian,22.2,Middle,Sedentary,None,Current,9.3,Average,Low,Yes,No,No,No,No,Yes,No,None,92,82,82,30.8,126.0,1.22,243.5
44,Male,African,27.6,Low,Moderate,None,Never,7.7,Average,High,Yes,No,No,No,No,No,No,None,124,71,64,31.9,107.5,1.1,226.7
44,Female,Caucasian,27.2,Low,Sedentary,Moderate,Current,8.6,Good,Moderate,Yes,No,No,No,No,No,No,None,133,64,75,32.1,84.8,0.9,175.9
32,Female,South Asian,31.1,Middle,Active,None,Former,7.6,Good,Moderate,No,No,No,No,Yes,No,Yes,None,117,62,79,31.7,107.4,1.01,205.7
33,Female,South Asian,24.4,Middle,Active,Moderate,Former,7.6,Poor,High,No,No,No,No,No,No,No,Metformin,128,89,65,33.0,74.9,0.7,133.7
43,Male,South Asian,18.1,Middle,Moderate,Moderate,Current,8.1,Average,Moderate,No,No,No,No,No,No,No,Steroids,128,74,70,31.2,101.0,1.02,206.9
18,Female,Caucasian,30.3,Middle,Sedentary,Heavy,Never,6.1,Poor,Low,No,No,No,No,No,No,No,Steroids,90,81,83,32.4,99.3,0.97,193.0
19,Male,South Asian,32.2,Low,Sedentary,None,Current,6.2,Good,Moderate,No,No,No,No,No,No,No,Insulin,139,70,74,30.8,98.0,0.98,202.8
29,Female,Other,29.5,Middle,Active,None,Never,7.5,Poor,Low,No,Yes,No,No,No,Yes,Yes,Insulin,112,102,55,34.4,107.4,1.19,233.2
37,Male,Caucasian,24.2,High,Sedentary,None,Never,9.9,Good,Moderate,No,Yes,No,No,No,No,No,Metformin,109,62,83,31.3,110.1,1.09,217.9
45,Male,South Asian,30.2,Low,Sedentary,None,Never,4.7,Poor,Low,No,No,No,No,No,Yes,No,None,110,81,76,30.4,212.4,2.0,399.6
62,Male,African,40.0,Low,Moderate,Heavy,Never,4.0,Good,Low,No,No,No,Yes,No,No,No,Other,138,76,59,31.8,149.2,1.47,296.5
53,Female,South Asian,25.6,Middle,Sedentary,None,Never,6.6,Average,High,No,Yes,No,No,No,No,No,None,142,80,66,32.2,158.5,1.53,302.6
38,Male,African,18.4,Middle,Sedentary,None,Current,8.5,Average,High,No,No,No,No,No,No,No,None,127,77,74,32.9,120.9,1.2,243.1
40,Female,South Asian,22.1,Middle,Moderate,None,Former,7.1,Average,High,Yes,No,No,No,No,No,No,None,113,71,78,33.1,83.7,0.75,156.3
25,Male,Caucasian,28.1,Middle,Sedentary,None,Former,5.2,Average,Low,Yes,Yes,No,Yes,No,No,No,None,164,69,85,32.6,100.7,1.07,210.9
40,Female,Hispanic,18.0,Middle,Sedentary,None,Former,7.1,Average,High,No,No,No,Yes,Yes,No,No,None,120,100,66,32.8,114.0,1.15,234.4
36,Female,Other,25.8,Low,Moderate,None,Never,4.4,Poor,Moderate,No,No,Yes,Yes,No,No,No,Other,110,77,70,33.1,99.8,0.9,184.4
45,Female,South Asian,26.9,Middle,Sedentary,Moderate,Never,7.9,Poor,High,No,No,No,Yes,No,Yes,Yes,None,135,83,84,32.2,168.0,1.64,332.2
28,Female,South Asian,32.7,Low,Moderate,Heavy,Never,6.5,Average,High,No,No,No,No,No,No,No,Other,118,64,85,31.2,100.3,1.04,208.6
48,Female,Caucasian,31.6,Low,Sedentary,None,Never,6.9,Average,High,No,No,No,Yes,No,No,No,Steroids,151,60,72,32.1,84.5,0.86,175.8
63,Male,Other,29.3,Middle,Moderate,None,Former,7.6,Good,Low,Yes,No,No,Yes,No,No,No,Other,107,73,70,31.3,115.1,1.15,230.5
38,Female,Other,18.0,Middle,Sedentary,None,Current,7.3,Good,Moderate,No,No,No,No,No,No,No,Metformin,117,89,80,33.0,82.0,0.82,174.3
46,Male,South Asian,29.6,Middle,Sedentary,Moderate,Never,6.2,Poor,Moderate,No,No,No,No,No,No,Yes,Steroids,143,80,54,33.2,77.2,0.72,141.4
50,Female,South Asian,28.5,Middle,Sedentary,None,Never,8.6,Average,Low,No,No,No,No,No,No,No,None,127,75,75,33.3,76.0,0.82,177.5
34,Female,Caucasian,26.3,Low,Sedentary,Heavy,Never,8.2,Good,Moderate,No,No,No,No,No,No,No,Other,116,84,75,30.8,154.9,1.54,311.3
43,Male,South Asian,18.0,Low,Active,None,Never,4.3,Average,Low,No,No,No,No,No,No,No,None,106,74,70,33.1,124.6,1.17,238.6
40,Male,South Asian,21.1,Low,Sedentary,None,Never,6.7,Poor,High,Yes,Yes,No,Yes,No,No,No,None,103,94,80,31.4,100.8,0.96,185.9
41,Male,South Asian,19.2,Middle,Moderate,None,Never,5.4,Average,High,Yes,Yes,No,Yes,No,No,No,Other,101,94,86,32.4,190.5,1.97,389.0
28,Female,African,18.0,Middle,Active,Heavy,Never,5.1,Average,Moderate,No,No,No,Yes,No,No,No,None,135,74,65,32.8,169.0,1.7,332.8
40,Female,Other,25.0,High,Moderate,None,Current,7.8,Poor,Moderate,Yes,No,No,No,Yes,No,No,None,132,72,68,30.6,85.3,0.89,172.9
47,Female,Other,21.0,Low,Sedentary,None,Never,6.4,Good,Low,No,No,Yes,Yes,No,No,No,Insulin,128,79,82,32.9,85.2,0.79,158.6
62,Female,South Asian,38.1,Middle,Sedentary,None,Former,6.8,Average,Moderate,No,No,No,No,No,No,No,None,103,84,60,30.5,79.0,0.68,142.1
54,Female,Caucasian,24.2,Middle,Active,None,Former,6.0,Good,Low,No,No,No,No,No,Yes,No,None,116,77,70,31.8,100.4,1.07,218.8
72,Male,Hispanic,31.5,Middle,Moderate,None,Never,7.6,Good,Moderate,No,No,No,Yes,No,Yes,No,Steroids,125,90,97,33.0,88.0,0.9,182.5
28,Male,South Asian,18.0,Middle,Moderate,Moderate,Current,8.0,Good,High,No,No,No,No,No,No,Yes,None,139,83,77,33.3,135.8,1.35,260.6
53,Female,African,22.3,Middle,Sedentary,Heavy,Never,10.0,Average,Moderate,No,No,No,Yes,No,No,No,Steroids,125,91,72,32.8,80.0,0.76,150.9
43,Female,Caucasian,25.5,Low,Active,Heavy,Never,6.7,Average,Moderate,Yes,No,No,Yes,No,No,No,None,122,69,58,31.4,99.4,1.04,212.7
73,Female,South Asian,20.5,Low,Moderate,None,Never,4.8,Average,Low,Yes,Yes,No,Yes,No,No,No,None,106,74,51,31.4,126.4,1.3,272.4
28,Male,Caucasian,22.9,Low,Sedentary,None,Former,6.2,Average,Low,No,No,No,Yes,No,No,No,Metformin,134,85,86,31.9,182.0,1.75,351.1
27,Male,South Asian,23.9,Low,Moderate,None,Never,8.3,Good,Moderate,Yes,No,No,No,No,No,No,Metformin,116,81,63,32.1,114.0,1.19,236.0
31,Male,African,23.8,Low,Sedentary,None,Never,5.8,Poor,Low,Yes,No,No,No,No,No,No,None,99,78,75,32.9,145.0,1.43,294.0
18,Male,South Asian,34.3,Low,Sedentary,Moderate,Never,4.8,Good,Moderate,No,Yes,No,Yes,No,No,No,None,107,75,88,31.9,117.8,1.22,240.5
32,Male,South Asian,26.9,Low,Active,None,Never,5.9,Average,Moderate,No,Yes,No,Yes,No,Yes,No,Metformin,130,81,70,31.5,127.5,1.21,238.4
29,Female,South Asian,27.4,Middle,Sedentary,Moderate,Former,6.2,Good,Moderate,No,No,Yes,No,No,No,No,None,131,94,70,31.6,112.9,1.06,210.5
42,Male,Hispanic,27.7,Middle,Moderate,Moderate,Current,5.4,Average,Moderate,Yes,No,No,No,No,No,No,Steroids,90,60,82,33.1,111.4,1.14,230.2
45,Female,Caucasian,28.1,Middle,Sedentary,None,Never,7.3,Average,Moderate,Yes,No,No,No,No,No,No,None,119,78,89,32.1,145.8,1.48,305.9
68,Male,Caucasian,24.6,Low,Sedentary,Moderate,Never,6.9,Good,Moderate,No,No,No,Yes,No,No,No,None,101,79,83,33.5,80.4,0.78,158.1
54,Female,Caucasian,23.4,Low,Sedentary,None,Current,8.2,Poor,Low,No,No,No,Yes,No,No,No,Other,126,69,90,33.0,79.5,0.83,160.4
31,Male,Caucasian,25.8,Low,Active,None,Former,6.3,Poor,Low,Yes,No,No,Yes,No,No,No,None,129,78,52,31.5,70.5,0.74,147.6
27,Male,South Asian,30.8,High,Sedentary,None,Former,7.8,Average,High,Yes,Yes,No,No,No,No,Yes,None,104,64,79,31.6,114.1,1.18,242.2
47,Male,African,30.6,Middle,Sedentary,Heavy,Never,6.3,Average,Moderate,No,Yes,No,No,No,No,No,Metformin,120,74,88,31.9,176.4,1.82,363.3
20,Female,South Asian,23.8,Low,Moderate,None,Never,5.3,Poor,Moderate,No,No,Yes,No,No,No,No,Metformin,133,77,80,31.9,83.4,0.76,155.0
67,Female,South Asian,28.8,Middle,Sedentary,Moderate,Current,6.2,Poor,Moderate,Yes,No,No,Yes,No,No,No,Insulin,135,80,74,33.2,76.6,0.76,151.8
58,Male,African,24.0,Low,Sedentary,Moderate,Never,4.6,Poor,Low,No,No,No,No,No,No,Yes,None,107,99,63,31.5,80.7,0.76,151.7
33,Male,South Asian,25.2,Middle,Sedentary,Moderate,Former,9.7,Good,Low,Yes,No,No,No,No,No,No,Steroids,136,72,68,32.1,125.9,1.21,237.7
18,Female,South Asian,22.6,Low,Sedentary,Moderate,Former,7.2,Average,Moderate,No,Yes,Yes,No,No,No,Yes,None,124,67,90,32.3,102.7,0.98,192.1
60,Male,Caucasian,24.1,Low,Sedentary,None,Never,5.8,Good,Moderate,No,No,No,Yes,No,No,No,None,113,90,75,32.7,85.3,0.84,172.4
38,Male,Caucasian,31.7,Middle,Sedentary,Moderate,Former,6.4,Average,Moderate,No,No,No,No,No,No,Yes,None,119,60,69,32.5,120.1,1.31,263.2
59,Female,African,25.5,Middle,Sedentary,None,Never,4.0,Good,Low,No,Yes,No,Yes,No,No,No,None,132,74,59,32.4,104.5,1.12,218.8
18,Female,African,25.7,Middle,Moderate,None,Former,9.2,Average,Low,Yes,No,No,No,No,Yes,No,Metformin,132,77,80,31.5,106.3,0.97,192.4
31,Male,African,18.0,Middle,Sedentary,None,Current,9.0,Average,Moderate,No,No,No,No,No,No,No,None,134,71,67,31.6,116.4,1.22,239.1
40,Male,African,23.5,Low,Active,None,Current,7.2,Average,Moderate,Yes,Yes,No,No,No,No,No,Metformin,110,79,75,32.2,105.8,1.12,217.8
41,Female,South Asian,23.8,Middle,Moderate,Heavy,Current,7.5,Poor,High,No,No,No,Yes,No,No,Yes,None,123,74,92,31.8,77.2,0.73,147.8
33,Male,South Asian,20.9,High,Sedentary,None,Never,5.1,Good,Low,No,No,No,No,No,Yes,No,None,116,63,83,31.1,79.5,0.74,141.1
49,Male,Caucasian,25.1,Middle,Active,None,Former,5.2,Good,High,Yes,No,No,Yes,No,No,No,None,123,86,88,31.6,112.2,1.13,212.6
24,Female,South Asian,22.9,Middle,Sedentary,None,Former,4.5,Average,High,No,No,No,Yes,No,No,No,Steroids,112,87,76,32.2,125.6,1.2,243.1
38,Female,Other,25.4,Middle,Sedentary,None,Never,6.8,Good,Moderate,No,No,No,Yes,No,No,No,None,144,70,82,33.2,94.0,0.89,178.4
42,Male,Hispanic,25.6,Middle,Sedentary,None,Never,8.6,Average,Moderate,Yes,Yes,No,No,No,No,No,Metformin,120,75,88,31.1,117.2,1.16,234.6
48,Other,South Asian,20.2,Middle,Moderate,None,Never,6.4,Average,High,No,No,No,No,No,No,No,None,118,99,67,30.9,94.5,1.0,202.5
51,Female,South Asian,23.0,Middle,Sedentary,Heavy,Never,7.5,Good,Low,No,No,No,No,No,No,No,Steroids,127,84,75,32.8,79.7,0.81,153.1
23,Male,South Asian,25.4,Middle,Sedentary,None,Current,8.5,Average,Moderate,No,Yes,No,No,No,No,Yes,Insulin,137,80,68,31.6,125.2,1.29,242.3
18,Other,South Asian,30.9,Middle,Sedentary,None,Never,4.6,Average,Low,Yes,Yes,No,Yes,No,No,No,None,121,96,69,31.2,100.5,0.92,192.1
59,Male,South Asian,26.3,Middle,Moderate,None,Never,9.8,Average,Moderate,No,No,No,Yes,No,Yes,No,Metformin,115,64,74,32.0,74.9,0.73,144.2
45,Male,Caucasian,21.7,Low,Sedentary,None,Never,8.7,Average,Low,Yes,No,No,No,No,No,No,None,133,60,65,31.1,94.3,0.94,191.5
29,Female,Hispanic,27.0,Low,Sedentary,Heavy,Current,7.8,Poor,High,Yes,No,No,Yes,No,No,No,Steroids,146,82,71,34.2,99.9,1.09,208.6
63,Male,African,33.5,High,Sedentary,None,Current,8.4,Poor,Moderate,No,No,No,Yes,No,No,No,Steroids,141,88,82,31.2,116.6,1.14,225.1
42,Male,South Asian,29.6,Low,Active,None,Never,8.5,Good,High,Yes,No,No,No,No,No,No,None,105,63,74,32.2,124.9,1.25,249.0
58,Male,South Asian,27.7,Middle,Sedentary,None,Former,7.4,Average,Low,No,No,No,Yes,No,No,No,None,132,67,67,32.5,153.8,1.44,283.7
41,Male,Caucasian,28.6,Middle,Sedentary,Moderate,Never,9.1,Poor,Moderate,Yes,No,No,No,No,No,No,None,119,88,83,32.9,73.9,0.74,146.9
71,Female,Hispanic,32.2,Middle,Active,None,Never,6.3,Good,Moderate,No,No,Yes,No,No,No,No,None,139,68,66,30.9,103.6,1.02,194.4
66,Female,Hispanic,30.4,High,Sedentary,None,Former,7.7,Average,Moderate,No,No,No,No,No,Yes,No,None,148,77,64,32.5,112.4,1.05,208.7
36,Other,Other,27.8,Middle,Moderate,None,Never,9.0,Poor,High,No,No,No,Yes,No,No,No,None,90,82,87,30.4,99.5,0.94,189.4
55,Male,Caucasian,30.3,Middle,Active,Heavy,Never,4.0,Good,Moderate,No,No,No,Yes,No,No,No,Steroids,120,90,83,32.3,171.4,1.78,357.6
50,Male,African,19.6,Low,Active,Moderate,Never,7.7,Good,Low,No,No,No,No,No,Yes,No,Insulin,113,77,72,31.9,79.7,0.82,169.4
61,Male,South Asian,18.0,Middle,Sedentary,None,Never,8.1,Poor,High,No,No,No,No,No,No,No,None,109,85,94,32.8,104.6,1.1,214.8
26,Male,Caucasian,25.8,Middle,Sedentary,Moderate,Never,4.4,Good,Moderate,No,No,No,No,No,Yes,No,None,106,68,69,32.3,141.9,1.43,274.9
50,Male,South Asian,25.3,Low,Sedentary,None,Never,7.4,Good,Low,Yes,No,No,Yes,No,No,No,Insulin,113,86,82,31.9,113.4,1.09,221.7
56,Female,Caucasian,22.3,Middle,Active,None,Former,5.8,Average,Moderate,No,No,No,Yes,Yes,No,No,Steroids,116,71,59,32.0,87.9,0.75,158.6
18,Female,African,29.1,Middle,Active,None,Never,7.6,Average,Moderate,No,No,No,No,No,No,No,Metformin,115,66,65,30.5,92.7,0.9,178.1
22,Female,South Asian,18.0,Middle,Sedentary,Moderate,Never,6.9,Average,Moderate,No,No,No,No,No,No,No,None,90,101,85,31.2,80.2,0.89,174.5
18,Male,South Asian,22.3,Low,Moderate,None,Never,5.6,Poor,Moderate,No,No,No,Yes,No,No,No,Metformin,122,98,89,33.5,74.9,0.71,142.8
36,Female,South Asian,22.6,Middle,Active,Moderate,Current,8.7,Average,Moderate,No,No,No,No,No,No,No,None,136,81,73,32.2,110.7,1.14,229.6
51,Male,South Asian,18.0,Low,Sedentary,None,Former,6.4,Good,Low,No,No,No,No,No,No,No,None,112,95,98,32.7,97.3,1.04,209.8
63,Male,South Asian,32.5,Middle,Sedentary,Moderate,Current,7.4,Average,Moderate,Yes,No,No,No,No,No,No,None,95,77,88,31.4,101.7,1.01,203.6
41,Female,South Asian,18.2,Middle,Sedentary,None,Never,9.0,Poor,Moderate,No,No,No,Yes,No,Yes,No,Other,121,79,68,32.9,102.6,1.05,202.6
64,Female,South Asian,22.1,Middle,Sedentary,None,Former,5.6,Average,Moderate,Yes,No,No,No,No,No,No,None,136,78,71,31.7,70.3,0.66,134.0
19,Male,South Asian,29.5,Middle,Active,None,Never,7.0,Average,Low,No,No,No,Yes,No,No,No,Metformin,122,71,61,30.6,99.1,0.88,179.1
18,Male,Other,28.2,Low,Active,None,Former,6.3,Average,Moderate,Yes,No,No,No,No,Yes,No,None,109,60,71,31.9,88.0,0.78,152.5
39,Male,South Asian,19.5,Low,Sedentary,None,Never,6.6,Poor,High,Yes,No,No,Yes,No,No,No,None,104,77,77,33.3,107.7,1.18,236.6
46,Female,South Asian,28.4,Low,Sedentary,None,Former,10.0,Average,High,No,No,No,No,Yes,No,No,None,131,93,75,30.0,165.9,1.63,334.4
40,Male,Caucasian,26.4,Middle,Sedentary,Heavy,Never,7.7,Good,Moderate,No,No,No,No,No,No,No,Steroids,117,83,75,32.7,70.5,0.69,136.3
18,Female,Hispanic,36.7,Middle,Moderate,None,Never,7.5,Poor,Low,No,No,No,No,No,No,No,None,112,88,85,32.2,165.3,1.66,330.8
39,Male,African,27.0,Low,Moderate,None,Former,7.8,Average,Moderate,No,No,No,No,No,No,No,None,111,84,77,34.6,112.3,1.16,231.0
20,Male,South Asian,24.3,Low,Moderate,None,Current,7.6,Average,Low,No,Yes,No,No,No,No,Yes,None,123,72,82,34.3,182.1,1.77,348.7
50,Male,Caucasian,20.7,Middle,Moderate,None,Never,4.3,Good,Moderate,Yes,Yes,No,Yes,No,No,No,Steroids,122,82,79,30.2,101.2,0.96,186.3
45,Female,African,21.3,Middle,Sedentary,None,Current,10.0,Average,Moderate,Yes,No,No,No,No,No,No,None,121,77,78,33.4,161.9,1.62,334.4
26,Male,African,20.9,Low,Sedentary,Moderate,Never,4.8,Average,Moderate,No,No,No,Yes,No,No,No,None,106,69,84,31.6,111.2,1.1,216.8
32,Female,African,31.9,Low,Active,None,Former,9.6,Good,Low,Yes,No,No,No,No,No,No,None,105,89,83,31.8,89.2,0.9,181.2
24,Female,Hispanic,25.1,Low,Sedentary,Moderate,Current,7.9,Average,Moderate,No,No,No,No,No,Yes,No,None,110,67,64,31.4,70.4,0.72,138.4
39,Female,Hispanic,27.8,Low,Moderate,None,Never,7.3,Poor,High,No,No,No,No,No,No,No,Insulin,124,73,93,31.3,76.3,0.65,135.0
54,Female,Caucasian,32.6,Low,Sedentary,Heavy,Never,6.5,Average,Moderate,No,No,No,No,No,No,Yes,None,128,102,76,33.3,114.1,1.18,240.4
25,Female,Caucasian,18.0,Low,Moderate,None,Never,10.0,Average,Moderate,No,No,No,No,Yes,No,No,Steroids,142,87,65,30.0,69.7,0.63,118.5
48,Female,African,31.4,Middle,Moderate,None,Never,7.9,Average,Low,No,Yes,No,No,No,No,No,None,107,82,74,31.3,100.6,1.07,205.7
32,Female,Hispanic,25.3,Middle,Moderate,None,Former,7.0,Poor,Moderate,Yes,No,No,Yes,No,No,No,Insulin,131,60,78,32.7,113.8,1.25,247.9
28,Male,South Asian,27.2,Low,Active,Heavy,Former,6.2,Average,Moderate,No,No,No,No,No,No,No,Insulin,94,79,81,30.0,70.3,0.57,114.9
38,Male,Other,20.9,Middle,Sedentary,Moderate,Current,6.0,Good,Moderate,No,No,No,No,No,No,No,None,125,68,85,31.8,92.6,0.99,194.7
24,Male,South Asian,21.2,Middle,Moderate,None,Never,7.1,Poor,Moderate,No,No,No,Yes,No,No,No,None,97,79,83,30.8,108.9,1.03,203.5
32,Male,Caucasian,27.4,High,Sedentary,None,Never,5.6,Average,Moderate,Yes,No,No,No,No,No,No,None,102,78,93,32.2,178.0,1.82,356.6
22,Male,Hispanic,36.9,Low,Moderate,Heavy,Never,8.0,Good,Moderate,No,No,No,No,No,No,No,None,131,71,76,32.0,119.4,1.24,252.1
69,Female,South Asian,30.0,Middle,Sedentary,None,Current,6.0,Poor,Low,No,No,No,Yes,No,No,No,None,122,92,73,32.9,122.0,1.21,237.4
41,Male,Caucasian,31.3,Middle,Active,None,Never,8.5,Average,Low,Yes,Yes,No,No,No,Yes,No,None,115,90,60,30.0,203.4,2.0,404.1
30,Male,South Asian,24.0,Low,Sedentary,Moderate,Current,8.5,Average,High,No,No,No,Yes,No,No,No,None,99,69,85,32.4,81.1,0.8,167.5
43,Female,South Asian,22.0,High,Sedentary,Moderate,Never,6.9,Average,Moderate,No,No,No,No,No,No,No,None,126,96,81,31.3,89.0,0.79,156.0
38,Male,South Asian,21.1,Middle,Sedentary,Moderate,Former,7.9,Good,Low,Yes,No,No,No,No,No,No,None,121,69,69,33.5,153.9,1.61,316.8
37,Male,South Asian,22.6,Middle,Active,Heavy,Never,7.9,Good,High,No,Yes,No,No,No,No,No,None,131,97,77,31.6,111.1,1.07,214.4
49,Male,South Asian,18.0,Low,Sedentary,None,Current,4.8,Good,Low,Yes,Yes,No,No,No,No,No,Other,94,78,75,31.2,106.4,1.01,204.7
51,Male,Other,21.4,Low,Sedentary,None,Never,9.6,Average,Moderate,Yes,No,No,No,No,No,No,None,129,76,77,31.5,89.9,0.9,180.2
32,Male,Other,22.2,Middle,Sedentary,Moderate,Former,6.6,Good,Low,No,Yes,No,Yes,No,No,No,None,112,95,72,32.6,102.1,1.05,214.6
31,Female,South Asian,24.1,Low,Sedentary,Moderate,Former,8.0,Average,High,No,No,No,Yes,Yes,No,No,None,124,78,76,32.7,103.7,1.08,219.4
36,Female,African,25.7,Middle,Sedentary,Moderate,Never,8.1,Average,Moderate,Yes,Yes,No,Yes,Yes,No,No,None,119,91,60,32.0,114.0,1.15,225.9
18,Male,South Asian,26.8,Low,Moderate,Heavy,Never,4.0,Poor,Moderate,No,No,No,No,No,No,Yes,Metformin,107,67,71,31.0,79.3,0.67,136.9
18,Male,South Asian,24.9,Middle,Sedentary,None,Current,6.0,Good,Moderate,No,Yes,No,Yes,No,No,Yes,Metformin,114,80,78,30.8,101.5,0.94,188.5
61,Male,South Asian,22.1,Middle,Moderate,None,Never,8.3,Average,Low,No,No,No,No,No,No,Yes,None,107,85,68,32.7,102.0,1.01,195.7
65,Female,Other,18.0,Low,Sedentary,None,Current,7.1,Good,Moderate,No,Yes,No,No,No,Yes,No,Metformin,112,92,79,32.5,114.9,1.17,238.2
36,Male,Other,22.1,Middle,Sedentary,Moderate,Former,8.0,Poor,Moderate,No,Yes,No,Yes,No,No,No,Insulin,106,87,96,32.4,106.0,1.18,238.1
49,Male,South Asian,20.1,Middle,Moderate,None,Never,7.1,Good,High,No,No,No,Yes,No,No,No,None,126,80,63,33.6,83.6,0.87,182.3
45,Female,South Asian,27.3,Low,Sedentary,Moderate,Never,8.8,Poor,High,No,Yes,No,No,No,No,No,Metformin,107,85,57,31.2,120.4,1.2,244.4
80,Male,South Asian,29.5,Low,Sedentary,None,Former,7.2,Poor,High,Yes,Yes,No,Yes,No,Yes,Yes,Metformin,128,73,87,34.0,123.8,1.26,251.4
57,Male,Caucasian,29.7,Low,Sedentary,None,Former,9.1,Good,Moderate,No,Yes,No,Yes,No,No,No,None,169,86,96,32.3,121.9,1.27,259.6
38,Male,Caucasian,28.8,Low,Sedentary,None,Current,5.5,Poor,Moderate,No,Yes,No,No,No,No,No,Insulin,116,85,79,31.5,70.6,0.71,143.9
26,Female,South Asian,24.3,High,Moderate,Moderate,Never,6.8,Average,Moderate,No,No,No,Yes,No,No,No,Metformin,96,72,75,31.9,95.3,0.94,193.2
18,Female,Hispanic,22.4,Middle,Moderate,None,Current,6.1,Good,Moderate,Yes,No,No,No,No,Yes,No,Insulin,152,81,69,30.8,126.5,1.2,237.4
43,Female,South Asian,21.3,Low,Moderate,Moderate,Never,7.6,Good,Moderate,No,No,No,No,No,Yes,No,None,125,88,80,31.0,97.8,0.92,175.7
29,Male,Other,18.0,Low,Sedentary,None,Current,6.6,Average,High,Yes,No,No,No,No,No,No,None,118,104,75,31.9,78.1,0.79,151.2
19,Female,African,30.0,Low,Sedentary,None,Never,6.7,Average,High,Yes,Yes,No,No,No,No,No,Other,114,92,83,32.8,141.5,1.45,294.5
30,Female,Caucasian,24.1,Middle,Sedentary,None,Never,5.9,Average,Low,No,No,No,No,No,No,No,None,104,82,58,31.3,79.1,0.8,164.4
24,Female,Hispanic,18.8,Low,Moderate,Moderate,Never,6.3,Poor,Moderate,No,Yes,No,No,No,No,No,Steroids,115,83,78,34.1,125.6,1.39,287.0
65,Male,Hispanic,20.9,Middle,Sedentary,None,Never,7.0,Average,Moderate,Yes,No,No,No,No,No,No,Metformin,108,79,67,32.0,85.1,0.82,164.7
53,Female,South Asian,20.7,Low,Sedentary,Heavy,Current,4.0,Average,Moderate,Yes,Yes,No,No,No,No,No,None,108,81,84,31.4,100.4,1.02,207.3
40,Male,South Asian,25.2,Middle,Moderate,None,Never,4.0,Average,Moderate,Yes,No,No,No,No,No,No,None,129,88,64,30.7,169.6,1.75,343.0
62,Male,Other,30.3,Low,Sedentary,None,Never,7.1,Average,High,No,No,No,Yes,No,No,No,None,135,88,81,31.5,105.2,1.06,206.6
41,Female,South Asian,23.3,Middle,Active,None,Never,4.0,Average,Moderate,No,No,No,No,No,Yes,No,None,117,79,69,33.4,108.0,1.15,225.0
27,Male,South Asian,18.0,Middle,Sedentary,None,Never,6.7,Average,Low,No,No,No,No,No,No,No,Steroids,128,69,71,33.7,118.8,1.19,233.1
63,Female,Caucasian,24.1,Middle,Moderate,None,Never,6.4,Average,Moderate,No,No,No,Yes,No,No,No,Metformin,151,78,83,32.6,84.9,0.84,168.6
48,Male,Hispanic,24.2,Middle,Sedentary,None,Never,7.8,Average,High,No,Yes,No,No,No,No,No,None,107,72,67,32.1,103.1,0.99,202.0
24,Female,Hispanic,23.9,Middle,Active,Moderate,Never,6.0,Poor,High,Yes,No,No,No,No,No,No,Metformin,95,68,60,30.6,107.7,1.08,223.5
37,Female,Other,21.9,Middle,Sedentary,None,Never,9.4,Good,Low,Yes,No,No,No,No,No,No,Other,132,86,76,30.0,83.7,0.74,149.2
27,Female,Caucasian,26.1,Middle,Sedentary,None,Never,8.3,Good,Moderate,No,No,No,No,No,No,No,Metformin,109,83,68,32.2,94.2,0.9,180.7
19,Male,South Asian,25.3,High,Sedentary,None,Never,4.7,Average,Low,No,No,No,Yes,No,No,No,None,112,71,61,31.6,117.3,1.15,229.1
54,Male,Caucasian,24.9,Middle,Active,None,Former,6.6,Poor,Moderate,Yes,No,No,Yes,No,No,No,Metformin,122,77,79,31.5,87.3,0.85,171.7
69,Female,Hispanic,27.1,High,Active,None,Former,9.3,Good,Moderate,No,No,No,No,No,No,No,Insulin,139,83,78,32.4,87.6,0.9,175.4
19,Male,South Asian,22.9,Low,Sedentary,Heavy,Former,6.0,Good,Moderate,Yes,No,No,No,No,No,No,Metformin,122,83,76,30.7,126.1,1.2,246.2
48,Female,South Asian,22.6,Middle,Moderate,Moderate,Current,6.9,Poor,Low,No,No,No,No,No,No,No,None,90,84,80,33.5,95.4,1.02,204.1
30,Female,South Asian,31.9,High,Moderate,Moderate,Current,9.1,Poor,Moderate,Yes,No,No,No,No,No,No,None,125,72,55,33.9,126.6,1.25,244.6
33,Male,Caucasian,27.8,Low,Sedentary,None,Never,6.2,Poor,High,No,Yes,No,No,No,No,No,None,123,84,67,32.7,183.3,1.79,351.4
31,Male,Hispanic,29.1,High,Sedentary,None,Never,8.7,Average,Moderate,No,No,No,Yes,No,No,No,None,107,80,78,31.7,99.3,0.95,190.3
27,Male,African,31.1,Low,Active,None,Current,5.6,Good,Low,No,Yes,No,Yes,No,Yes,Yes,None,94,88,85,31.4,100.2,1.0,199.3
41,Female,Other,27.6,High,Sedentary,None,Former,4.0,Good,Low,No,No,No,No,Yes,No,No,None,114,91,77,31.7,87.6,0.87,168.9
28,Male,South Asian,29.6,Middle,Sedentary,None,Never,8.8,Average,Low,No,No,No,No,No,No,No,None,90,110,87,32.3,113.5,1.23,242.5
44,Male,Other,18.0,Low,Sedentary,None,Never,7.7,Good,Low,No,No,No,No,No,Yes,No,Other,93,93,68,33.0,73.8,0.81,157.8
39,Male,Hispanic,26.0,Middle,Sedentary,Moderate,Current,7.8,Average,High,Yes,Yes,No,Yes,No,Yes,No,None,100,81,69,32.5,115.3,1.19,240.4
36,Female,South Asian,24.1,Low,Moderate,Heavy,Current,5.4,Average,Moderate,No,No,No,Yes,No,No,No,Metformin,101,80,71,33.3,79.2,0.83,163.4
26,Male,Other,33.4,Low,Sedentary,None,Never,5.5,Average,Low,Yes,No,No,Yes,No,No,Yes,None,133,71,74,32.6,94.8,0.97,203.6
31,Male,South Asian,29.6,Low,Sedentary,Moderate,Current,8.7,Average,Low,No,No,No,No,No,No,No,Steroids,118,71,57,33.0,144.8,1.49,300.6
51,Female,Hispanic,21.8,Middle,Sedentary,Moderate,Current,7.4,Average,High,No,No,No,Yes,No,No,No,None,125,83,75,32.0,91.0,0.89,176.5
48,Female,Hispanic,26.9,High,Sedentary,None,Never,6.8,Average,Moderate,No,Yes,No,Yes,No,No,No,None,123,83,75,30.9,125.1,1.28,247.2
25,Female,Hispanic,25.8,Low,Sedentary,Heavy,Current,7.3,Good,Moderate,Yes,No,No,No,No,No,No,Insulin,97,107,69,33.3,158.5,1.61,320.3
41,Male,Caucasian,27.3,Middle,Active,None,Current,9.3,Average,Moderate,Yes,No,No,No,No,No,No,Steroids,112,73,67,34.2,83.3,0.81,162.8
51,Male,South Asian,19.9,Low,Sedentary,Moderate,Never,8.1,Poor,Low,No,Yes,No,Yes,No,No,No,Steroids,117,72,78,32.3,110.7,1.03,198.0
18,Female,Caucasian,26.8,Middle,Moderate,None,Former,6.3,Poor,High,No,No,No,No,No,No,No,Other,118,83,81,31.5,79.6,0.7,137.4
48,Male,South Asian,23.9,Low,Sedentary,None,Never,4.9,Average,Low,No,No,No,No,No,No,No,None,127,75,76,32.5,109.3,1.14,230.8
30,Female,Hispanic,26.4,Low,Sedentary,None,Former,7.9,Average,Moderate,No,Yes,No,No,No,No,No,None,134,84,76,31.6,153.5,1.61,316.8
49,Female,Hispanic,21.4,Low,Sedentary,Moderate,Current,5.6,Average,Low,No,No,Yes,No,No,No,No,None,126,75,75,32.0,126.3,1.3,258.0
29,Male,Other,22.1,Middle,Moderate,None,Never,5.2,Poor,Moderate,No,Yes,No,Yes,No,No,No,None,146,77,75,32.1,100.1,0.94,182.0
18,Female,South Asian,30.9,Middle,Active,None,Never,9.0,Good,High,No,No,No,No,Yes,Yes,No,Steroids,127,84,82,31.2,83.2,0.82,158.4
18,Female,Hispanic,19.7,Middle,Sedentary,None,Current,8.3,Good,Moderate,Yes,No,Yes,Yes,No,No,No,Metformin,112,74,91,31.3,113.9,1.19,228.8
41,Male,Other,20.1,Low,Sedentary,None,Current,7.6,Average,Moderate,No,Yes,No,No,No,No,No,Steroids,139,76,90,31.9,99.9,0.96,198.6
44,Female,Hispanic,24.7,Middle,Moderate,Moderate,Never,5.1,Average,Moderate,Yes,No,No,No,No,No,No,None,102,85,64,31.8,98.4,0.93,186.7
26,Male,South Asian,21.1,Middle,Sedentary,Moderate,Current,9.7,Poor,Low,No,No,No,No,No,No,No,Insulin,128,80,54,32.6,100.1,1.01,202.5
50,Male,South Asian,20.6,Low,Moderate,Moderate,Never,8.5,Average,High,No,No,No,No,No,No,No,None,118,74,80,32.3,69.2,0.63,130.4
18,Male,South Asian,25.5,Low,Sedentary,Moderate,Never,6.5,Good,Moderate,No,No,No,No,No,No,No,Steroids,107,75,75,32.6,179.9,1.82,364.0
39,Female,African,18.0,Low,Moderate,Heavy,Former,6.2,Average,Moderate,No,No,No,No,No,No,No,None,123,90,74,31.9,73.3,0.77,138.7
22,Female,African,20.0,Middle,Moderate,Moderate,Former,7.1,Poor,Moderate,Yes,No,Yes,No,No,No,No,None,116,83,79,31.2,82.8,0.85,173.3
30,Female,Other,35.3,Middle,Sedentary,Heavy,Former,6.3,Good,Low,Yes,No,No,No,No,Yes,No,None,92,76,73,31.0,77.4,0.77,162.0
41,Male,South Asian,27.3,Middle,Moderate,None,Never,10.0,Average,Moderate,Yes,Yes,No,No,No,No,No,Metformin,123,89,59,33.0,100.4,1.03,202.3
27,Female,South Asian,21.3,Low,Sedentary,None,Never,6.4,Average,Moderate,Yes,Yes,No,No,No,No,Yes,None,105,84,64,31.5,83.2,0.86,182.4
34,Male,African,27.1,Low,Sedentary,Heavy,Current,5.4,Average,Moderate,Yes,Yes,No,No,No,No,No,Insulin,122,94,64,31.4,103.5,0.99,205.4
55,Female,Hispanic,27.8,High,Sedentary,Moderate,Never,9.4,Poor,High,Yes,Yes,No,No,No,No,Yes,None,118,89,82,33.3,109.5,1.07,218.2
31,Male,Other,30.0,Low,Sedentary,Moderate,Never,6.1,Average,Low,Yes,Yes,No,No,No,No,No,Metformin,126,92,94,31.6,140.9,1.47,290.7
53,Male,Hispanic,24.4,High,Sedentary,None,Current,8.2,Average,Low,Yes,Yes,No,No,No,No,No,None,90,77,70,30.0,150.4,1.41,282.8
23,Male,Caucasian,29.9,Middle,Active,Moderate,Former,8.0,Good,Moderate,No,Yes,No,No,No,No,No,Metformin,105,71,101,32.2,95.2,1.05,206.8
48,Female,African,18.0,Low,Moderate,Moderate,Never,6.9,Poor,Low,No,No,No,No,No,No,No,Metformin,122,88,56,31.5,76.1,0.7,139.7
62,Male,Hispanic,19.7,Middle,Sedentary,None,Never,5.5,Average,Moderate,No,Yes,No,No,No,No,No,None,163,88,70,31.3,110.0,1.04,206.6
18,Female,Caucasian,25.8,High,Active,None,Current,6.9,Good,Moderate,No,Yes,No,No,No,No,Yes,None,122,79,77,31.9,107.4,1.21,245.6
28,Male,South Asian,26.6,Middle,Sedentary,None,Current,5.2,Average,Low,No,No,No,No,No,No,No,None,113,70,50,30.0,85.9,0.81,161.7
49,Male,South Asian,20.4,Middle,Moderate,Heavy,Never,7.0,Good,Low,Yes,No,No,Yes,No,No,No,None,133,83,90,30.1,83.4,0.76,151.7
37,Male,South Asian,26.3,Low,Sedentary,Moderate,Never,8.2,Poor,Low,Yes,No,No,No,No,No,No,None,111,84,68,31.5,76.2,0.8,163.8
46,Female,African,21.9,Middle,Moderate,Heavy,Never,9.6,Poor,Low,No,No,No,No,No,No,No,Metformin,126,66,75,32.6,89.8,0.84,175.2
31,Female,South Asian,23.6,Middle,Moderate,None,Current,5.4,Average,Low,Yes,No,No,No,No,No,No,None,121,84,79,31.7,153.2,1.51,296.5
41,Male,South Asian,30.1,High,Moderate,Heavy,Never,6.6,Good,Low,No,No,No,Yes,No,No,No,None,136,92,59,31.7,114.4,1.18,232.7
38,Male,South Asian,29.5,Middle,Sedentary,None,Former,6.2,Poor,Moderate,No,No,No,No,No,No,No,Metformin,130,67,99,32.0,117.0,1.11,224.8
58,Male,Caucasian,20.0,Middle,Sedentary,None,Never,7.4,Average,Moderate,No,No,No,Yes,No,Yes,Yes,None,113,85,76,32.9,89.8,0.93,186.4
44,Female,South Asian,19.7,Low,Sedentary,None,Never,4.7,Poor,Low,No,Yes,No,Yes,Yes,Yes,No,None,97,93,72,32.0,119.4,1.17,241.4
45,Male,African,22.9,Low,Sedentary,Heavy,Current,5.6,Average,Moderate,No,No,No,No,No,No,No,None,104,94,64,31.9,72.2,0.74,144.1
34,Female,South Asian,24.9,Low,Sedentary,None,Never,4.5,Average,Low,No,No,No,No,No,No,No,Insulin,124,61,77,31.4,126.2,1.37,277.0
33,Female,South Asian,21.7,Low,Moderate,None,Current,4.8,Average,Moderate,No,No,No,No,No,No,No,None,119,91,59,31.6,103.7,1.05,200.9
34,Male,Caucasian,30.2,Low,Active,None,Never,6.0,Average,Moderate,No,No,No,No,No,No,No,None,120,77,76,32.2,97.6,0.98,196.3
46,Male,South Asian,26.7,Low,Sedentary,None,Never,9.5,Average,Moderate,Yes,No,No,No,No,No,No,None,124,76,89,33.3,176.6,1.7,342.4
34,Female,South Asian,27.0,High,Sedentary,Moderate,Never,7.5,Good,Low,Yes,Yes,No,No,No,No,No,None,108,105,87,32.2,99.7,0.88,170.4
44,Female,South Asian,18.7,Middle,Active,None,Never,7.1,Poor,Moderate,No,No,No,No,No,No,Yes,None,118,82,69,31.2,75.7,0.67,141.9
71,Male,Hispanic,30.8,Middle,Active,Moderate,Never,9.0,Average,High,Yes,No,No,No,No,No,No,None,120,76,72,31.7,86.8,0.91,180.3
53,Male,African,18.0,High,Sedentary,Heavy,Current,7.6,Average,Moderate,No,No,No,Yes,No,Yes,No,None,98,88,80,33.1,99.7,0.98,195.8
35,Male,South Asian,29.2,Low,Sedentary,None,Never,7.7,Average,Low,Yes,Yes,No,No,No,No,No,None,111,97,87,32.1,105.1,1.08,218.7
58,Male,South Asian,29.7,Middle,Moderate,Moderate,Current,6.3,Good,High,Yes,No,No,No,No,No,No,Steroids,126,82,90,30.6,73.1,0.78,154.8
34,Male,Other,22.8,Middle,Moderate,None,Never,6.0,Good,Moderate,No,No,No,No,No,No,No,Steroids,130,75,91,32.4,70.5,0.77,149.9
18,Male,African,31.4,Low,Sedentary,Heavy,Never,5.0,Average,High,No,No,No,No,No,No,No,None,108,81,66,31.4,149.1,1.39,281.2
25,Female,Caucasian,24.7,Middle,Moderate,None,Never,6.1,Average,Low,No,No,No,No,No,Yes,No,None,127,91,83,30.9,89.8,0.85,163.4
18,Male,African,25.3,Low,Moderate,Moderate,Current,6.6,Average,Moderate,Yes,No,No,No,No,No,No,None,111,77,61,32.1,88.9,0.84,169.2
35,Male,Hispanic,26.7,Low,Sedentary,Moderate,Never,7.5,Good,Moderate,No,No,No,No,No,No,No,Steroids,107,91,70,31.2,83.3,0.8,167.1
40,Male,Hispanic,40.0,Low,Moderate,None,Never,6.9,Good,Moderate,No,No,No,No,No,No,No,None,149,79,63,32.8,75.7,0.76,144.1
65,Female,Caucasian,31.7,High,Sedentary,None,Never,6.5,Average,Low,No,No,No,Yes,No,No,No,Metformin,114,61,63,32.1,96.4,0.93,177.7
45,Female,Caucasian,28.5,Middle,Moderate,None,Never,5.6,Good,Moderate,No,Yes,No,Yes,No,Yes,No,None,98,95,77,33.3,107.2,1.18,234.1
37,Male,South Asian,20.4,Middle,Moderate,None,Never,7.6,Good,Moderate,No,No,No,No,No,Yes,No,Metformin,113,83,68,32.3,99.2,0.94,185.1
52,Male,Other,25.7,Middle,Sedentary,None,Never,6.3,Average,Moderate,Yes,No,No,No,No,No,No,None,116,91,78,31.5,108.3,1.07,222.8
18,Female,African,20.9,Low,Moderate,Heavy,Never,7.5,Average,Moderate,Yes,No,No,No,Yes,Yes,No,None,134,83,63,31.5,70.0,0.66,142.0
44,Male,South Asian,29.1,Middle,Moderate,None,Never,4.1,Average,Moderate,No,Yes,No,Yes,No,No,No,Other,115,80,80,31.6,198.1,1.92,388.7
52,Male,Other,25.7,Middle,Active,None,Former,7.5,Average,Moderate,Yes,No,No,Yes,No,No,Yes,Insulin,126,87,71,32.5,99.1,1.0,193.9
18,Male,Other,19.4,Low,Sedentary,None,Current,8.1,Average,Low,Yes,No,No,No,No,No,No,None,136,78,72,30.6,86.9,0.85,170.9
57,Male,Other,25.4,Middle,Sedentary,None,Former,7.9,Average,Moderate,No,No,No,Yes,No,No,Yes,Insulin,111,98,62,32.3,94.0,0.98,198.1
45,Male,Hispanic,20.8,Low,Active,None,Never,6.7,Poor,Low,No,No,No,No,No,No,No,None,124,80,85,31.1,111.4,0.98,196.9
34,Female,Other,25.8,Low,Moderate,Heavy,Never,8.4,Good,High,No,No,No,No,No,No,No,Insulin,119,98,76,34.2,74.8,0.81,161.1
49,Female,South Asian,20.7,Middle,Active,Moderate,Current,5.1,Good,Moderate,Yes,No,No,No,No,No,No,None,123,86,80,32.6,97.4,1.05,220.5
74,Male,Hispanic,25.1,Middle,Sedentary,None,Never,6.9,Poor,Moderate,Yes,No,No,No,No,No,No,Other,122,60,62,32.7,110.1,1.08,209.6
43,Female,Hispanic,28.8,Middle,Sedentary,None,Never,6.7,Good,High,No,Yes,No,No,No,No,No,None,122,70,82,32.1,112.9,1.15,226.4
44,Male,South Asian,24.7,Middle,Sedentary,None,Current,8.6,Average,Low,Yes,No,No,No,No,No,No,None,116,88,75,30.4,107.1,1.05,214.0
33,Male,South Asian,23.0,Low,Active,Moderate,Current,4.0,Average,Moderate,No,No,No,No,No,Yes,No,Metformin,120,71,70,32.0,89.8,0.9,183.1
27,Female,Other,26.0,Middle,Active,Moderate,Current,5.4,Average,Moderate,No,No,No,No,No,No,No,Metformin,116,66,89,32.4,76.9,0.7,132.0
52,Female,South Asian,28.5,Middle,Moderate,Moderate,Current,9.6,Average,High,No,No,No,No,Yes,No,No,Insulin,155,93,79,31.4,125.3,1.31,259.4
27,Male,Hispanic,19.5,Middle,Sedentary,None,Current,4.0,Average,Moderate,No,No,No,No,No,No,No,Steroids,129,64,80,31.9,73.9,0.71,145.7
41,Male,South Asian,26.3,High,Sedentary,Heavy,Former,8.2,Good,Moderate,No,No,No,No,No,No,No,Metformin,120,88,55,32.6,78.3,0.79,160.6
33,Female,South Asian,31.6,High,Moderate,None,Never,5.9,Average,Low,No,No,No,No,Yes,No,No,Steroids,115,76,86,32.1,77.2,0.83,171.6
47,Female,Caucasian,27.9,Middle,Moderate,None,Current,7.4,Average,Low,No,No,No,Yes,No,Yes,No,Insulin,135,87,79,32.3,69.6,0.74,159.3
45,Female,South Asian,25.3,Middle,Moderate,Heavy,Current,9.1,Average,Low,No,No,No,No,No,Yes,No,None,108,83,87,32.5,144.3,1.45,288.4
56,Male,African,28.2,Middle,Sedentary,None,Never,7.4,Good,Moderate,No,No,No,No,No,No,No,Insulin,101,60,69,33.2,86.3,0.86,176.9
32,Male,Caucasian,27.3,Middle,Sedentary,None,Never,9.2,Poor,Moderate,Yes,No,No,No,No,No,No,Other,100,77,68,31.2,106.2,1.07,215.9
36,Male,South Asian,28.8,Low,Sedentary,None,Never,6.3,Average,Moderate,Yes,Yes,No,No,No,No,Yes,None,139,78,91,33.9,99.2,0.96,201.4
25,Male,South Asian,18.0,Middle,Moderate,None,Current,6.5,Good,Moderate,No,No,No,Yes,No,Yes,No,Insulin,139,84,85,33.9,141.4,1.39,269.9
33,Female,South Asian,18.0,High,Sedentary,None,Never,8.2,Good,High,No,Yes,No,No,No,No,No,None,122,83,61,31.4,107.1,1.06,206.7
46,Male,South Asian,30.0,Middle,Active,None,Never,6.3,Good,Low,No,No,No,No,No,Yes,No,Steroids,112,78,75,32.7,111.2,1.12,212.5
51,Male,Hispanic,18.0,Middle,Moderate,None,Never,7.9,Poor,High,No,Yes,No,No,No,No,No,None,112,69,85,33.8,109.1,1.15,227.3
26,Female,Caucasian,27.0,Low,Sedentary,Moderate,Current,8.8,Good,Low,Yes,No,No,No,No,No,No,Metformin,151,85,77,33.4,124.9,1.22,246.0
53,Female,South Asian,23.2,Low,Sedentary,None,Former,8.3,Good,Low,Yes,No,No,No,No,No,No,None,119,89,70,30.3,171.5,1.77,362.2
60,Male,Caucasian,20.0,Low,Active,Moderate,Never,4.6,Good,High,No,No,No,No,No,No,Yes,None,125,83,68,31.8,86.4,0.83,159.2
46,Female,South Asian,26.7,Low,Sedentary,None,Never,6.5,Average,Moderate,No,No,No,No,No,Yes,No,Other,113,78,76,31.5,89.3,0.8,163.6
68,Female,South Asian,26.0,Middle,Sedentary,None,Never,7.4,Poor,High,No,No,No,Yes,No,No,No,None,121,76,85,32.9,89.6,0.93,191.4
28,Female,South Asian,35.6,Low,Active,None,Never,6.6,Average,Moderate,No,No,No,Yes,No,No,No,None,126,71,65,32.9,183.4,1.88,370.9
21,Male,Hispanic,21.9,Middle,Moderate,Moderate,Never,7.1,Average,High,No,No,No,No,No,No,Yes,Metformin,147,82,54,30.8,99.1,1.05,212.3
18,Female,Other,32.2,Middle,Moderate,Moderate,Never,7.4,Average,Low,No,Yes,No,No,Yes,No,No,None,119,82,71,31.3,115.2,1.13,234.5
62,Female,Hispanic,26.8,Low,Sedentary,None,Never,6.2,Good,Moderate,No,No,No,No,No,No,No,None,128,88,80,30.4,110.4,1.09,216.8
50,Male,South Asian,21.7,Low,Active,Moderate,Never,6.7,Average,High,No,No,No,Yes,No,No,Yes,Metformin,115,74,82,31.9,106.1,1.14,233.3
39,Male,South Asian,29.0,Middle,Sedentary,Moderate,Never,5.2,Average,Moderate,No,No,No,Yes,No,No,No,Steroids,123,81,65,31.7,83.9,0.79,157.8
44,Female,Caucasian,27.8,Low,Sedentary,None,Current,6.3,Average,Low,Yes,No,No,No,No,No,No,None,125,67,78,32.5,101.1,1.0,193.8
23,Male,African,25.2,Low,Sedentary,Moderate,Never,4.7,Poor,Low,Yes,No,No,No,No,No,No,None,117,77,69,33.8,121.1,1.21,239.0
77,Female,Other,26.3,Middle,Sedentary,None,Never,7.2,Poor,High,No,No,No,Yes,No,No,No,Insulin,124,74,82,32.3,124.8,1.18,228.9
42,Male,South Asian,22.0,High,Active,None,Never,6.7,Average,Moderate,No,No,No,No,No,No,No,Steroids,109,91,74,31.7,79.5,0.76,148.3
42,Male,South Asian,20.9,Middle,Moderate,None,Never,5.6,Good,Moderate,Yes,No,No,No,No,Yes,No,Insulin,128,97,83,32.8,82.1,0.81,156.7
51,Male,African,28.8,Low,Moderate,Heavy,Never,9.7,Good,Moderate,No,Yes,No,No,No,No,No,None,121,68,76,31.6,102.1,1.04,204.4
47,Female,Hispanic,23.9,Low,Active,None,Never,6.6,Average,High,No,No,No,No,Yes,No,Yes,Insulin,112,89,80,31.8,133.0,1.27,245.3
43,Male,Hispanic,24.6,High,Sedentary,Heavy,Former,7.4,Good,Moderate,Yes,No,No,No,No,No,No,Metformin,118,87,71,32.2,84.8,0.85,172.1
28,Female,African,26.4,Middle,Sedentary,Moderate,Never,6.0,Poor,High,Yes,No,No,No,No,No,No,None,140,75,68,30.8,87.2,0.85,176.4
47,Female,Other,26.3,Middle,Moderate,None,Never,6.4,Good,Moderate,Yes,No,No,Yes,No,No,No,Metformin,118,72,72,31.7,99.3,0.98,193.5
68,Female,Caucasian,18.0,Low,Moderate,None,Current,7.5,Good,Moderate,Yes,No,No,No,No,Yes,Yes,None,126,72,81,31.2,85.7,0.85,170.8
60,Female,Other,31.4,Low,Sedentary,Moderate,Never,6.5,Average,Low,No,No,No,No,Yes,No,Yes,None,126,76,100,32.8,126.1,1.23,235.1
64,Female,Other,25.6,Low,Sedentary,None,Former,7.0,Poor,Low,Yes,No,Yes,Yes,No,No,No,None,129,76,88,31.0,126.2,1.22,244.7
32,Male,Hispanic,24.0,Middle,Sedentary,None,Never,8.2,Average,High,No,No,No,No,No,No,No,Insulin,103,78,90,31.1,99.4,0.96,192.3
25,Female,South Asian,27.2,Low,Sedentary,Moderate,Never,6.2,Poor,Moderate,Yes,No,No,Yes,No,No,Yes,None,104,75,74,31.3,101.9,1.05,203.0
38,Female,South Asian,26.2,High,Sedentary,Moderate,Never,5.0,Average,Moderate,Yes,No,No,No,No,No,No,None,109,88,70,31.2,114.8,1.19,233.3
41,Male,Caucasian,28.8,Low,Sedentary,Moderate,Never,4.7,Poor,Moderate,No,No,No,No,No,No,No,Steroids,129,85,53,33.7,110.0,1.07,208.7
56,Male,Caucasian,27.7,Middle,Sedentary,None,Current,9.2,Average,Moderate,Yes,No,No,No,No,No,No,Insulin,124,78,69,33.1,73.7,0.74,148.2
18,Female,Hispanic,28.6,Low,Sedentary,None,Never,8.4,Average,Low,Yes,Yes,No,Yes,No,No,No,None,123,75,61,32.5,105.7,1.16,232.7
63,Male,South Asian,31.8,Middle,Sedentary,Heavy,Never,8.0,Poor,Moderate,No,No,No,Yes,No,No,No,None,118,74,83,31.6,74.7,0.7,142.0
38,Female,South Asian,29.4,Low,Active,Moderate,Former,6.3,Average,Moderate,No,No,No,No,No,No,No,Insulin,100,84,73,31.9,99.3,0.98,193.2
34,Male,Hispanic,24.2,Middle,Active,None,Never,5.0,Poor,High,Yes,Yes,No,No,No,No,No,Metformin,111,81,62,33.6,74.4,0.82,158.1
25,Male,South Asian,19.4,Middle,Moderate,Moderate,Former,6.6,Good,Moderate,No,No,No,No,No,No,No,None,123,82,80,31.7,122.3,1.24,249.2
18,Female,South Asian,33.3,Low,Active,None,Never,6.9,Average,Moderate,Yes,Yes,Yes,No,No,No,No,Steroids,117,89,78,30.9,114.4,1.17,235.0
52,Male,South Asian,23.8,Middle,Active,None,Former,5.3,Average,Moderate,No,No,No,Yes,No,No,No,None,123,79,64,32.8,79.7,0.77,159.3
41,Male,African,22.6,Middle,Sedentary,None,Current,4.8,Average,Low,No,Yes,No,No,No,No,No,None,97,94,90,31.8,126.6,1.28,259.2
21,Female,South Asian,18.0,High,Sedentary,None,Never,4.4,Poor,Low,No,No,No,No,No,No,Yes,None,120,60,67,31.8,82.4,0.89,172.0
21,Male,Hispanic,26.7,High,Active,Moderate,Never,8.0,Average,Low,No,No,No,No,No,No,No,Insulin,90,67,81,31.8,86.7,0.86,174.0
35,Female,Caucasian,25.7,High,Moderate,None,Never,5.2,Average,High,No,Yes,No,No,No,No,No,None,100,98,74,31.8,158.6,1.59,315.8
65,Female,Other,18.0,Low,Sedentary,None,Never,7.5,Good,High,Yes,No,Yes,No,No,No,No,None,105,76,91,32.5,100.5,1.04,209.5
36,Female,Caucasian,27.3,Low,Moderate,Moderate,Never,6.4,Average,Moderate,No,No,No,No,No,No,Yes,Metformin,92,83,84,31.7,88.7,0.9,177.9
18,Male,South Asian,22.5,High,Sedentary,Moderate,Current,7.9,Average,Low,Yes,No,No,No,No,No,No,None,108,93,64,32.3,117.1,1.18,242.6
36,Male,South Asian,38.5,Middle,Sedentary,None,Never,7.5,Good,Low,No,No,No,No,No,No,No,None,124,83,93,33.0,103.7,1.01,201.7
36,Female,South Asian,22.2,Low,Sedentary,Moderate,Never,6.7,Good,Low,No,No,No,No,No,No,No,None,137,89,62,33.5,111.8,1.13,226.9
18,Female,Caucasian,22.8,Middle,Sedentary,Moderate,Never,7.2,Good,High,Yes,No,No,No,No,No,No,None,112,86,64,31.1,113.3,1.03,207.3
39,Female,South Asian,20.6,Low,Sedentary,Moderate,Never,6.8,Average,Moderate,No,No,No,No,No,No,No,Insulin,110,90,91,33.0,84.3,0.86,172.3
37,Female,South Asian,31.4,Middle,Active,Moderate,Never,6.1,Poor,High,Yes,No,No,No,No,No,No,None,118,85,75,33.1,78.4,0.83,160.1
50,Male,Caucasian,23.1,Middle,Sedentary,None,Never,8.5,Good,Moderate,No,No,No,No,No,No,No,Insulin,116,87,78,33.3,99.2,0.97,194.1
68,Male,South Asian,21.4,Middle,Sedentary,None,Never,6.4,Poor,Moderate,Yes,No,No,No,No,No,No,None,105,74,79,32.0,71.8,0.67,133.0
57,Male,South Asian,28.5,Low,Sedentary,Moderate,Never,6.9,Average,Moderate,No,No,No,No,No,No,Yes,None,128,85,64,31.8,83.8,0.84,172.5
36,Male,Hispanic,18.1,Middle,Moderate,Moderate,Former,4.9,Average,Low,No,No,No,No,No,No,No,None,116,80,94,30.5,125.0,1.29,256.0
23,Male,Other,28.1,Middle,Active,None,Current,7.4,Average,Moderate,No,No,No,Yes,No,No,No,Other,110,79,97,32.1,125.1,1.28,263.5
79,Female,South Asian,33.9,Middle,Sedentary,None,Never,6.1,Good,High,No,No,No,No,No,No,No,Metformin,111,63,56,33.8,114.8,1.23,238.9
41,Male,South Asian,27.8,Low,Sedentary,Moderate,Current,6.3,Poor,Moderate,Yes,No,No,Yes,No,No,No,None,155,76,71,32.3,126.2,1.18,236.9
40,Male,Other,28.2,Middle,Sedentary,None,Never,5.7,Good,Moderate,No,Yes,No,No,No,No,No,None,132,79,82,31.8,100.7,1.05,201.0
40,Male,South Asian,29.4,Middle,Moderate,None,Former,6.8,Poor,Moderate,No,No,No,No,No,No,No,None,115,96,74,32.6,112.2,1.15,231.6
43,Female,Other,33.5,Middle,Sedentary,None,Never,4.0,Poor,Moderate,Yes,No,No,Yes,No,No,No,None,90,77,70,30.8,97.4,1.0,196.9
38,Female,South Asian,31.0,Middle,Sedentary,None,Current,8.0,Average,Moderate,No,No,No,No,No,No,No,None,94,83,81,31.7,115.2,1.06,212.4
31,Female,Hispanic,27.2,Middle,Sedentary,None,Current,6.9,Good,Low,No,No,No,Yes,No,No,No,Insulin,121,94,82,32.8,118.8,1.16,239.1
32,Female,South Asian,29.5,Low,Sedentary,None,Former,6.3,Average,High,No,No,No,No,No,Yes,No,None,116,68,92,32.6,72.6,0.76,146.6
40,Male,Other,20.6,Middle,Active,None,Current,4.7,Average,Low,No,No,No,No,No,No,No,Steroids,103,76,58,31.5,69.4,0.61,116.8
32,Female,South Asian,28.9,Middle,Sedentary,Heavy,Never,7.6,Average,Moderate,No,No,No,No,No,No,No,None,118,89,65,33.8,84.9,0.89,174.7
29,Male,African,20.0,Low,Sedentary,Heavy,Never,6.0,Poor,Low,Yes,Yes,No,Yes,No,No,No,Steroids,109,105,67,30.5,107.2,1.07,218.6
42,Male,South Asian,23.2,Middle,Active,Heavy,Former,9.0,Average,Low,No,Yes,No,No,No,Yes,No,Steroids,110,60,99,32.3,167.5,1.62,331.7
36,Female,South Asian,18.0,Low,Active,Moderate,Never,7.7,Average,Moderate,No,No,No,Yes,No,Yes,No,Insulin,117,79,90,32.8,90.8,0.96,190.5
63,Female,Hispanic,27.0,Low,Sedentary,Moderate,Never,9.3,Good,High,Yes,No,Yes,No,No,Yes,No,Metformin,105,86,78,33.2,112.6,1.12,220.5
18,Male,Caucasian,21.8,High,Active,None,Never,7.2,Poor,Moderate,No,No,No,Yes,No,No,No,Metformin,99,88,74,32.1,96.1,1.05,211.6
56,Male,Other,30.6,High,Moderate,None,Former,8.6,Average,Low,No,No,No,No,No,No,No,Insulin,100,102,79,32.8,82.5,0.83,164.5
59,Female,Caucasian,27.0,Middle,Sedentary,None,Never,7.7,Average,Moderate,No,No,No,No,No,No,No,None,114,74,87,32.0,69.1,0.65,128.7
18,Male,Hispanic,30.6,Middle,Sedentary,None,Former,6.3,Average,Low,Yes,No,No,No,No,No,No,None,96,78,72,33.7,125.1,1.23,245.6
35,Male,Caucasian,19.6,Middle,Sedentary,None,Former,7.3,Average,Moderate,No,No,No,Yes,No,No,No,Metformin,153,64,78,32.3,84.8,0.78,157.9
34,Male,Other,30.2,High,Sedentary,Heavy,Never,5.7,Average,Low,Yes,No,No,No,No,No,No,Steroids,134,81,72,33.2,100.4,1.1,215.1
19,Male,Other,35.5,Middle,Sedentary,None,Never,10.0,Poor,Moderate,No,No,No,Yes,No,Yes,No,None,131,85,61,30.8,121.1,1.19,234.1
28,Female,South Asian,28.8,Middle,Moderate,None,Current,6.8,Good,Low,Yes,No,No,No,No,Yes,No,None,107,101,57,31.9,99.9,0.89,177.9
23,Male,Hispanic,29.0,Middle,Active,Moderate,Current,7.0,Average,Low,Yes,Yes,No,Yes,No,No,No,Steroids,107,97,68,32.5,101.0,1.06,211.6
66,Male,Hispanic,25.8,Low,Sedentary,None,Never,7.6,Average,High,No,No,No,Yes,No,No,No,Other,99,95,71,32.5,89.8,0.87,173.5
54,Female,South Asian,22.4,Middle,Sedentary,Heavy,Never,5.4,Average,High,No,No,Yes,Yes,No,No,No,None,148,73,79,31.4,79.5,0.79,157.8
59,Female,African,28.8,Middle,Sedentary,None,Never,9.0,Average,Low,No,No,No,Yes,No,Yes,No,Insulin,140,84,78,30.1,90.1,0.89,170.4
51,Male,South Asian,18.0,Middle,Moderate,None,Never,5.5,Good,Low,Yes,No,No,No,No,Yes,No,None,130,84,61,30.2,119.1,1.17,232.1
23,Male,Hispanic,22.9,Middle,Moderate,Heavy,Never,5.1,Average,Moderate,No,No,No,No,No,No,No,None,118,85,75,31.1,95.4,0.97,198.3
32,Male,South Asian,18.0,Low,Sedentary,Moderate,Current,6.8,Average,Moderate,No,Yes,No,No,No,No,No,None,114,80,70,34.8,112.1,1.11,215.2
47,Female,South Asian,21.5,Middle,Moderate,None,Current,5.1,Average,High,Yes,No,No,No,No,No,No,None,128,91,73,30.0,89.2,0.8,154.9
22,Female,Caucasian,28.2,Low,Sedentary,None,Current,9.3,Average,Moderate,No,No,No,No,No,No,No,None,144,76,76,31.8,80.5,0.94,179.7
51,Female,Caucasian,27.5,Low,Moderate,Moderate,Never,6.7,Average,Low,No,No,No,Yes,No,Yes,No,None,130,83,88,31.7,70.1,0.7,145.2
36,Female,Hispanic,25.3,High,Sedentary,None,Never,4.0,Average,Low,No,No,No,No,No,No,No,None,103,95,70,32.0,125.8,1.28,256.9
34,Female,Other,25.9,Middle,Sedentary,Moderate,Never,7.3,Poor,Moderate,No,Yes,No,Yes,No,No,No,None,109,102,92,31.9,108.4,1.17,232.4
51,Female,Caucasian,18.0,Middle,Sedentary,Heavy,Former,7.8,Good,Moderate,No,No,No,No,No,No,No,None,127,72,62,31.0,125.7,1.2,243.4
47,Male,South Asian,23.1,Low,Active,None,Never,6.4,Average,Moderate,Yes,No,No,No,No,Yes,No,Other,107,86,66,33.0,202.5,2.0,401.1
35,Male,African,21.6,Middle,Moderate,Moderate,Former,5.0,Good,High,No,No,No,No,No,No,No,None,113,85,74,30.4,110.0,1.05,209.4
57,Female,Caucasian,21.7,Middle,Active,Moderate,Former,6.8,Average,Low,No,No,No,Yes,No,No,Yes,None,143,92,63,33.9,81.7,0.92,179.1
24,Male,Caucasian,28.0,Low,Sedentary,None,Former,6.3,Good,Moderate,No,No,No,No,No,No,No,None,115,96,62,32.5,115.5,1.2,248.1
49,Male,South Asian,20.7,Low,Sedentary,Heavy,Never,5.5,Average,High,Yes,No,No,Yes,No,No,No,None,96,77,76,31.1,125.6,1.26,245.6
49,Female,Caucasian,22.0,Low,Sedentary,Moderate,Former,5.4,Poor,High,No,No,No,No,No,No,No,None,163,79,62,31.3,93.2,0.87,180.5
35,Male,South Asian,18.0,Middle,Moderate,None,Never,7.2,Poor,Moderate,Yes,Yes,No,Yes,No,No,Yes,None,136,81,65,33.1,114.1,1.2,240.7
45,Female,Hispanic,23.5,High,Active,Moderate,Former,8.4,Poor,Moderate,No,No,No,No,No,No,No,Insulin,119,85,74,30.7,93.8,0.81,163.0
21,Female,Caucasian,19.6,Middle,Active,None,Never,7.7,Poor,Moderate,No,No,No,No,No,No,No,None,120,88,92,32.0,82.4,0.84,163.1
54,Male,Hispanic,25.4,High,Moderate,None,Never,4.4,Average,Moderate,No,No,No,No,No,No,No,None,90,76,73,32.0,71.7,0.75,145.2
37,Female,Caucasian,20.2,Middle,Moderate,Moderate,Never,7.9,Average,Low,No,Yes,No,No,No,No,No,None,114,99,76,31.9,121.9,1.13,233.7
32,Male,South Asian,25.5,Middle,Active,None,Never,8.2,Poor,Moderate,No,No,No,No,No,No,No,None,109,62,64,32.5,93.6,0.93,180.5
56,Male,Hispanic,24.3,Middle,Sedentary,Moderate,Current,9.1,Average,Moderate,No,No,No,No,No,No,No,Metformin,121,68,65,32.6,99.4,1.02,204.0
29,Female,Caucasian,33.4,Middle,Active,None,Never,5.6,Average,Low,No,No,Yes,No,No,Yes,No,None,144,86,52,32.4,90.6,0.96,195.3
19,Female,South Asian,27.5,Middle,Active,None,Current,6.9,Average,Moderate,No,No,No,No,No,No,No,None,127,78,65,33.1,109.7,1.18,230.0
18,Female,African,18.0,Middle,Sedentary,Moderate,Never,7.9,Poor,Moderate,Yes,No,No,Yes,No,No,No,None,150,74,83,32.3,74.0,0.66,132.8
49,Male,South Asian,18.7,Low,Moderate,Heavy,Never,6.2,Good,Moderate,No,No,No,No,No,No,No,Steroids,99,90,69,31.5,85.6,0.85,166.5
21,Female,Hispanic,25.3,Low,Sedentary,Moderate,Never,7.8,Average,Moderate,No,No,No,No,No,No,No,None,97,88,77,30.9,69.0,0.69,134.1
66,Male,Caucasian,20.4,High,Sedentary,Moderate,Never,7.0,Average,Moderate,Yes,No,No,No,No,Yes,No,None,139,92,77,32.1,125.6,1.26,250.2
18,Female,African,18.0,Low,Moderate,None,Former,5.7,Poor,Moderate,Yes,No,No,No,No,No,No,Metformin,122,70,82,32.4,99.4,0.95,191.9
65,Male,South Asian,31.7,High,Sedentary,Moderate,Never,5.9,Average,Low,No,No,No,Yes,No,No,No,Insulin,127,88,92,30.2,79.0,0.78,155.6
43,Female,South Asian,28.6,Middle,Sedentary,None,Current,8.9,Average,Low,No,No,No,No,Yes,No,No,None,120,88,81,32.4,70.0,0.74,145.5
39,Male,Other,27.6,Low,Active,None,Never,5.5,Good,Low,No,No,No,No,No,No,No,Steroids,123,70,73,31.1,71.3,0.77,154.4
32,Male,Hispanic,22.0,Middle,Sedentary,None,Never,5.2,Good,Low,No,No,No,No,No,No,No,None,130,80,83,31.1,72.2,0.62,128.8
46,Male,South Asian,27.1,Middle,Sedentary,Moderate,Never,7.5,Average,Moderate,No,No,No,No,No,No,No,None,124,90,78,32.2,70.3,0.68,139.7
39,Female,South Asian,21.5,Low,Moderate,None,Former,7.0,Good,High,Yes,No,No,Yes,No,No,No,Metformin,111,93,53,30.0,120.2,1.09,213.3
57,Female,South Asian,26.0,Middle,Sedentary,None,Former,5.0,Average,Moderate,Yes,No,No,No,No,No,No,None,155,79,63,33.4,75.1,0.7,134.5
42,Female,African,20.4,Middle,Sedentary,None,Never,6.2,Poor,High,No,No,No,No,No,No,No,Metformin,121,69,73,32.9,79.0,0.86,170.0
42,Male,Hispanic,32.6,Low,Sedentary,None,Never,5.8,Good,Moderate,No,No,No,Yes,No,No,No,Insulin,117,95,69,30.8,92.2,0.91,186.0
35,Male,African,18.0,Low,Sedentary,Moderate,Former,6.0,Poor,Low,No,No,No,No,No,Yes,Yes,Metformin,115,80,74,31.8,98.7,1.04,208.4
39,Male,Caucasian,31.2,Low,Sedentary,None,Current,10.0,Average,Low,Yes,No,No,No,No,No,No,None,125,61,51,32.2,166.2,1.67,334.0
45,Female,Hispanic,25.2,Low,Active,None,Never,6.5,Poor,Moderate,No,Yes,No,Yes,Yes,No,Yes,None,116,78,83,31.3,100.8,0.95,193.7
18,Male,Caucasian,22.6,Low,Sedentary,None,Former,5.7,Average,Moderate,Yes,No,No,No,No,No,No,None,90,91,74,31.5,100.4,1.05,210.0
20,Female,South Asian,25.8,Middle,Sedentary,None,Never,10.0,Average,Low,No,Yes,No,No,Yes,No,No,Steroids,116,68,87,31.9,203.2,1.96,384.2
51,Female,Caucasian,28.7,Low,Active,None,Never,8.3,Average,Moderate,No,Yes,No,No,No,No,No,None,104,81,75,32.0,122.4,1.17,237.6
43,Female,Other,31.8,Middle,Active,None,Current,8.1,Average,High,No,No,No,No,Yes,No,No,None,124,77,77,31.9,79.1,0.71,142.0
37,Female,Hispanic,26.6,Low,Sedentary,None,Former,5.8,Average,Low,Yes,No,No,Yes,Yes,No,No,Insulin,120,80,65,32.1,111.3,1.1,216.7
40,Female,Caucasian,20.5,Middle,Moderate,None,Current,8.8,Good,High,No,No,No,No,No,No,No,None,110,76,63,32.4,100.8,1.07,205.5
45,Female,African,25.3,Middle,Moderate,Moderate,Never,8.2,Average,Low,No,No,No,No,No,No,No,None,134,85,76,31.7,69.9,0.68,137.5
32,Male,Other,34.1,Middle,Moderate,Heavy,Never,7.2,Good,Moderate,Yes,No,No,No,No,No,No,None,119,78,75,32.4,119.8,1.16,226.8
28,Female,Caucasian,31.7,Middle,Moderate,None,Former,4.4,Good,Moderate,No,No,No,No,No,No,No,None,114,87,59,33.2,147.4,1.58,316.2
43,Male,South Asian,29.5,Low,Sedentary,None,Current,7.0,Average,Moderate,No,No,No,No,No,No,Yes,Insulin,115,76,84,32.5,78.7,0.74,145.6
25,Female,Other,29.0,Middle,Sedentary,Moderate,Current,9.6,Good,Low,No,No,No,No,No,No,No,None,114,91,75,33.7,125.5,1.3,260.6
46,Male,Hispanic,28.5,Low,Sedentary,None,Never,7.3,Average,Low,No,Yes,No,No,No,No,No,None,128,80,70,30.6,111.9,1.12,220.6
18,Male,South Asian,30.8,Low,Moderate,None,Never,6.4,Poor,Moderate,No,Yes,No,No,No,No,No,Metformin,108,68,66,31.4,119.3,1.14,222.0
55,Male,Caucasian,22.7,Middle,Moderate,None,Never,6.7,Poor,Low,Yes,No,No,Yes,No,No,No,None,121,71,83,32.4,162.5,1.55,305.6
47,Male,Caucasian,18.2,Middle,Sedentary,Heavy,Never,6.8,Good,Moderate,No,Yes,No,No,No,No,No,Steroids,112,68,68,32.2,125.6,1.31,265.7
44,Female,South Asian,25.3,Low,Sedentary,Moderate,Never,5.8,Poor,High,No,Yes,No,No,No,No,Yes,None,110,69,77,31.6,102.7,0.97,192.3
55,Male,Other,20.9,Middle,Active,None,Never,6.9,Poor,High,Yes,Yes,No,Yes,No,No,No,None,127,67,73,32.6,69.3,0.7,132.3
65,Female,Caucasian,19.7,Middle,Sedentary,None,Former,9.2,Average,Low,No,No,No,Yes,No,No,No,Metformin,106,69,70,32.2,84.8,0.8,165.1
55,Male,Hispanic,21.4,High,Sedentary,None,Former,9.0,Average,Moderate,No,No,No,Yes,No,Yes,No,None,128,80,62,33.2,123.1,1.25,242.7
18,Female,South Asian,37.4,Low,Moderate,None,Current,5.9,Average,Moderate,No,No,No,No,No,No,No,None,125,87,88,30.9,88.9,0.86,167.8
21,Female,Caucasian,25.7,Low,Sedentary,None,Current,8.9,Poor,Low,Yes,No,No,No,No,No,No,None,140,66,65,32.1,72.0,0.79,152.7
31,Female,South Asian,26.8,Middle,Sedentary,Moderate,Never,8.1,Poor,Moderate,No,No,No,No,No,No,No,None,94,72,66,31.6,77.7,0.76,152.5
40,Female,Hispanic,18.9,Low,Sedentary,None,Current,8.0,Average,Low,No,No,No,No,No,No,No,None,135,88,88,32.9,95.4,0.98,206.2
48,Male,Caucasian,18.0,Middle,Moderate,None,Former,7.6,Average,Moderate,No,No,No,Yes,No,Yes,No,None,115,78,74,32.5,88.7,0.86,169.9
29,Female,African,20.9,Middle,Sedentary,None,Current,5.6,Good,High,No,No,No,No,Yes,No,No,None,93,63,78,31.5,94.7,1.01,206.2
43,Male,South Asian,32.2,Middle,Active,None,Never,6.4,Average,High,Yes,No,No,No,No,Yes,No,None,110,80,90,33.0,99.4,1.03,202.6
29,Male,South Asian,26.7,Middle,Sedentary,Heavy,Never,8.2,Good,Moderate,No,No,No,No,No,No,No,Other,128,84,90,32.0,126.2,1.13,229.5
31,Female,South Asian,28.0,High,Moderate,None,Former,5.2,Average,Moderate,No,No,No,No,No,No,No,None,119,83,70,30.8,122.9,1.28,253.2
19,Male,South Asian,28.7,Middle,Sedentary,None,Current,5.4,Average,High,Yes,No,No,No,No,No,No,Metformin,140,102,87,31.7,177.8,1.81,365.1
26,Female,African,22.0,High,Sedentary,None,Current,7.5,Average,Moderate,No,No,No,Yes,No,No,No,None,115,72,59,34.3,82.1,0.81,157.5
20,Female,Caucasian,31.9,Low,Moderate,None,Former,5.8,Good,Moderate,No,Yes,No,No,No,No,No,Metformin,119,91,57,31.8,87.4,0.87,179.6
25,Male,African,21.8,Middle,Sedentary,Heavy,Never,8.2,Good,High,Yes,No,No,No,No,No,No,None,117,80,75,32.2,156.7,1.49,299.0
56,Male,Caucasian,32.0,Middle,Moderate,None,Former,5.9,Average,Low,No,No,No,Yes,No,No,No,Metformin,105,85,74,32.3,130.6,1.36,280.8
26,Male,South Asian,27.2,Middle,Sedentary,None,Current,7.4,Average,Low,No,Yes,No,No,No,No,No,Insulin,120,73,81,32.0,86.1,0.87,180.5
79,Female,South Asian,18.0,Middle,Sedentary,None,Former,7.5,Good,Moderate,Yes,No,No,No,No,No,No,None,117,73,80,33.5,95.4,0.96,191.2
47,Female,South Asian,21.3,Middle,Moderate,Moderate,Former,6.3,Poor,High,No,No,No,Yes,No,No,No,None,121,67,82,32.7,91.4,0.95,187.9
43,Male,Hispanic,18.0,High,Moderate,Moderate,Never,6.6,Poor,Low,Yes,No,No,No,No,No,No,Steroids,121,65,91,32.7,115.6,1.16,223.1
27,Male,African,30.8,Middle,Sedentary,Moderate,Former,6.0,Average,Moderate,Yes,No,No,No,No,No,No,Metformin,120,87,95,31.7,69.8,0.75,152.3
51,Female,South Asian,24.9,Middle,Active,None,Never,7.0,Average,Moderate,No,No,No,Yes,No,Yes,No,None,121,75,84,32.7,74.2,0.73,155.5
31,Female,South Asian,18.0,Low,Sedentary,Heavy,Current,5.6,Average,Moderate,No,No,No,Yes,No,No,No,None,136,105,75,31.7,88.0,0.89,178.2
42,Male,Hispanic,26.9,Low,Sedentary,None,Former,6.7,Good,Low,Yes,No,No,No,No,No,No,None,105,75,73,32.4,148.6,1.46,303.8
78,Male,African,22.3,High,Sedentary,None,Former,8.1,Average,High,No,No,No,Yes,No,No,Yes,Metformin,109,87,75,34.1,79.2,0.9,179.7
39,Female,African,18.0,Middle,Sedentary,Moderate,Current,5.3,Good,High,Yes,No,No,No,No,No,Yes,None,141,81,69,33.6,176.3,1.81,364.1
57,Male,Caucasian,33.4,Middle,Sedentary,None,Never,6.3,Average,Moderate,No,No,No,Yes,No,Yes,No,None,139,62,84,31.9,140.1,1.42,280.1
29,Male,South Asian,25.5,Low,Moderate,None,Never,7.8,Average,High,Yes,No,No,No,No,No,No,None,124,67,85,32.2,145.3,1.47,296.1
39,Female,Other,23.5,Low,Sedentary,None,Former,4.0,Average,High,No,Yes,No,No,No,No,No,Insulin,150,65,69,30.9,149.1,1.39,293.3
67,Female,Hispanic,23.0,Low,Sedentary,None,Never,9.8,Average,Moderate,Yes,Yes,No,Yes,No,No,No,Steroids,127,95,73,31.8,138.0,1.48,299.0
31,Male,South Asian,18.0,Middle,Active,None,Never,8.6,Average,High,No,No,No,No,No,No,No,None,148,93,57,30.0,89.9,0.91,182.2
67,Male,Hispanic,18.5,Low,Sedentary,Moderate,Current,4.7,Good,High,No,No,No,Yes,No,No,No,None,142,99,74,32.9,87.7,0.9,188.4
51,Male,Hispanic,31.4,Low,Sedentary,None,Never,4.0,Average,Low,Yes,No,No,No,No,No,No,None,144,60,75,31.3,174.4,1.78,361.0
32,Male,South Asian,22.6,Middle,Sedentary,Moderate,Never,7.0,Average,Low,Yes,Yes,No,No,No,No,No,None,103,66,64,31.9,116.2,1.15,219.7
49,Female,Caucasian,25.1,Middle,Sedentary,Moderate,Never,5.3,Poor,Moderate,No,No,No,Yes,No,No,No,Insulin,130,86,70,31.5,79.0,0.7,130.4
55,Male,South Asian,18.0,Low,Sedentary,None,Never,8.4,Poor,Moderate,Yes,No,No,Yes,No,No,No,None,119,72,63,33.0,86.9,0.92,186.2
49,Female,South Asian,18.4,Middle,Sedentary,None,Never,7.6,Average,Low,No,No,No,Yes,Yes,No,No,None,100,87,59,33.4,145.0,1.42,281.7
18,Female,African,28.0,High,Moderate,Moderate,Never,7.2,Good,Low,No,No,No,Yes,No,No,No,None,140,76,90,33.4,98.6,1.04,216.2
29,Male,South Asian,26.9,Middle,Moderate,Moderate,Current,6.1,Average,High,No,No,No,No,No,No,No,None,138,75,59,30.7,119.8,1.18,237.1
36,Male,Hispanic,33.8,Middle,Moderate,None,Never,9.4,Average,Moderate,No,Yes,No,No,No,No,No,None,118,62,76,32.7,174.7,1.85,372.9
39,Female,Other,31.7,High,Moderate,None,Never,8.1,Good,High,Yes,No,Yes,No,No,No,No,Insulin,111,74,85,31.1,100.9,1.06,210.8
49,Female,South Asian,23.8,Low,Sedentary,Moderate,Never,7.9,Poor,High,No,Yes,No,No,No,No,No,Insulin,121,84,89,32.1,195.2,2.0,400.3
43,Female,Caucasian,27.4,Low,Sedentary,None,Former,8.8,Average,Moderate,No,Yes,No,No,No,No,No,None,93,70,64,33.0,103.9,1.05,210.7
20,Male,Hispanic,23.4,Middle,Moderate,Moderate,Never,5.5,Average,Moderate,No,No,No,Yes,No,No,No,None,100,81,88,31.7,74.9,0.8,161.0
46,Female,Hispanic,35.3,Middle,Sedentary,None,Never,8.9,Average,Low,Yes,No,No,Yes,No,No,No,None,116,70,77,32.2,112.5,1.15,238.0
49,Female,Hispanic,30.7,Middle,Sedentary,Moderate,Current,6.6,Good,Moderate,No,No,No,No,No,No,No,Insulin,129,72,81,31.4,86.8,0.8,157.3
48,Female,South Asian,25.8,Low,Moderate,None,Never,7.5,Average,Low,Yes,Yes,No,Yes,No,No,No,Other,117,73,93,33.1,171.1,1.75,348.4
56,Male,Caucasian,26.0,Middle,Sedentary,Moderate,Never,6.8,Poor,Low,Yes,Yes,No,Yes,No,No,No,None,112,85,81,31.8,117.5,1.15,230.9
53,Female,Caucasian,32.2,Low,Moderate,Heavy,Current,4.2,Poor,Low,Yes,No,No,Yes,No,Yes,No,Metformin,108,89,66,31.5,90.6,0.84,169.3
47,Female,Other,27.9,High,Sedentary,None,Never,8.4,Average,Moderate,No,Yes,No,No,No,No,No,None,157,98,54,32.3,101.6,1.09,216.0
39,Male,South Asian,32.8,Low,Active,Moderate,Never,4.3,Average,High,No,No,No,No,No,No,No,None,104,88,81,32.9,91.1,0.97,193.8
18,Male,Other,18.0,High,Moderate,None,Never,5.6,Good,Low,No,Yes,No,No,No,No,No,Insulin,93,84,79,30.6,118.5,1.15,231.4
46,Male,South Asian,27.3,Low,Sedentary,None,Current,6.3,Average,Moderate,No,No,No,No,No,No,No,None,111,98,67,32.5,95.4,0.9,176.0
43,Male,Other,22.4,Low,Moderate,Heavy,Current,4.1,Average,Moderate,Yes,No,No,No,No,No,No,None,128,83,77,31.5,96.2,0.95,196.6
44,Male,African,33.8,Low,Moderate,None,Never,5.3,Average,Moderate,No,No,No,Yes,No,No,No,None,122,86,61,32.7,153.4,1.59,318.7
21,Female,Caucasian,32.7,High,Moderate,None,Never,7.4,Poor,High,No,No,No,No,No,No,No,None,109,90,79,31.5,149.2,1.42,281.9
24,Male,African,25.2,Low,Sedentary,None,Never,6.5,Average,Low,No,No,No,No,No,No,No,None,123,82,62,31.1,112.7,1.11,223.2
56,Male,South Asian,32.7,Middle,Sedentary,None,Former,6.6,Good,Low,Yes,No,No,No,No,No,No,Insulin,137,79,87,31.3,70.6,0.75,145.7
39,Female,South Asian,33.9,Middle,Sedentary,Moderate,Never,5.6,Average,Moderate,No,No,No,Yes,No,Yes,No,Steroids,123,78,96,32.2,73.8,0.73,144.4
50,Male,South Asian,25.4,Middle,Sedentary,None,Never,7.1,Average,Moderate,No,No,No,Yes,No,No,Yes,Other,122,74,78,32.5,80.7,0.82,166.1
40,Male,South Asian,37.4,Low,Active,None,Current,6.5,Average,Low,No,No,No,No,No,No,No,None,122,75,79,31.4,126.7,1.26,263.9
40,Female,South Asian,24.8,High,Sedentary,None,Never,4.5,Average,Low,No,No,No,No,No,No,No,None,109,91,81,32.1,99.5,1.01,201.0
54,Female,Hispanic,23.9,Middle,Sedentary,None,Never,6.7,Poor,High,Yes,No,No,Yes,No,No,No,Other,127,69,78,31.4,125.8,1.21,241.0
32,Female,African,29.3,Middle,Sedentary,None,Current,5.1,Good,Low,Yes,Yes,No,No,No,No,Yes,Steroids,136,81,64,31.6,125.3,1.28,257.0
41,Female,South Asian,23.2,Middle,Active,Moderate,Former,8.3,Average,Moderate,No,No,No,Yes,No,No,No,None,140,80,89,31.5,102.7,0.95,193.1
33,Male,Hispanic,25.4,High,Moderate,None,Former,6.4,Average,High,No,No,No,No,No,Yes,No,None,126,66,80,31.3,104.3,1.04,213.7
33,Female,African,32.0,High,Moderate,None,Current,10.0,Average,Moderate,No,No,No,Yes,No,No,No,None,120,88,81,30.8,96.9,0.94,197.6
35,Male,Other,25.1,Middle,Active,Moderate,Never,8.5,Average,Moderate,No,No,No,No,No,No,No,Other,148,67,85,31.9,85.8,0.94,178.5
43,Female,African,18.0,Middle,Active,None,Never,6.8,Average,Moderate,No,No,No,Yes,No,No,No,None,122,73,85,33.1,86.1,0.87,168.9
33,Male,South Asian,26.8,Low,Moderate,None,Never,7.9,Average,Moderate,No,No,No,No,No,No,No,None,113,79,87,32.1,164.1,1.66,330.8
59,Female,Caucasian,21.5,Low,Sedentary,Moderate,Never,4.0,Average,Moderate,No,No,No,No,No,No,No,Metformin,110,95,80,31.7,75.9,0.68,134.1
27,Female,African,29.3,Low,Sedentary,None,Never,8.4,Good,High,No,No,Yes,No,No,No,No,Other,108,85,66,32.8,154.6,1.49,298.9
37,Female,South Asian,28.5,Low,Moderate,None,Never,5.8,Average,Moderate,No,No,No,Yes,No,No,No,None,112,83,79,31.5,126.9,1.18,232.5
33,Male,South Asian,32.4,Middle,Sedentary,None,Never,7.1,Good,Moderate,No,No,No,Yes,No,Yes,No,Other,149,94,75,32.2,69.7,0.64,121.4
62,Male,South Asian,29.5,Middle,Moderate,None,Never,5.9,Good,Low,No,No,No,No,No,Yes,No,None,109,77,66,30.4,211.8,2.0,398.6
43,Female,South Asian,30.5,Low,Sedentary,None,Never,6.1,Average,Low,No,No,No,No,No,No,No,Metformin,143,100,90,32.0,70.3,0.7,138.7
55,Female,Caucasian,21.7,Middle,Moderate,Heavy,Never,6.7,Poor,Moderate,No,No,No,No,No,No,No,Other,117,85,73,31.7,97.3,1.08,211.4
18,Male,Caucasian,29.0,Low,Sedentary,None,Former,7.1,Good,Low,Yes,Yes,No,No,No,No,No,None,136,81,77,30.1,81.8,0.74,155.9
44,Female,South Asian,34.8,High,Sedentary,Moderate,Never,7.0,Average,High,No,No,Yes,Yes,No,No,No,None,104,62,68,31.6,144.2,1.39,268.2
53,Female,African,21.6,Middle,Moderate,Moderate,Never,7.0,Average,Moderate,No,Yes,No,No,No,No,No,Steroids,120,90,74,30.0,159.8,1.51,298.2
41,Male,Caucasian,34.0,Low,Sedentary,Moderate,Current,4.6,Poor,Moderate,No,No,No,No,No,No,No,None,96,85,84,31.4,108.4,1.07,207.1
56,Female,South Asian,22.3,High,Moderate,None,Former,10.0,Average,Moderate,No,No,No,Yes,No,No,No,None,120,78,95,32.5,100.5,0.98,189.2
32,Female,South Asian,20.7,Low,Moderate,None,Never,7.3,Average,Moderate,Yes,No,No,No,No,No,No,None,132,75,60,31.1,94.6,0.92,191.1
61,Male,South Asian,26.5,Middle,Active,None,Never,7.7,Average,Moderate,No,No,No,No,No,No,No,Metformin,135,100,75,31.3,70.8,0.75,141.5
74,Male,South Asian,28.6,High,Active,Moderate,Former,6.5,Good,Moderate,No,No,No,No,No,No,Yes,None,120,72,50,30.5,70.6,0.71,144.6
35,Female,South Asian,29.6,Low,Sedentary,None,Never,5.7,Average,Moderate,Yes,No,No,No,No,No,No,Steroids,115,83,71,32.3,105.1,1.05,215.0
33,Female,South Asian,20.2,Middle,Moderate,Moderate,Never,7.2,Average,High,No,No,No,Yes,No,No,No,None,121,80,76,31.6,110.0,1.14,232.2
62,Male,African,27.2,Low,Sedentary,None,Former,7.4,Average,High,No,Yes,No,Yes,No,Yes,No,Metformin,111,87,77,32.0,107.1,1.08,212.0
64,Female,Caucasian,21.6,Low,Sedentary,Moderate,Never,9.0,Poor,Moderate,No,No,No,Yes,Yes,No,No,None,111,61,91,33.1,69.8,0.68,141.8
32,Female,South Asian,18.0,Middle,Moderate,None,Never,10.0,Good,High,No,No,No,No,No,No,No,None,114,87,73,31.0,99.1,0.86,179.8
34,Female,South Asian,20.4,High,Moderate,Moderate,Never,9.2,Average,High,No,No,No,No,Yes,No,No,None,123,96,91,33.3,108.1,1.14,230.0
36,Male,African,21.2,Middle,Sedentary,None,Never,4.4,Good,Moderate,Yes,No,No,No,No,No,No,Metformin,142,61,77,31.7,75.0,0.72,149.6
20,Female,Hispanic,27.6,High,Sedentary,Moderate,Current,6.3,Average,Moderate,No,No,No,No,No,No,No,Metformin,139,71,70,33.1,99.5,1.02,205.3
26,Male,Hispanic,30.8,High,Active,None,Never,7.5,Average,Moderate,Yes,No,No,No,No,No,No,Metformin,115,86,77,31.9,115.2,1.12,227.5
25,Male,Caucasian,18.0,Low,Sedentary,Moderate,Never,6.4,Average,Low,Yes,Yes,No,No,No,No,Yes,None,108,79,76,30.4,107.1,1.09,220.2
28,Male,South Asian,26.8,Middle,Active,Moderate,Former,6.9,Good,Low,No,No,No,No,No,No,Yes,Other,109,87,77,30.8,85.4,0.81,159.0
39,Male,South Asian,19.1,Middle,Moderate,None,Never,4.0,Average,High,Yes,No,No,Yes,No,No,No,None,98,87,68,31.7,107.3,1.12,223.4
44,Female,Hispanic,28.1,Middle,Sedentary,None,Never,8.4,Average,Moderate,Yes,No,No,Yes,No,No,No,None,131,82,68,30.3,99.5,1.04,204.8
63,Male,South Asian,21.9,Low,Sedentary,None,Never,4.2,Poor,Low,No,No,No,No,No,No,Yes,None,99,98,86,32.5,89.1,0.94,188.0
25,Female,Other,19.7,High,Sedentary,None,Never,4.6,Good,Moderate,No,No,No,Yes,No,No,No,Metformin,90,88,86,32.8,83.7,0.92,181.4
55,Male,African,29.0,Middle,Active,Moderate,Former,5.5,Average,Low,No,No,No,Yes,No,No,No,Insulin,131,67,67,30.5,70.2,0.61,118.1
37,Male,African,22.1,Middle,Active,None,Never,6.9,Average,High,Yes,No,No,No,No,No,No,None,130,87,74,31.7,75.7,0.8,161.1
39,Other,South Asian,23.4,Middle,Moderate,None,Never,4.6,Poor,Moderate,No,No,No,No,No,No,No,None,104,80,79,31.9,91.0,0.93,192.0
50,Female,African,18.0,Low,Sedentary,Moderate,Current,5.4,Average,Moderate,No,No,No,Yes,No,No,No,None,125,85,83,32.7,80.9,0.84,167.4
23,Male,Caucasian,29.7,Middle,Moderate,None,Never,8.7,Average,Low,Yes,No,No,No,No,No,No,Metformin,100,92,77,32.4,90.9,1.01,199.4
46,Female,South Asian,29.1,High,Sedentary,Heavy,Never,6.8,Average,Moderate,Yes,No,No,Yes,No,No,No,None,119,96,87,31.6,90.0,0.86,160.8
42,Male,South Asian,25.0,Middle,Moderate,None,Never,7.7,Good,High,Yes,No,No,No,No,No,No,Metformin,125,81,74,30.6,75.5,0.66,138.8
47,Male,Hispanic,18.0,Low,Sedentary,None,Never,5.1,Average,Moderate,No,Yes,No,Yes,No,No,Yes,None,130,88,90,32.0,99.5,1.08,218.1
44,Female,Caucasian,31.0,Middle,Active,None,Never,6.9,Good,Moderate,No,No,No,No,No,No,Yes,Metformin,126,69,101,31.9,108.4,1.2,240.2
77,Female,Caucasian,21.7,Middle,Moderate,None,Never,6.8,Average,High,No,No,No,No,No,No,No,Steroids,92,75,76,31.2,94.7,0.92,180.1
30,Male,South Asian,22.7,Low,Sedentary,None,Never,5.8,Poor,Low,No,No,No,No,No,No,No,None,125,74,79,34.1,81.9,0.95,193.1
32,Female,African,36.6,Low,Active,None,Never,6.9,Average,Low,Yes,No,No,Yes,No,No,No,None,153,90,66,32.2,112.9,1.07,217.0
31,Female,African,21.5,Middle,Sedentary,None,Never,4.2,Average,Moderate,No,Yes,No,No,No,No,No,Metformin,126,97,73,31.4,134.2,1.32,260.7
32,Male,African,28.7,Middle,Sedentary,None,Former,7.7,Average,Low,No,No,No,No,No,Yes,No,None,99,112,77,31.4,89.6,0.84,158.2
30,Female,Caucasian,27.8,Low,Sedentary,None,Former,6.4,Average,Low,Yes,No,No,No,No,No,No,None,109,89,82,32.8,126.5,1.3,259.9
58,Female,Caucasian,27.0,Low,Moderate,None,Never,6.6,Good,Moderate,No,No,No,Yes,No,No,No,None,112,91,73,33.2,69.8,0.78,151.6
61,Female,Caucasian,26.4,Low,Active,Moderate,Current,8.3,Poor,Moderate,No,No,No,No,Yes,No,No,None,90,63,82,32.6,121.1,1.21,241.7
31,Male,South Asian,26.9,Low,Active,Heavy,Former,7.6,Good,High,No,No,No,No,No,No,Yes,Steroids,122,62,71,33.0,184.7,1.97,396.2
28,Female,Other,26.4,Middle,Moderate,Heavy,Former,6.5,Average,Low,Yes,No,No,No,No,No,No,Insulin,115,71,85,30.8,77.6,0.72,144.4
47,Male,Caucasian,24.7,Low,Sedentary,Moderate,Never,5.3,Average,High,Yes,No,No,No,No,No,No,Metformin,115,67,79,32.0,80.5,0.77,160.1
32,Female,South Asian,32.6,Low,Sedentary,Moderate,Current,9.0,Average,Moderate,No,Yes,No,Yes,No,No,No,None,118,85,79,30.8,125.9,1.25,257.6
49,Female,Caucasian,18.4,Middle,Sedentary,None,Current,5.0,Average,Moderate,No,Yes,No,No,No,Yes,No,None,109,97,70,32.8,114.7,1.12,216.5
43,Male,Hispanic,30.1,Low,Active,None,Never,7.9,Good,Low,No,No,No,No,No,No,No,Steroids,133,80,74,32.9,72.2,0.72,143.6
18,Female,South Asian,29.1,Middle,Active,None,Former,4.6,Good,Moderate,No,Yes,No,No,No,Yes,No,Steroids,123,73,71,31.0,70.5,0.74,136.0
63,Female,South Asian,28.5,High,Sedentary,Moderate,Former,8.4,Average,High,Yes,No,No,No,Yes,No,No,None,112,83,84,31.4,88.2,0.8,155.9
67,Female,African,30.6,Middle,Moderate,Moderate,Never,8.5,Average,Moderate,Yes,No,No,No,No,No,No,Metformin,127,73,61,31.0,117.2,1.16,234.6
31,Male,South Asian,24.5,Middle,Moderate,None,Never,4.1,Average,Low,No,No,No,Yes,No,No,No,Steroids,125,75,68,32.2,93.8,0.91,185.3
34,Male,Hispanic,18.0,Middle,Sedentary,None,Never,7.7,Good,Moderate,Yes,No,No,No,No,No,No,None,106,78,87,31.9,93.3,0.92,181.7
44,Female,South Asian,24.6,Low,Moderate,Moderate,Never,7.5,Average,Moderate,No,No,No,No,No,No,No,Other,117,84,77,32.0,79.5,0.91,182.2
45,Male,Hispanic,20.0,Middle,Active,None,Never,8.1,Good,Low,Yes,Yes,No,No,No,No,No,Other,117,63,87,31.7,108.4,1.12,229.4
50,Female,South Asian,21.3,Middle,Sedentary,None,Never,7.5,Average,High,No,No,No,No,No,Yes,Yes,Metformin,111,60,83,33.8,120.2,1.25,258.1
70,Male,South Asian,18.8,Low,Active,None,Former,5.6,Average,Moderate,No,No,No,No,No,No,No,Metformin,100,71,84,33.0,76.6,0.88,177.6
37,Male,Hispanic,22.6,Middle,Sedentary,Heavy,Current,6.7,Average,Moderate,Yes,No,No,No,No,No,No,None,111,85,79,31.9,126.4,1.26,250.8
28,Male,Caucasian,22.0,High,Sedentary,None,Never,9.5,Average,Low,No,No,No,No,No,Yes,No,Other,139,67,68,30.5,91.2,0.95,184.8
19,Male,South Asian,18.0,Low,Sedentary,None,Never,5.3,Average,Low,No,No,No,Yes,No,No,No,Insulin,110,98,76,30.3,101.3,0.92,181.2
29,Female,South Asian,28.5,Middle,Active,None,Never,7.5,Average,High,No,No,No,No,No,No,No,Steroids,133,89,63,30.4,70.2,0.7,138.1
40,Male,African,36.1,Middle,Sedentary,None,Current,8.7,Good,Low,No,No,No,No,No,No,No,Metformin,119,87,73,32.4,75.2,0.84,173.2
67,Male,Caucasian,28.0,Middle,Moderate,None,Never,5.5,Poor,Moderate,No,No,No,No,No,No,No,None,123,89,70,31.8,96.7,0.99,200.5
32,Male,Other,24.0,Middle,Moderate,None,Former,4.9,Good,Moderate,No,No,No,Yes,No,No,Yes,Metformin,102,84,56,33.2,86.1,0.76,151.9
43,Female,Other,24.7,Middle,Sedentary,None,Never,5.1,Poor,Moderate,Yes,No,Yes,No,No,No,No,Steroids,137,85,79,32.7,93.4,0.92,188.3
40,Male,African,22.9,Low,Active,None,Never,7.6,Good,Moderate,No,No,No,No,No,No,No,None,151,92,78,30.0,97.3,0.96,188.4
58,Female,Caucasian,25.5,Low,Sedentary,None,Never,5.1,Good,Moderate,Yes,No,No,No,No,No,Yes,Steroids,110,90,88,31.2,162.0,1.59,322.2
78,Female,Caucasian,24.8,Low,Active,None,Never,6.8,Average,High,No,No,No,No,No,No,Yes,Insulin,140,83,63,30.3,84.6,0.74,146.9
32,Female,African,20.8,Middle,Sedentary,Moderate,Former,9.1,Good,Moderate,Yes,No,No,No,No,No,Yes,None,101,99,86,31.6,96.6,0.81,154.1
33,Female,South Asian,33.4,Middle,Moderate,None,Never,6.9,Good,High,No,Yes,No,No,No,No,No,Other,119,81,52,32.3,115.7,1.12,229.5
56,Female,South Asian,18.0,High,Moderate,None,Never,5.8,Poor,Moderate,No,No,No,No,No,Yes,No,None,102,75,74,32.1,83.8,0.81,175.8
50,Female,South Asian,28.6,Middle,Active,Moderate,Current,7.2,Good,Low,Yes,No,No,Yes,No,No,No,Metformin,126,65,95,32.0,81.9,0.77,153.4
68,Male,South Asian,24.5,Middle,Sedentary,None,Never,6.9,Poor,Low,Yes,Yes,No,No,No,No,No,Steroids,117,73,75,30.8,100.6,0.97,194.2
49,Male,South Asian,34.5,Middle,Moderate,None,Never,7.7,Poor,High,No,No,No,No,No,No,No,Metformin,119,92,68,34.3,174.0,1.78,349.6
35,Male,Caucasian,26.7,Low,Sedentary,None,Current,9.4,Average,Moderate,No,No,No,Yes,No,No,Yes,None,140,80,74,32.2,150.9,1.57,306.9
49,Female,Hispanic,23.2,Middle,Sedentary,Moderate,Never,7.6,Poor,Moderate,No,No,Yes,No,No,No,No,Metformin,139,85,83,33.6,90.8,0.96,194.2
57,Female,Caucasian,23.8,Middle,Sedentary,Moderate,Current,10.0,Poor,High,Yes,No,No,Yes,Yes,No,No,Steroids,117,81,72,32.8,82.6,0.81,161.2
52,Female,South Asian,25.2,High,Sedentary,None,Current,7.7,Good,Low,Yes,No,No,No,No,Yes,No,Metformin,137,68,79,32.6,93.7,0.84,165.6
48,Male,South Asian,19.3,Low,Active,Moderate,Never,5.8,Good,Moderate,No,No,No,No,No,No,No,None,137,77,79,32.6,145.9,1.43,281.8
56,Female,Caucasian,21.2,High,Moderate,None,Never,10.0,Good,Moderate,No,Yes,Yes,No,No,No,Yes,Metformin,137,72,80,31.4,154.9,1.61,323.0
58,Male,South Asian,18.0,Middle,Sedentary,Heavy,Never,6.8,Average,Moderate,Yes,No,No,No,No,No,No,Metformin,122,76,85,31.4,73.6,0.73,146.3
61,Male,African,20.4,Low,Active,None,Never,5.4,Good,Moderate,No,No,No,No,No,No,No,None,125,71,95,31.9,78.8,0.83,172.1
50,Male,Other,25.5,Low,Sedentary,Moderate,Former,10.0,Poor,Moderate,Yes,No,No,Yes,No,No,No,None,116,85,76,31.8,92.6,0.99,195.9
37,Male,South Asian,26.5,Low,Moderate,None,Never,5.9,Good,Low,Yes,Yes,No,No,No,Yes,No,None,155,88,78,30.0,127.1,1.17,235.6
42,Female,South Asian,18.0,Middle,Active,None,Never,5.8,Average,Moderate,Yes,No,No,No,No,No,No,None,126,80,63,32.0,98.2,0.97,197.2
58,Male,Caucasian,24.3,Low,Active,None,Never,6.2,Good,Moderate,Yes,No,No,No,No,No,Yes,None,119,60,84,32.6,81.3,0.8,165.4
28,Male,Other,27.8,Middle,Sedentary,Moderate,Never,7.2,Average,High,No,No,No,No,No,No,Yes,Metformin,128,66,89,30.7,104.5,1.06,207.5
46,Female,Hispanic,24.2,High,Moderate,Moderate,Former,8.4,Good,Low,No,No,No,No,No,No,No,None,124,86,82,30.9,124.8,1.2,231.2
34,Female,Hispanic,21.8,Middle,Sedentary,None,Former,4.0,Good,High,No,No,No,Yes,Yes,Yes,No,Insulin,151,72,61,32.1,148.0,1.48,292.0
40,Female,South Asian,22.9,Middle,Active,Moderate,Former,8.4,Good,Moderate,No,No,No,Yes,No,No,No,Steroids,120,72,71,32.4,77.5,0.81,155.0
59,Male,Other,22.3,Low,Moderate,Moderate,Current,6.2,Average,Moderate,No,No,No,No,No,No,No,None,131,81,76,31.8,99.0,1.01,205.1
43,Female,South Asian,21.8,Middle,Moderate,Moderate,Never,6.4,Good,Moderate,No,No,No,No,No,No,No,None,118,72,66,32.3,200.4,2.0,405.7
41,Female,South Asian,25.9,Low,Sedentary,None,Never,9.6,Good,Moderate,No,No,No,No,No,No,No,Metformin,95,60,96,32.1,125.9,1.22,237.8
20,Male,Hispanic,36.5,Middle,Moderate,None,Never,7.3,Poor,Moderate,Yes,Yes,No,No,No,No,No,None,120,71,79,31.6,171.6,1.7,345.4
51,Female,Other,21.3,Low,Moderate,None,Current,7.7,Average,High,No,No,No,No,No,No,No,Steroids,133,76,84,32.0,85.1,0.83,169.5
50,Male,South Asian,23.4,Middle,Moderate,None,Never,6.9,Poor,Moderate,No,No,No,No,No,No,Yes,Insulin,122,74,84,32.0,80.0,0.74,159.5
72,Male,South Asian,24.7,Middle,Moderate,Moderate,Current,8.1,Good,High,No,Yes,No,No,No,No,No,None,103,87,76,32.0,110.7,1.12,220.9
35,Female,South Asian,21.6,Middle,Active,Moderate,Former,9.4,Poor,Moderate,No,Yes,No,No,No,No,Yes,None,144,81,63,31.9,136.7,1.33,269.0
43,Female,South Asian,30.5,Middle,Moderate,Moderate,Former,4.0,Good,High,Yes,No,No,No,No,No,No,None,102,80,83,32.3,79.1,0.89,182.5
44,Male,South Asian,18.0,Low,Sedentary,None,Never,8.6,Average,Low,No,Yes,No,No,No,No,Yes,None,108,92,95,32.9,109.6,1.19,241.4
64,Female,Other,22.3,Low,Active,Moderate,Never,9.3,Poor,Moderate,No,Yes,Yes,Yes,No,No,Yes,Metformin,103,64,71,32.4,133.9,1.32,258.5
39,Female,African,29.1,Middle,Sedentary,None,Never,7.8,Good,High,No,Yes,No,No,No,Yes,No,None,104,96,69,30.0,120.2,1.13,225.5
44,Female,Hispanic,23.5,Middle,Moderate,Heavy,Never,6.0,Poor,High,Yes,No,No,No,No,Yes,No,None,121,97,83,30.6,182.3,1.76,357.3
49,Male,Hispanic,20.9,Middle,Active,None,Current,5.3,Average,Moderate,No,No,No,Yes,No,No,No,None,129,79,84,32.6,70.3,0.74,152.0
43,Female,Caucasian,27.2,Low,Sedentary,Moderate,Former,10.0,Good,Moderate,Yes,No,No,No,No,No,No,Insulin,111,76,86,31.2,98.3,0.99,190.3
33,Male,Hispanic,29.5,Middle,Active,Moderate,Current,5.6,Average,Moderate,No,No,No,No,No,No,No,None,128,93,74,33.2,102.9,1.05,205.6
43,Female,Caucasian,26.1,High,Moderate,Heavy,Never,9.3,Average,Low,No,No,No,Yes,No,No,No,None,132,77,74,30.5,133.3,1.37,267.1
56,Male,South Asian,21.0,Middle,Moderate,None,Never,7.6,Good,Moderate,No,No,No,No,No,No,No,None,115,84,50,32.8,87.6,0.85,181.1
25,Male,Caucasian,27.3,Middle,Sedentary,None,Former,10.0,Good,Moderate,No,Yes,No,Yes,No,Yes,No,Steroids,97,83,76,31.1,119.1,1.18,236.4
42,Female,Caucasian,23.0,Middle,Sedentary,None,Never,6.5,Poor,Low,No,No,No,Yes,No,No,No,None,143,85,69,33.1,88.8,0.87,168.9
29,Male,Hispanic,28.7,Low,Active,None,Current,4.6,Poor,Moderate,No,Yes,No,Yes,No,Yes,No,Insulin,110,69,53,31.3,126.2,1.2,239.7
58,Male,Other,32.4,Low,Sedentary,Moderate,Former,7.0,Average,Moderate,No,No,No,No,No,No,No,None,90,84,94,31.0,125.2,1.26,240.8
18,Male,Caucasian,18.0,Middle,Moderate,Heavy,Never,4.8,Average,Low,No,No,No,Yes,No,No,No,None,114,71,77,32.1,143.2,1.44,293.0
32,Female,Hispanic,25.6,Middle,Sedentary,None,Former,10.0,Average,Moderate,Yes,Yes,No,No,Yes,No,No,Metformin,129,74,57,30.5,213.3,2.0,396.2
46,Male,South Asian,18.0,Middle,Sedentary,None,Former,7.9,Average,Low,No,No,No,No,No,No,No,None,131,89,79,31.1,69.7,0.71,147.0
63,Female,Hispanic,37.2,Middle,Moderate,Moderate,Never,8.2,Average,Low,Yes,Yes,No,Yes,No,No,No,None,103,75,94,32.9,124.5,1.29,253.3
39,Male,South Asian,22.7,High,Sedentary,None,Never,8.2,Good,Moderate,No,No,No,No,No,No,No,None,92,74,87,33.5,81.8,0.8,157.0
32,Male,South Asian,28.7,Middle,Active,None,Never,6.0,Poor,Moderate,No,No,No,No,No,No,No,None,125,82,85,31.8,91.8,0.92,194.3
68,Male,South Asian,24.8,Middle,Moderate,Moderate,Never,6.8,Average,Moderate,Yes,No,No,Yes,No,No,No,None,128,93,63,31.5,100.3,1.03,212.7
18,Male,African,21.0,Low,Moderate,Heavy,Former,7.2,Average,Low,No,No,No,Yes,No,No,No,Metformin,137,104,70,30.5,89.7,0.84,164.9
18,Male,South Asian,20.4,Middle,Sedentary,None,Never,9.9,Poor,Moderate,No,No,No,No,No,No,No,Insulin,135,91,66,32.6,71.3,0.72,142.1
47,Male,Other,32.9,Middle,Active,None,Former,5.3,Average,Low,No,No,No,Yes,No,No,No,Steroids,122,91,75,31.6,91.5,0.89,185.0
32,Female,South Asian,29.8,Low,Sedentary,None,Never,5.9,Average,Low,No,No,No,Yes,Yes,No,No,Insulin,106,80,83,30.8,68.8,0.72,147.5
25,Female,Other,34.7,High,Moderate,None,Current,6.5,Average,Moderate,Yes,No,No,No,No,No,No,None,113,106,79,32.3,118.3,1.19,235.7
51,Male,African,25.3,High,Sedentary,None,Current,6.0,Average,Moderate,Yes,No,No,Yes,No,No,No,None,116,82,66,30.7,80.4,0.75,143.1
44,Male,South Asian,26.4,Middle,Sedentary,None,Former,4.8,Average,Low,No,No,No,Yes,No,Yes,No,None,106,80,73,32.2,160.3,1.71,350.8
32,Female,South Asian,23.7,Low,Moderate,Moderate,Never,4.0,Good,Low,Yes,No,No,No,No,No,No,None,136,84,85,31.6,96.3,0.9,181.0
21,Male,African,23.6,Low,Moderate,Moderate,Never,4.3,Good,Low,No,No,No,Yes,No,No,No,None,135,83,80,32.2,85.6,0.83,163.1
53,Male,African,19.8,Low,Sedentary,Moderate,Never,8.6,Average,Moderate,No,No,No,No,No,No,No,Metformin,99,67,79,30.5,73.5,0.67,135.4
50,Female,African,25.4,Low,Sedentary,None,Never,7.0,Average,Low,No,Yes,No,No,No,No,No,None,115,73,66,32.2,99.7,1.03,200.4
39,Female,South Asian,21.1,Middle,Moderate,None,Never,8.3,Poor,Low,No,No,No,No,No,No,No,None,151,84,77,30.2,99.0,0.97,189.8
68,Female,Caucasian,27.2,Low,Sedentary,Moderate,Current,6.1,Good,High,No,No,No,No,No,Yes,No,Other,137,72,64,32.3,77.4,0.8,156.7
24,Male,Other,25.9,Middle,Sedentary,Moderate,Never,6.9,Average,Low,Yes,Yes,No,No,No,No,No,None,123,86,67,31.9,124.6,1.25,254.3
18,Male,South Asian,26.4,Low,Sedentary,Moderate,Never,9.4,Poor,Moderate,Yes,No,No,No,No,No,Yes,None,136,80,60,30.1,163.5,1.64,330.7
30,Female,Caucasian,33.4,Low,Sedentary,Heavy,Never,9.3,Poor,High,No,Yes,No,Yes,No,No,No,Other,145,89,92,32.0,114.6,1.19,234.1
39,Male,South Asian,24.8,Middle,Sedentary,Moderate,Current,8.4,Average,Low,No,No,No,No,No,No,No,None,121,79,93,32.7,86.1,0.94,189.8
44,Female,Hispanic,28.8,High,Sedentary,None,Never,7.3,Poor,Moderate,No,No,Yes,Yes,No,No,No,None,100,85,65,31.6,86.7,0.77,145.1
36,Female,Hispanic,35.3,Middle,Moderate,None,Never,7.8,Average,Moderate,No,No,No,No,No,No,No,None,133,62,67,30.7,81.6,0.83,172.1
45,Male,South Asian,31.5,Middle,Sedentary,None,Current,7.6,Good,High,Yes,No,No,No,No,No,No,None,134,64,72,31.6,85.6,0.85,168.6
21,Female,South Asian,30.8,Middle,Moderate,Moderate,Never,6.7,Good,High,No,No,No,No,No,Yes,No,None,105,72,87,30.0,79.9,0.75,158.0
62,Female,South Asian,23.5,Middle,Active,None,Former,6.4,Average,Moderate,Yes,No,No,Yes,No,Yes,No,None,124,83,81,32.3,83.7,0.97,196.9
39,Female,Caucasian,26.1,Middle,Active,Moderate,Former,8.7,Average,Low,No,No,No,No,No,Yes,No,None,108,72,89,32.8,69.5,0.75,147.8
57,Male,Caucasian,18.4,Low,Active,None,Never,5.1,Average,Moderate,Yes,No,No,Yes,No,No,No,Metformin,95,87,92,31.5,93.7,0.96,193.7
45,Male,Other,27.5,Middle,Sedentary,Moderate,Never,9.2,Average,High,Yes,No,No,Yes,No,No,Yes,Metformin,123,84,80,31.7,84.8,0.84,163.9
47,Male,Caucasian,26.4,Low,Sedentary,None,Current,6.6,Average,Low,No,Yes,No,No,No,No,No,None,142,75,78,33.1,126.0,1.33,272.3
49,Male,South Asian,25.1,High,Active,None,Never,5.0,Average,High,No,No,No,No,No,No,No,None,125,82,89,33.5,90.0,0.85,170.9
47,Female,Hispanic,30.1,Low,Sedentary,Moderate,Never,6.2,Average,High,No,No,No,No,No,No,No,Steroids,123,76,86,32.7,194.7,1.97,398.8
50,Male,Caucasian,19.0,High,Sedentary,None,Never,5.7,Average,Low,No,No,No,No,No,No,No,None,100,83,86,31.0,84.2,0.81,151.8
60,Male,Caucasian,33.2,High,Moderate,None,Never,6.1,Poor,Moderate,No,No,No,No,No,No,No,Metformin,129,75,80,33.2,91.3,1.03,207.9
43,Male,South Asian,29.5,Low,Sedentary,None,Never,6.1,Poor,Low,No,No,No,No,No,No,No,None,112,84,85,32.6,83.2,0.85,161.1
51,Female,South Asian,24.6,High,Active,Moderate,Current,6.0,Average,Moderate,No,No,No,Yes,Yes,Yes,No,None,108,94,72,32.2,83.0,0.91,187.6
39,Male,Other,24.3,Low,Moderate,Moderate,Current,6.5,Average,Moderate,No,No,No,No,No,Yes,No,None,133,68,69,32.3,85.0,0.84,166.6
62,Male,Caucasian,27.4,Low,Moderate,Heavy,Never,6.9,Average,Moderate,Yes,No,No,Yes,No,Yes,No,Metformin,102,73,72,33.1,79.0,0.75,147.4
30,Male,South Asian,32.6,Middle,Active,Moderate,Never,8.1,Poor,Moderate,No,No,No,No,No,No,No,None,117,73,98,30.1,84.8,0.79,152.6
67,Female,African,25.5,High,Sedentary,Moderate,Never,6.6,Average,Moderate,No,Yes,No,No,No,No,No,None,103,83,65,31.8,108.0,1.09,215.4
39,Male,Other,25.7,Middle,Moderate,None,Current,7.5,Poor,Moderate,No,Yes,No,No,No,No,No,None,116,88,84,30.9,100.0,0.98,194.3
19,Female,South Asian,25.1,Middle,Sedentary,None,Never,7.0,Good,Moderate,No,Yes,No,No,No,No,No,None,90,63,95,32.4,124.8,1.32,269.0
42,Female,Caucasian,33.9,Middle,Moderate,None,Never,7.8,Average,High,No,No,No,Yes,No,No,No,None,128,78,79,31.2,139.8,1.45,293.0
30,Male,Other,23.2,High,Sedentary,None,Current,7.1,Poor,Moderate,No,Yes,No,Yes,No,No,No,Metformin,126,80,72,35.0,119.2,1.22,246.0
53,Female,South Asian,24.9,Middle,Moderate,Moderate,Never,6.0,Average,Moderate,No,No,Yes,Yes,Yes,No,No,None,153,89,81,32.8,99.9,0.95,191.0
30,Male,African,32.3,Low,Active,None,Never,5.6,Average,Moderate,Yes,Yes,No,Yes,No,No,No,Steroids,124,71,70,30.8,99.4,0.96,188.3
33,Female,African,25.7,Low,Sedentary,None,Never,7.3,Average,Low,No,No,No,Yes,No,No,No,None,106,87,66,33.0,142.4,1.44,287.8
18,Female,African,30.7,Low,Sedentary,None,Former,8.9,Poor,Low,No,No,No,No,No,No,No,None,135,83,88,31.6,111.9,1.14,229.3
33,Male,South Asian,20.4,Middle,Sedentary,None,Former,6.7,Good,Moderate,No,No,No,No,No,No,No,Metformin,135,98,88,32.1,92.2,0.97,195.0
18,Male,South Asian,24.0,Low,Sedentary,Moderate,Former,5.9,Good,Moderate,No,Yes,No,No,No,No,No,None,140,102,72,31.9,143.2,1.42,285.1
18,Male,African,32.4,Low,Sedentary,None,Never,6.6,Average,Moderate,No,No,No,Yes,No,Yes,No,Metformin,91,88,70,30.2,92.2,0.9,183.2
51,Female,South Asian,21.6,Middle,Active,Moderate,Never,6.2,Good,High,Yes,Yes,No,Yes,No,No,No,Steroids,109,77,77,31.4,111.6,1.16,232.4
52,Male,Caucasian,24.2,Low,Sedentary,None,Former,6.0,Average,Moderate,No,Yes,No,No,No,No,No,None,106,85,74,30.9,146.0,1.36,273.3
46,Female,South Asian,26.3,Middle,Sedentary,Heavy,Current,4.8,Good,Moderate,No,No,No,No,No,No,Yes,None,143,86,67,30.0,148.3,1.46,294.4
25,Male,South Asian,20.1,Low,Moderate,None,Never,6.6,Average,High,No,No,No,No,No,Yes,No,Steroids,132,85,60,31.5,86.1,0.85,166.8
39,Female,Other,22.9,Low,Sedentary,None,Never,7.4,Average,Moderate,No,No,No,No,No,Yes,No,Metformin,137,84,60,31.7,69.9,0.74,149.6
40,Male,Caucasian,25.6,Low,Sedentary,Moderate,Former,5.4,Poor,Moderate,No,No,No,No,No,No,No,None,104,85,63,30.5,166.9,1.69,342.8
23,Female,Other,25.2,Middle,Moderate,None,Never,5.7,Average,High,No,No,No,Yes,No,Yes,Yes,None,122,90,65,33.1,91.6,1.03,203.4
63,Male,South Asian,31.4,Middle,Moderate,None,Never,5.6,Average,Moderate,No,No,No,Yes,No,No,No,Insulin,96,102,77,32.4,185.6,1.97,390.0
53,Female,Caucasian,32.7,Low,Sedentary,None,Never,4.9,Average,Moderate,No,No,No,No,No,No,No,Steroids,103,62,67,32.1,174.9,1.73,339.9
37,Male,South Asian,20.7,Low,Sedentary,None,Current,5.6,Average,High,No,No,No,Yes,No,No,Yes,None,122,93,67,32.5,89.9,0.81,163.3
40,Male,Hispanic,25.6,Middle,Sedentary,Moderate,Former,6.7,Average,Moderate,No,Yes,No,No,No,No,No,None,123,81,62,32.5,117.4,1.21,240.7
43,Male,Hispanic,28.4,Middle,Sedentary,None,Never,5.0,Good,Low,No,No,No,No,No,No,No,None,126,72,63,32.3,91.8,0.86,166.5
18,Female,South Asian,32.6,Middle,Sedentary,Moderate,Current,6.8,Average,High,No,Yes,Yes,No,No,No,No,None,110,66,62,33.5,125.9,1.2,237.9
36,Male,Other,28.6,High,Moderate,None,Never,5.9,Average,High,No,No,No,No,No,No,No,None,126,83,74,30.0,84.1,0.75,149.7
30,Female,South Asian,26.5,Middle,Active,None,Never,5.6,Average,Low,No,Yes,No,Yes,No,No,No,Insulin,120,80,85,32.5,104.1,1.03,200.4
25,Male,African,28.3,Middle,Sedentary,None,Never,7.6,Good,Moderate,Yes,Yes,No,No,No,No,No,None,144,69,90,31.6,117.4,1.21,252.5
36,Female,Other,28.4,Middle,Moderate,Moderate,Never,6.0,Poor,Moderate,Yes,No,Yes,No,No,No,No,Metformin,114,80,76,33.4,108.8,1.11,223.6
67,Female,Hispanic,20.4,Middle,Sedentary,None,Current,6.3,Poor,High,No,Yes,No,No,No,No,Yes,Other,92,90,86,32.4,99.8,1.02,204.4
50,Female,Other,26.0,Low,Moderate,Heavy,Never,8.9,Good,Low,No,No,No,No,No,No,Yes,None,129,96,67,31.9,176.9,1.66,336.3
31,Male,South Asian,32.3,Low,Moderate,None,Never,5.6,Good,Moderate,No,No,No,Yes,No,No,No,Insulin,125,81,81,33.4,98.9,1.05,208.7
49,Male,South Asian,24.0,Low,Active,Moderate,Current,9.3,Average,Moderate,Yes,No,No,No,No,No,No,Other,107,81,66,31.8,84.7,0.85,169.0
61,Male,South Asian,25.6,Low,Sedentary,Heavy,Never,6.5,Average,Moderate,No,No,No,Yes,No,No,No,Insulin,115,86,79,32.4,90.5,0.94,189.6
54,Male,Caucasian,23.8,Low,Sedentary,None,Never,5.3,Average,High,No,No,No,No,No,Yes,No,None,123,92,67,31.4,81.1,0.76,161.1
41,Female,Hispanic,18.0,Low,Moderate,Moderate,Never,6.2,Average,High,Yes,No,Yes,No,No,No,Yes,Metformin,114,82,68,32.1,91.6,0.79,158.7
30,Female,South Asian,25.1,Middle,Sedentary,None,Current,7.1,Good,Low,No,No,Yes,No,Yes,No,No,Insulin,103,84,74,34.1,95.7,0.96,185.1
50,Female,African,26.5,High,Sedentary,None,Never,8.9,Average,Low,No,No,No,No,No,No,No,None,117,76,91,32.9,70.6,0.73,149.3
46,Male,South Asian,22.4,Middle,Sedentary,None,Never,8.2,Average,Low,No,No,No,No,No,No,No,None,133,78,84,32.4,70.1,0.73,143.3
53,Female,South Asian,19.2,Middle,Moderate,Moderate,Never,7.1,Good,Moderate,No,Yes,No,Yes,No,Yes,No,Insulin,115,74,68,30.6,106.1,1.08,214.0
50,Male,African,20.6,Low,Sedentary,None,Current,8.9,Poor,Moderate,No,No,No,No,No,No,No,None,123,70,64,34.4,79.8,0.83,159.5
56,Female,Caucasian,28.8,High,Active,None,Current,4.2,Poor,Moderate,No,No,No,No,No,No,No,Metformin,117,68,67,30.8,69.2,0.62,119.9
32,Male,Hispanic,34.9,Middle,Sedentary,Heavy,Never,7.4,Average,Low,No,No,No,Yes,No,No,No,Other,101,71,81,32.1,112.3,1.05,217.6
60,Male,South Asian,31.9,Low,Sedentary,None,Current,7.5,Average,Low,No,No,No,No,No,No,Yes,None,118,71,77,32.5,125.2,1.24,239.5
43,Male,Hispanic,18.3,Low,Moderate,None,Current,7.5,Average,Low,No,No,No,No,No,No,No,Insulin,113,83,82,32.6,86.7,0.8,160.1
71,Female,South Asian,29.3,Low,Sedentary,Heavy,Former,4.6,Poor,Moderate,No,No,No,No,No,No,No,None,131,84,70,31.3,79.6,0.81,162.8
30,Female,South Asian,21.7,Low,Sedentary,None,Former,5.5,Average,Moderate,No,No,No,No,No,No,Yes,None,139,76,78,32.7,73.2,0.79,155.2
66,Male,African,22.1,Low,Sedentary,None,Never,6.8,Poor,Moderate,Yes,No,No,Yes,No,No,No,Other,133,72,78,30.8,100.8,1.04,202.9
43,Male,Hispanic,22.7,Low,Sedentary,Moderate,Former,8.7,Average,Low,No,No,No,No,No,No,No,None,109,102,88,33.7,83.4,0.96,191.9
30,Female,South Asian,28.5,Low,Moderate,None,Former,9.9,Average,Moderate,Yes,No,No,No,No,Yes,No,None,103,76,91,30.7,76.6,0.61,121.7
33,Female,South Asian,29.8,Low,Sedentary,None,Never,6.0,Poor,High,No,No,No,No,No,No,No,Metformin,97,74,84,31.5,94.6,0.94,186.1
35,Male,Caucasian,24.5,High,Active,None,Never,5.0,Good,Low,No,No,No,No,No,No,No,None,123,64,88,32.6,113.2,1.19,231.5
46,Female,South Asian,24.6,Low,Moderate,Moderate,Never,8.2,Average,Moderate,Yes,No,Yes,No,No,No,No,Steroids,109,85,75,31.8,100.2,0.99,188.7
48,Female,Hispanic,27.3,Low,Sedentary,None,Current,10.0,Average,Low,No,No,No,No,No,No,No,Metformin,103,98,68,33.5,98.6,0.99,184.3
31,Female,Hispanic,27.8,Middle,Sedentary,None,Former,8.7,Average,Low,No,No,No,No,No,No,No,None,149,78,75,33.3,85.5,0.88,177.7
40,Male,South Asian,30.9,Middle,Sedentary,None,Never,5.9,Good,Moderate,No,No,No,Yes,No,No,No,None,127,77,74,32.5,113.2,1.14,224.6
72,Female,Caucasian,18.6,Low,Sedentary,None,Current,10.0,Poor,Moderate,No,No,No,Yes,No,No,No,None,125,83,73,31.3,84.2,0.85,170.7
66,Female,Hispanic,25.1,Middle,Moderate,Moderate,Former,8.0,Average,Moderate,No,No,No,Yes,No,No,No,Metformin,124,83,75,31.9,87.9,0.88,168.1
47,Male,South Asian,19.7,Low,Sedentary,None,Current,5.8,Good,High,Yes,Yes,No,No,No,Yes,No,None,144,60,73,30.5,117.4,1.14,231.7
41,Female,African,24.7,Low,Active,Moderate,Never,9.9,Good,Moderate,No,No,No,No,Yes,Yes,No,None,117,86,70,31.2,69.5,0.71,143.5
42,Female,South Asian,23.9,Low,Sedentary,None,Never,5.7,Poor,Moderate,No,No,No,No,Yes,No,No,None,129,99,74,31.8,78.9,0.8,159.7
49,Male,African,24.8,Middle,Sedentary,None,Former,6.1,Poor,Moderate,No,No,No,Yes,No,No,No,Metformin,134,81,83,32.9,86.6,0.92,185.7
25,Male,South Asian,21.0,Low,Sedentary,None,Never,8.1,Good,Low,Yes,No,No,No,No,No,No,None,148,79,66,32.4,76.1,0.81,165.5
36,Male,Hispanic,18.0,Middle,Sedentary,None,Never,7.0,Poor,Moderate,No,No,No,No,No,No,No,None,120,88,88,31.7,91.0,0.9,186.0
18,Female,South Asian,18.0,Low,Active,None,Never,7.1,Good,Low,No,No,No,Yes,No,No,No,None,139,87,86,31.2,110.7,1.04,205.5
46,Male,South Asian,24.3,Middle,Moderate,Moderate,Former,7.1,Good,Low,No,No,No,No,No,Yes,No,Insulin,93,82,76,32.8,89.1,0.95,189.9
50,Female,Hispanic,22.8,Low,Sedentary,Moderate,Never,8.7,Average,Low,Yes,No,No,Yes,No,No,No,None,152,88,51,31.4,86.8,0.79,159.7
33,Female,South Asian,21.6,Middle,Active,None,Never,4.0,Good,Low,Yes,No,No,Yes,No,No,No,Metformin,126,88,53,32.7,87.1,0.92,187.1
64,Female,South Asian,31.6,Middle,Active,Moderate,Never,7.4,Average,Moderate,No,No,No,No,No,No,No,None,131,68,76,32.5,90.8,0.99,195.7
22,Male,South Asian,20.7,Middle,Moderate,Heavy,Never,6.6,Good,High,Yes,Yes,No,No,No,Yes,No,None,101,69,82,33.1,126.3,1.33,266.5
18,Female,South Asian,32.1,Low,Active,None,Current,5.9,Average,High,No,No,No,No,No,No,No,None,100,67,93,31.1,109.4,0.97,195.4
43,Male,Other,33.1,Middle,Moderate,None,Never,5.9,Poor,Moderate,Yes,No,No,No,No,No,No,None,110,65,71,31.6,99.5,0.99,197.9
56,Male,Hispanic,18.0,Middle,Moderate,Moderate,Never,4.0,Good,Low,No,Yes,No,Yes,No,Yes,Yes,None,120,88,70,32.0,134.5,1.41,284.6
65,Female,South Asian,25.5,Low,Sedentary,None,Never,5.8,Poor,Low,No,No,No,No,No,No,No,None,116,88,63,31.7,69.8,0.72,146.4
33,Male,African,23.0,High,Sedentary,Moderate,Never,8.9,Good,Low,Yes,No,No,No,No,No,No,None,114,84,81,31.3,108.0,1.13,225.3
56,Female,Caucasian,18.0,Middle,Moderate,Heavy,Current,8.2,Average,Low,No,No,Yes,No,No,No,No,Other,117,97,75,31.3,152.8,1.54,303.9
39,Male,Other,18.0,Middle,Active,None,Current,6.7,Poor,Moderate,No,Yes,No,No,No,No,No,Metformin,90,77,70,30.7,94.7,0.95,187.0
37,Male,South Asian,28.9,Low,Moderate,Moderate,Never,4.9,Average,High,No,No,No,No,No,No,No,None,126,73,75,31.2,88.2,0.98,194.2
53,Male,Caucasian,35.1,Middle,Active,None,Never,8.2,Good,Moderate,No,No,No,No,No,No,No,None,117,81,74,32.7,109.0,1.08,211.9
50,Female,Caucasian,29.5,Low,Sedentary,None,Never,9.0,Average,High,No,Yes,No,Yes,No,No,No,None,134,91,85,32.9,100.0,1.02,211.1
18,Female,Caucasian,26.6,Middle,Moderate,None,Never,8.6,Good,Moderate,No,Yes,No,No,No,Yes,No,Metformin,113,74,71,32.3,108.9,1.16,223.7
62,Female,Caucasian,24.9,Middle,Moderate,None,Former,5.5,Poor,Moderate,Yes,No,No,No,No,No,No,None,114,99,75,31.8,87.4,0.95,189.1
61,Male,South Asian,33.4,Middle,Moderate,None,Never,5.7,Average,High,No,No,No,Yes,No,Yes,No,None,122,79,83,31.9,178.9,1.78,348.1
31,Male,Hispanic,35.7,Low,Moderate,None,Former,9.5,Good,Moderate,Yes,No,No,Yes,No,No,No,None,130,85,72,33.4,100.0,1.02,189.2
46,Female,Caucasian,22.1,Middle,Sedentary,Moderate,Former,5.2,Poor,Moderate,Yes,Yes,No,No,No,No,No,Insulin,137,82,68,32.9,98.4,1.05,213.9
47,Male,Other,18.0,Low,Sedentary,None,Never,7.7,Average,Moderate,No,Yes,No,No,No,No,No,Steroids,119,76,62,30.0,123.1,1.22,245.3
44,Male,South Asian,18.0,Middle,Active,None,Former,4.3,Good,Low,No,No,No,No,No,No,No,None,126,89,65,31.1,76.0,0.7,135.1
32,Female,African,31.6,Middle,Sedentary,None,Current,6.5,Average,High,No,No,Yes,No,No,No,No,None,120,60,69,31.5,126.6,1.22,237.6
30,Male,Other,24.8,Middle,Sedentary,None,Never,7.9,Good,Low,No,No,No,Yes,No,No,No,Insulin,116,77,85,33.5,110.2,1.2,240.8
40,Female,African,25.9,Low,Sedentary,None,Current,7.0,Good,Moderate,Yes,No,Yes,No,No,No,No,None,91,88,68,32.6,77.1,0.78,153.8
58,Female,Hispanic,18.0,Low,Sedentary,Moderate,Former,7.8,Average,Moderate,No,No,Yes,No,No,No,No,None,123,65,73,30.6,108.0,1.09,210.4
48,Male,Hispanic,21.2,Low,Moderate,None,Never,5.2,Good,Moderate,No,Yes,No,Yes,No,No,No,None,106,73,65,32.7,144.9,1.54,305.4
34,Male,South Asian,23.5,Middle,Moderate,Moderate,Current,5.8,Average,Low,Yes,No,No,No,No,No,No,None,133,75,76,34.9,96.8,0.96,192.0
52,Male,African,26.0,Low,Active,None,Former,7.7,Average,Low,No,No,No,No,No,No,No,None,107,77,78,32.8,75.1,0.81,159.0
18,Female,South Asian,23.0,Middle,Sedentary,Moderate,Never,8.0,Poor,Moderate,No,Yes,No,Yes,No,No,No,None,111,74,79,31.1,121.3,1.26,260.4
57,Female,Caucasian,19.8,Middle,Moderate,None,Never,7.3,Good,Moderate,No,No,No,Yes,No,Yes,No,None,108,70,93,33.5,96.9,0.96,191.2
18,Male,South Asian,21.1,Low,Active,None,Current,8.4,Good,Low,No,Yes,No,No,No,No,No,None,128,79,75,32.3,114.5,1.1,220.6
35,Male,African,31.0,Low,Active,Moderate,Never,4.5,Average,High,No,No,No,No,No,No,No,None,115,88,78,31.3,69.3,0.58,124.6
23,Female,Caucasian,26.2,Low,Active,None,Never,6.3,Average,Moderate,Yes,Yes,No,No,No,No,No,Metformin,129,84,69,32.0,102.3,0.96,203.9
21,Female,Caucasian,28.1,Low,Moderate,Moderate,Never,9.7,Average,Moderate,Yes,No,No,Yes,No,No,No,None,90,90,97,31.8,92.4,0.89,180.8
57,Male,South Asian,20.5,Middle,Sedentary,Moderate,Never,8.9,Average,Moderate,Yes,Yes,No,No,No,Yes,No,None,150,78,83,31.3,112.0,1.11,224.6
33,Male,Other,18.0,Middle,Sedentary,None,Former,8.0,Good,Low,No,No,No,No,No,No,No,None,105,93,84,30.8,95.4,0.94,175.7
45,Male,South Asian,22.4,Middle,Active,Moderate,Never,6.8,Poor,High,Yes,Yes,No,Yes,No,Yes,No,Steroids,132,67,86,31.4,175.9,1.72,335.3
39,Female,South Asian,20.7,Low,Active,Moderate,Never,8.6,Good,High,Yes,Yes,No,No,No,No,No,Steroids,127,93,82,31.9,115.1,1.17,232.3
47,Female,South Asian,26.7,High,Moderate,None,Current,7.6,Poor,Moderate,No,No,No,No,No,Yes,Yes,Steroids,131,91,86,32.8,98.2,0.91,180.3
41,Male,Other,40.0,Low,Sedentary,None,Former,4.7,Average,Moderate,No,No,No,No,No,No,No,None,108,64,73,30.7,165.9,1.57,307.3
21,Female,Other,28.5,Low,Moderate,None,Current,8.5,Average,Moderate,No,No,No,No,No,Yes,No,None,115,85,98,30.6,77.5,0.68,140.5
55,Male,African,38.7,Middle,Sedentary,None,Never,5.7,Average,Moderate,No,No,No,No,No,No,No,None,126,79,60,32.1,124.9,1.31,260.5
33,Male,Hispanic,27.8,Middle,Sedentary,None,Former,8.1,Average,Moderate,No,No,No,No,No,No,No,None,120,79,72,31.7,78.2,0.82,161.5
18,Male,South Asian,21.9,Low,Sedentary,Moderate,Former,4.6,Good,Moderate,No,No,No,No,No,No,No,None,106,81,92,31.6,108.4,1.08,216.5
34,Female,Other,26.7,Middle,Active,Moderate,Never,9.4,Average,Low,No,No,No,No,No,No,No,Metformin,129,74,73,31.1,124.6,1.25,247.4
63,Male,South Asian,33.9,Middle,Sedentary,Moderate,Current,6.6,Poor,Moderate,No,No,No,No,No,No,No,None,154,89,82,31.1,125.6,1.2,237.8
53,Female,South Asian,34.1,Middle,Moderate,Moderate,Never,5.3,Average,Moderate,Yes,No,No,No,No,No,No,None,114,80,70,30.9,75.6,0.72,147.9
35,Male,South Asian,22.1,Low,Sedentary,None,Never,6.0,Good,Low,Yes,No,No,No,No,No,No,None,127,69,79,30.2,171.0,1.64,336.5
35,Male,Caucasian,26.3,Middle,Moderate,None,Former,6.5,Good,Moderate,No,No,No,Yes,No,No,No,None,123,80,71,32.3,91.6,1.0,193.2
35,Male,Hispanic,18.0,Middle,Moderate,Moderate,Never,7.0,Poor,Moderate,Yes,No,No,No,No,No,No,None,114,75,87,32.5,88.4,0.91,185.9
71,Female,South Asian,29.1,Middle,Active,None,Former,9.0,Good,Moderate,No,No,Yes,Yes,No,No,No,None,132,86,78,33.7,69.8,0.71,143.9
46,Male,Other,32.8,Middle,Sedentary,Moderate,Never,7.1,Average,Low,No,No,No,No,No,No,No,Metformin,132,67,57,32.6,99.9,1.05,211.4
46,Female,Caucasian,25.2,High,Sedentary,None,Former,4.0,Average,Moderate,Yes,Yes,No,No,No,Yes,No,Insulin,112,100,67,32.0,140.9,1.46,280.3
55,Male,South Asian,21.7,Middle,Moderate,None,Never,5.2,Good,Moderate,No,No,No,Yes,No,Yes,No,Other,141,81,65,32.5,125.6,1.26,256.0
44,Male,Caucasian,26.8,Low,Sedentary,None,Never,10.0,Average,Moderate,Yes,Yes,No,Yes,No,No,No,Other,120,68,89,31.6,183.4,1.79,361.0
36,Male,African,27.1,Middle,Sedentary,None,Never,7.2,Good,Moderate,Yes,No,No,No,No,No,No,Insulin,136,78,63,31.1,106.3,1.04,207.0
37,Male,Hispanic,25.4,Low,Moderate,None,Never,8.4,Good,Moderate,No,No,No,No,No,No,Yes,Insulin,125,75,72,32.6,77.6,0.78,153.4
39,Male,Caucasian,25.9,Low,Moderate,None,Former,6.5,Average,Moderate,No,No,No,No,No,No,No,None,121,72,96,32.3,110.8,1.2,245.1
39,Male,Caucasian,24.1,Middle,Sedentary,None,Current,5.5,Average,Moderate,No,No,No,Yes,No,No,No,None,120,84,87,30.7,76.3,0.71,137.0
51,Female,South Asian,30.0,Low,Sedentary,None,Never,6.3,Average,Low,No,No,No,No,No,Yes,Yes,Metformin,130,102,66,32.0,83.0,0.76,148.1
41,Female,African,28.7,Middle,Active,None,Never,7.2,Poor,Moderate,No,Yes,No,Yes,No,No,No,None,104,99,66,31.2,112.3,1.16,234.6
51,Male,Other,20.1,Middle,Moderate,None,Never,6.3,Good,Moderate,Yes,No,No,Yes,No,No,No,Steroids,126,82,65,32.9,70.1,0.75,147.3
39,Male,South Asian,19.9,Middle,Sedentary,Moderate,Former,9.9,Good,Moderate,No,Yes,No,No,No,No,No,Insulin,140,72,77,31.6,112.8,1.19,238.1
41,Male,Hispanic,23.7,High,Sedentary,None,Never,6.1,Average,Low,No,No,No,No,No,No,No,None,128,83,70,33.7,125.3,1.28,261.4
18,Male,Caucasian,28.7,Low,Moderate,None,Never,5.4,Good,Low,No,No,No,No,No,No,No,Steroids,94,87,77,33.2,150.5,1.49,298.3
54,Male,South Asian,25.7,Middle,Sedentary,Moderate,Never,8.2,Average,Low,Yes,No,No,No,No,No,No,None,99,82,78,30.9,80.1,0.78,159.3
45,Female,Other,21.8,Middle,Active,Moderate,Never,8.4,Average,Low,No,No,No,No,No,No,No,Insulin,120,87,75,31.3,86.7,0.85,172.8
55,Male,Caucasian,26.3,Low,Moderate,None,Never,7.0,Average,Moderate,No,No,No,No,No,No,No,Metformin,108,84,76,32.7,98.2,0.89,175.6
18,Male,South Asian,23.3,Low,Sedentary,None,Never,6.1,Poor,Low,No,No,No,No,No,No,No,None,133,83,76,32.1,86.5,0.94,194.6
71,Male,South Asian,29.4,Low,Active,None,Never,4.1,Good,Moderate,No,No,No,No,No,Yes,No,None,113,68,67,31.7,149.4,1.49,289.3
38,Male,South Asian,26.7,Middle,Sedentary,None,Never,8.8,Good,High,No,No,No,No,No,No,No,Steroids,128,79,61,32.1,180.8,1.77,355.8
57,Female,Hispanic,23.4,Middle,Sedentary,Moderate,Never,8.3,Good,Low,No,Yes,Yes,Yes,No,No,No,None,149,99,76,31.9,104.6,1.02,198.3
24,Male,African,26.2,Low,Moderate,Heavy,Never,6.3,Average,High,Yes,Yes,No,No,No,No,No,None,120,85,67,33.0,120.3,1.24,255.6
49,Male,Other,31.6,Middle,Moderate,Moderate,Never,7.1,Good,Moderate,Yes,No,No,No,No,No,No,None,105,92,85,31.7,126.0,1.23,244.0
24,Female,South Asian,22.2,Low,Sedentary,Heavy,Never,6.7,Average,High,No,No,No,No,No,No,Yes,Steroids,126,100,62,32.5,105.4,1.07,212.9
31,Male,South Asian,27.0,Middle,Sedentary,None,Former,9.4,Average,Low,No,No,No,No,No,No,No,Insulin,124,68,71,32.5,82.2,0.77,147.3
69,Female,South Asian,24.6,High,Sedentary,Moderate,Current,5.4,Good,High,No,No,No,No,No,No,No,Insulin,124,106,77,33.2,99.0,1.0,199.5
37,Female,Caucasian,27.1,Low,Sedentary,None,Former,6.1,Average,High,No,Yes,No,No,No,No,No,Other,141,90,88,31.9,100.4,0.97,195.8
43,Male,Other,21.7,High,Moderate,None,Never,5.9,Average,High,No,Yes,No,No,No,No,No,None,102,92,71,32.2,84.2,0.88,179.4
53,Female,African,25.6,Middle,Moderate,Moderate,Former,7.5,Poor,Moderate,No,Yes,No,No,No,No,No,Metformin,135,73,77,32.4,111.3,1.17,236.1
47,Male,South Asian,30.5,High,Sedentary,None,Never,7.1,Good,Low,No,No,No,No,No,Yes,No,Insulin,111,87,81,31.4,125.7,1.24,251.8
42,Female,Hispanic,20.3,Low,Sedentary,None,Never,7.3,Average,Low,Yes,No,No,Yes,No,No,No,Insulin,141,72,83,31.8,85.0,0.83,168.5
45,Male,Hispanic,18.4,Low,Sedentary,Moderate,Never,5.7,Average,High,No,No,No,No,No,No,No,Steroids,90,81,79,31.1,76.0,0.76,156.5
76,Male,South Asian,18.5,Low,Sedentary,None,Never,9.2,Poor,Low,No,No,No,No,No,No,No,None,153,83,93,32.7,93.1,0.95,188.6
39,Female,Hispanic,19.1,Middle,Sedentary,None,Never,6.3,Average,Moderate,Yes,No,No,No,No,No,No,None,116,78,71,33.6,150.9,1.68,335.3
43,Female,South Asian,28.0,Middle,Sedentary,None,Never,8.8,Average,Low,Yes,No,No,No,No,No,No,Metformin,102,92,92,30.1,75.8,0.73,146.7
56,Other,South Asian,18.0,Low,Sedentary,Moderate,Never,10.0,Good,Moderate,No,Yes,No,No,No,Yes,No,None,134,75,82,33.0,106.4,0.99,188.5
57,Female,South Asian,23.5,Middle,Moderate,None,Current,5.7,Average,Moderate,Yes,No,No,Yes,No,No,No,None,128,60,77,32.0,118.0,1.24,236.3
58,Male,Caucasian,28.1,Low,Moderate,None,Current,7.5,Good,High,Yes,Yes,No,Yes,No,No,No,None,127,78,78,33.3,113.9,1.26,245.2
50,Male,Caucasian,27.1,Low,Sedentary,None,Current,6.8,Poor,High,No,No,No,Yes,No,No,No,Insulin,134,93,84,32.3,99.9,0.98,193.2
23,Male,South Asian,23.1,Middle,Active,Moderate,Never,10.0,Average,Moderate,No,No,No,No,No,No,Yes,Metformin,121,105,68,33.0,89.3,0.91,189.7
65,Male,South Asian,26.0,Low,Active,Moderate,Current,6.6,Good,Moderate,No,Yes,No,No,No,No,Yes,None,116,93,76,31.9,108.9,1.11,215.3
23,Male,Hispanic,25.5,Low,Active,None,Current,7.4,Average,Moderate,No,No,No,Yes,No,No,No,None,103,91,73,32.0,171.3,1.65,318.6
45,Female,Other,23.9,Low,Active,None,Current,7.3,Poor,Low,No,No,No,No,No,No,Yes,None,118,76,91,33.0,97.3,1.05,210.6
29,Male,Hispanic,23.9,Middle,Moderate,None,Never,6.8,Good,High,No,No,No,Yes,No,Yes,No,Metformin,112,103,68,34.5,82.5,0.83,168.8
39,Male,South Asian,36.2,Middle,Moderate,None,Former,8.1,Poor,Moderate,No,No,No,No,No,No,No,None,120,87,95,31.5,139.0,1.44,285.7
45,Male,South Asian,29.0,Middle,Sedentary,None,Never,7.1,Poor,Moderate,No,Yes,No,No,No,Yes,No,None,122,87,71,32.1,112.3,1.13,224.8
45,Female,South Asian,37.4,Middle,Moderate,None,Never,7.7,Average,Low,Yes,Yes,No,No,No,No,Yes,None,146,86,61,31.3,99.3,0.94,185.8
46,Female,South Asian,22.5,Middle,Moderate,Moderate,Never,7.3,Poor,Moderate,Yes,No,No,No,No,No,No,Metformin,109,68,66,31.8,83.9,0.75,146.9
64,Female,Caucasian,24.6,Low,Moderate,Moderate,Current,6.1,Poor,Moderate,No,No,No,Yes,No,No,Yes,None,118,84,67,31.5,96.7,0.97,201.9
47,Male,African,18.3,Middle,Moderate,None,Never,6.6,Good,Low,Yes,No,No,No,No,No,No,Metformin,113,65,92,31.0,78.6,0.73,145.6
36,Female,African,21.0,Middle,Sedentary,None,Never,7.8,Poor,High,No,No,No,No,No,Yes,No,None,99,88,62,32.5,115.3,1.14,223.1
54,Male,African,34.5,Middle,Moderate,None,Current,7.8,Poor,Low,Yes,No,No,Yes,No,No,No,None,164,83,78,32.2,127.0,1.22,247.8
58,Female,South Asian,22.4,Middle,Sedentary,None,Never,8.9,Good,Moderate,Yes,Yes,Yes,Yes,No,No,No,None,106,74,90,31.1,115.2,1.19,236.6
22,Female,South Asian,34.6,Middle,Moderate,None,Current,9.8,Average,Moderate,No,No,No,Yes,Yes,No,No,None,126,91,103,30.8,99.7,0.99,193.8
49,Male,African,18.8,Low,Active,None,Former,6.2,Poor,High,No,No,No,No,No,No,No,None,146,76,74,32.9,96.0,0.83,163.6
51,Female,South Asian,19.7,Middle,Active,None,Never,7.2,Average,High,No,No,No,No,No,No,Yes,Metformin,101,77,76,31.5,84.2,0.86,176.7
36,Female,South Asian,23.3,Low,Moderate,None,Never,6.7,Poor,High,No,No,No,Yes,No,No,No,None,133,85,63,34.2,156.4,1.6,329.7
61,Male,South Asian,24.7,Middle,Sedentary,Moderate,Never,5.3,Average,Low,No,No,No,Yes,No,No,No,Other,97,80,71,31.9,72.8,0.84,169.7
38,Female,South Asian,29.6,Low,Active,None,Current,7.8,Average,High,No,No,No,No,No,No,No,None,108,82,97,32.0,102.2,1.04,198.7
42,Male,South Asian,27.3,Low,Sedentary,None,Current,8.2,Good,Low,No,Yes,No,Yes,No,No,Yes,Metformin,128,90,84,31.8,115.9,1.1,225.6
37,Male,Hispanic,22.9,Middle,Active,None,Never,5.4,Average,Low,No,Yes,No,No,No,No,No,Insulin,116,73,87,30.6,122.2,1.17,231.7
40,Male,Hispanic,24.3,Low,Sedentary,Moderate,Never,6.4,Good,Low,Yes,No,No,No,No,No,No,None,142,72,81,30.6,104.5,1.06,215.2
24,Male,South Asian,23.4,Middle,Sedentary,None,Never,6.3,Poor,High,Yes,No,No,Yes,No,No,No,Insulin,122,78,86,33.4,105.1,1.18,248.6
18,Female,South Asian,20.4,Middle,Moderate,None,Former,4.7,Average,Moderate,No,No,No,No,No,No,No,None,128,79,94,33.3,103.9,0.95,184.3
64,Male,African,20.6,Middle,Moderate,Moderate,Never,6.9,Average,Moderate,No,Yes,No,No,No,No,No,None,110,86,70,31.0,196.3,1.93,387.8
27,Female,South Asian,30.1,Low,Sedentary,Moderate,Never,5.3,Average,Low,No,Yes,No,No,No,No,No,Steroids,104,99,82,32.5,125.9,1.32,263.9
25,Male,South Asian,18.0,Low,Moderate,Moderate,Former,7.2,Average,Low,No,Yes,No,No,No,Yes,No,Insulin,103,80,68,33.3,111.4,1.16,230.3
18,Female,South Asian,33.1,Low,Moderate,None,Never,7.4,Good,Moderate,No,No,No,Yes,No,No,No,Steroids,106,80,55,30.7,100.8,0.92,182.5
30,Female,South Asian,23.3,Middle,Sedentary,Moderate,Never,7.6,Good,Low,No,No,No,Yes,No,No,No,None,110,73,78,32.0,99.3,0.97,187.6
20,Female,Hispanic,21.1,Middle,Moderate,Moderate,Former,7.7,Average,Moderate,No,No,No,No,No,No,No,None,137,72,76,31.5,109.5,1.1,221.5
65,Male,Hispanic,28.7,Middle,Sedentary,Moderate,Never,9.3,Poor,Moderate,No,Yes,No,Yes,No,No,No,None,126,87,74,32.2,105.9,1.05,212.5
55,Male,South Asian,32.4,High,Moderate,None,Never,5.8,Average,Moderate,Yes,No,No,No,No,No,No,Steroids,101,80,69,33.2,110.0,1.16,230.5
30,Male,South Asian,30.6,Middle,Sedentary,None,Former,5.9,Good,High,Yes,No,No,No,No,No,Yes,None,114,92,76,32.4,80.1,0.8,167.8
74,Female,South Asian,27.5,High,Moderate,Moderate,Never,8.0,Poor,Low,Yes,No,No,Yes,No,No,No,Steroids,120,91,79,32.6,125.9,1.22,242.8
55,Female,South Asian,30.4,Low,Sedentary,Heavy,Former,6.8,Average,Low,No,No,No,Yes,No,No,No,None,164,89,95,30.0,79.5,0.77,151.2
35,Male,Other,18.0,Low,Sedentary,Moderate,Current,8.7,Poor,Moderate,No,Yes,No,Yes,No,No,No,None,120,65,80,32.7,104.2,1.13,220.6
18,Male,African,22.4,Low,Moderate,Moderate,Former,7.8,Average,High,No,No,No,No,No,No,No,None,127,87,81,32.0,69.4,0.56,112.2
74,Female,Caucasian,20.4,Low,Moderate,None,Former,9.9,Poor,Moderate,No,No,No,Yes,No,No,No,None,105,71,68,34.2,85.1,0.93,191.3
19,Male,Hispanic,31.1,Middle,Active,None,Former,6.9,Good,High,No,No,No,Yes,No,No,No,Metformin,131,61,65,32.6,118.4,1.2,239.2
18,Female,Hispanic,23.1,Middle,Active,Moderate,Never,4.8,Poor,Moderate,No,No,No,Yes,No,No,No,None,141,82,65,31.7,136.3,1.34,266.8
55,Female,Hispanic,29.2,Middle,Moderate,Moderate,Never,7.5,Poor,Low,Yes,No,No,No,No,No,No,None,118,94,72,33.9,112.9,1.08,220.7
77,Female,South Asian,27.7,Middle,Sedentary,Moderate,Never,6.9,Good,Moderate,No,No,No,No,No,No,No,Metformin,129,87,76,31.9,70.2,0.72,141.5
61,Male,South Asian,20.7,High,Sedentary,Heavy,Former,7.8,Average,Low,No,No,No,No,No,Yes,No,None,129,71,77,32.3,93.5,1.04,201.6
48,Male,African,22.1,Middle,Sedentary,None,Never,8.0,Good,Moderate,No,No,No,No,No,No,Yes,None,121,108,67,30.6,91.7,0.9,177.5
49,Female,South Asian,31.5,Low,Sedentary,None,Never,6.2,Average,Low,Yes,No,No,No,No,No,No,None,139,88,53,31.4,114.0,1.21,235.6
53,Female,Other,21.1,Low,Active,Heavy,Former,5.5,Average,Low,No,No,No,No,No,Yes,No,Other,108,72,71,31.3,94.4,0.88,183.7
51,Male,African,25.6,Low,Sedentary,None,Never,6.8,Poor,High,No,Yes,No,No,No,No,No,None,107,60,84,31.8,83.3,0.79,158.4
44,Male,Other,21.1,Low,Sedentary,Moderate,Former,4.0,Average,Low,Yes,No,No,No,No,Yes,No,None,120,78,71,30.8,81.5,0.86,163.9
42,Female,South Asian,23.4,Middle,Sedentary,Moderate,Never,7.1,Average,Low,No,No,No,No,No,No,No,None,114,60,74,30.3,111.5,1.09,213.8
39,Female,Hispanic,24.8,Middle,Sedentary,None,Never,6.4,Average,High,No,Yes,No,No,No,No,No,None,90,70,59,32.1,124.6,1.26,247.9
29,Female,South Asian,21.1,Low,Sedentary,Moderate,Never,8.3,Average,Moderate,No,No,No,Yes,No,No,No,None,109,63,76,30.5,107.9,1.02,210.1
36,Other,Other,20.2,Middle,Moderate,None,Never,4.0,Good,Moderate,Yes,No,No,No,No,No,No,None,90,72,79,32.7,85.4,0.89,181.3
18,Male,South Asian,26.4,Middle,Sedentary,Moderate,Never,7.0,Average,High,No,No,No,No,No,No,No,Steroids,115,75,69,34.0,84.6,0.91,170.1
39,Male,Caucasian,20.8,Low,Moderate,None,Never,9.4,Average,Moderate,No,No,No,No,No,No,No,None,131,71,85,32.2,125.2,1.31,264.9
25,Female,Hispanic,20.9,Low,Moderate,Moderate,Never,8.0,Poor,Low,Yes,Yes,No,No,No,No,No,Metformin,121,103,87,32.3,106.7,1.09,224.0
23,Female,Caucasian,20.3,Middle,Moderate,Moderate,Former,8.5,Good,Moderate,Yes,Yes,Yes,No,No,No,Yes,None,122,78,96,30.0,113.8,1.04,209.4
43,Male,Caucasian,24.6,Middle,Moderate,None,Never,7.5,Average,Moderate,Yes,No,No,No,No,No,No,None,118,93,66,32.6,69.9,0.69,136.8
61,Male,Other,29.7,Low,Moderate,Moderate,Former,4.5,Average,High,Yes,No,No,No,No,No,No,None,123,86,78,31.9,85.9,0.88,192.7
54,Female,Caucasian,32.5,Low,Sedentary,Heavy,Former,7.2,Average,Low,Yes,No,No,Yes,No,No,No,None,162,78,63,32.5,126.3,1.37,273.2
18,Male,African,21.4,Low,Sedentary,Moderate,Never,7.6,Good,Low,No,No,No,Yes,No,No,No,None,115,75,81,30.8,76.8,0.75,157.1
25,Male,South Asian,35.8,Low,Active,Heavy,Never,5.4,Good,Moderate,No,No,No,Yes,No,No,No,None,120,94,80,31.7,132.3,1.16,225.6
54,Female,Hispanic,20.0,Middle,Sedentary,None,Never,6.8,Average,Moderate,No,No,No,Yes,No,Yes,No,None,107,70,56,33.2,86.4,0.82,167.5
25,Female,African,30.4,Low,Sedentary,None,Current,4.0,Good,Low,No,No,No,Yes,No,Yes,No,Metformin,91,74,78,31.2,109.6,1.04,204.0
37,Female,Caucasian,21.4,Low,Sedentary,None,Current,6.5,Poor,High,Yes,No,No,Yes,No,No,No,Metformin,124,74,73,31.7,171.7,1.69,335.2
48,Male,South Asian,20.6,Low,Moderate,Heavy,Never,6.3,Poor,High,No,Yes,No,No,No,Yes,No,None,137,81,63,32.9,168.7,1.72,337.2
25,Female,Caucasian,21.3,Middle,Sedentary,None,Never,9.1,Good,Moderate,No,Yes,No,No,No,Yes,No,None,155,71,72,32.7,202.1,2.0,401.3
42,Female,South Asian,24.7,Low,Moderate,None,Current,6.1,Poor,High,No,No,No,No,No,Yes,Yes,None,117,89,96,33.1,126.6,1.22,229.4
20,Female,South Asian,27.9,Low,Moderate,None,Former,6.6,Poor,Low,No,No,Yes,No,No,No,No,None,116,91,81,31.3,125.9,1.28,250.9
31,Female,African,28.3,Middle,Sedentary,None,Never,6.9,Average,High,Yes,No,No,No,No,No,No,None,134,73,67,31.8,95.2,0.89,175.7
45,Male,South Asian,20.3,Middle,Sedentary,Heavy,Never,6.1,Good,Moderate,No,No,No,No,No,Yes,No,None,146,85,72,31.1,96.8,0.9,179.9
18,Male,South Asian,20.1,Low,Moderate,None,Never,8.1,Poor,Low,Yes,No,No,No,No,No,No,None,101,72,56,31.0,105.1,1.02,205.3
47,Male,African,20.4,Low,Sedentary,Heavy,Former,4.0,Poor,Moderate,No,No,No,Yes,No,No,No,None,130,82,64,31.0,92.1,0.87,175.4
40,Male,South Asian,24.4,Middle,Sedentary,None,Former,8.7,Poor,Moderate,No,No,No,No,No,No,No,None,147,92,92,32.0,85.8,0.83,162.3
48,Female,South Asian,23.9,High,Sedentary,Moderate,Never,7.0,Poor,Moderate,No,Yes,Yes,No,No,No,No,Metformin,116,81,84,33.6,112.9,1.2,237.0
43,Female,South Asian,20.2,Low,Moderate,None,Never,9.0,Poor,High,No,No,No,No,No,No,No,None,103,79,80,33.3,107.0,1.09,217.0
60,Female,Caucasian,26.3,Low,Moderate,None,Current,4.0,Good,Moderate,Yes,No,No,No,No,Yes,No,None,132,103,79,32.5,82.6,0.73,146.9
42,Female,African,36.3,Low,Sedentary,None,Current,4.0,Poor,Moderate,No,No,No,No,No,Yes,No,None,100,84,89,31.1,96.0,0.96,188.9
34,Male,African,22.5,Middle,Moderate,None,Never,6.6,Average,Low,No,Yes,No,Yes,No,Yes,No,None,138,72,78,31.0,126.6,1.27,249.8
42,Male,South Asian,22.8,Middle,Moderate,None,Never,7.8,Good,Moderate,Yes,No,No,No,No,No,Yes,None,150,71,72,31.7,78.6,0.8,165.7
48,Male,South Asian,27.8,Middle,Sedentary,None,Never,6.2,Average,Moderate,No,No,No,No,No,No,No,Metformin,112,103,74,32.4,72.9,0.74,148.7
41,Male,South Asian,22.2,Middle,Sedentary,None,Never,7.9,Poor,Low,No,No,No,No,No,No,No,None,145,73,72,32.6,94.9,1.02,202.1
41,Male,Caucasian,28.3,High,Active,None,Never,8.5,Average,High,Yes,Yes,No,No,No,No,No,Metformin,129,73,72,32.2,137.3,1.43,286.1
29,Female,Other,21.4,Middle,Moderate,Moderate,Never,8.0,Good,Moderate,Yes,No,No,No,No,No,No,None,141,80,92,31.9,117.1,1.18,237.2
30,Female,South Asian,34.2,Middle,Moderate,None,Current,7.2,Average,Moderate,No,No,No,No,No,Yes,No,None,110,87,64,32.2,141.6,1.43,290.8
19,Male,South Asian,26.7,Middle,Sedentary,Moderate,Current,7.1,Average,Moderate,Yes,No,No,No,No,No,No,Other,129,68,70,31.4,197.1,2.0,402.2
66,Male,South Asian,21.9,Low,Moderate,Heavy,Never,6.1,Average,High,Yes,No,No,No,No,No,No,None,124,77,57,30.6,79.3,0.76,144.0
21,Female,African,22.1,Middle,Moderate,None,Current,6.9,Average,Low,No,No,No,No,No,Yes,No,Metformin,108,67,85,31.7,121.3,1.16,236.6
30,Male,African,22.4,Middle,Sedentary,None,Former,5.5,Average,Moderate,No,No,No,No,No,No,No,Insulin,115,78,78,32.2,118.6,1.13,225.5
29,Female,African,31.9,Middle,Active,None,Never,5.8,Good,Low,No,No,No,Yes,No,No,No,None,129,88,92,31.9,109.2,1.02,196.6
53,Female,Hispanic,18.7,Low,Sedentary,None,Current,7.8,Average,Low,No,Yes,No,Yes,No,No,No,Metformin,103,77,69,30.5,106.6,1.08,205.6
36,Female,Caucasian,21.7,Middle,Sedentary,Moderate,Never,6.3,Average,Low,No,No,No,Yes,No,No,No,None,102,100,67,31.8,99.6,1.03,202.1
59,Male,South Asian,22.2,Middle,Sedentary,None,Current,5.9,Good,Moderate,No,No,No,No,No,No,No,None,101,72,63,31.4,69.9,0.72,155.0
30,Female,South Asian,24.9,Middle,Moderate,None,Never,7.7,Poor,High,No,No,No,Yes,Yes,No,No,None,108,82,80,33.3,85.2,0.91,183.2
44,Male,African,23.6,Low,Moderate,None,Never,7.6,Good,Moderate,Yes,No,No,No,No,No,No,None,124,93,71,32.6,70.1,0.68,131.9
27,Female,African,18.0,Middle,Moderate,Moderate,Never,6.7,Average,Moderate,No,No,No,No,No,No,No,Insulin,112,90,78,30.0,123.0,1.1,220.5
72,Male,Caucasian,23.0,Low,Active,Moderate,Never,6.8,Average,High,No,No,No,No,No,No,No,Steroids,139,106,71,32.1,74.1,0.83,168.1
22,Male,African,24.5,Middle,Sedentary,Heavy,Never,7.6,Poor,Moderate,No,Yes,No,No,No,No,No,None,98,83,89,30.9,112.5,1.09,220.8
45,Female,African,21.9,Middle,Moderate,Heavy,Current,8.5,Average,Low,Yes,No,No,Yes,No,No,No,None,128,71,88,30.5,90.2,0.87,173.9
50,Female,Hispanic,28.4,Low,Moderate,None,Former,7.3,Average,Low,No,No,Yes,No,No,No,No,None,114,81,76,30.0,108.6,1.06,214.1
46,Female,Caucasian,29.6,Low,Active,None,Never,5.2,Average,Low,No,No,No,No,No,No,No,Insulin,118,72,86,32.9,76.8,0.77,150.8
37,Female,Hispanic,24.6,Middle,Sedentary,None,Never,6.7,Average,Low,Yes,Yes,No,No,No,No,No,Metformin,130,81,74,33.0,103.5,1.08,218.4
38,Female,South Asian,26.2,Low,Active,None,Current,6.4,Poor,Moderate,No,No,No,Yes,No,No,No,Metformin,90,92,75,30.5,76.6,0.71,136.3
41,Male,African,18.0,High,Sedentary,None,Never,5.4,Average,Moderate,No,Yes,No,No,No,No,No,None,90,87,53,33.1,126.0,1.3,264.8
38,Female,Other,22.9,Middle,Moderate,None,Never,7.7,Average,Low,No,Yes,No,No,No,Yes,No,None,119,79,80,34.1,114.1,1.19,238.7
54,Female,South Asian,30.0,Low,Moderate,None,Current,7.9,Average,Moderate,No,Yes,No,No,No,No,No,Steroids,117,73,75,31.8,127.5,1.19,236.0
73,Female,Hispanic,22.9,Middle,Active,None,Current,8.1,Average,Moderate,Yes,No,No,No,No,No,No,Steroids,99,83,84,31.1,99.7,0.93,183.6
32,Female,African,21.3,Low,Sedentary,Moderate,Former,5.5,Average,Moderate,No,No,No,No,No,No,No,Steroids,150,85,82,31.9,77.2,0.76,152.3
19,Male,South Asian,36.4,Middle,Sedentary,Heavy,Never,7.2,Average,High,Yes,No,No,No,No,No,No,Metformin,103,67,68,33.2,125.5,1.23,241.2
39,Female,Caucasian,34.1,Low,Sedentary,None,Never,7.0,Average,High,Yes,Yes,No,No,No,No,No,None,112,70,73,33.3,109.1,1.12,220.1
79,Male,South Asian,27.3,High,Moderate,None,Former,7.5,Average,Moderate,No,No,No,Yes,No,No,Yes,None,137,77,70,32.0,114.3,1.22,242.8
28,Male,Other,30.7,Middle,Moderate,None,Current,7.2,Average,Moderate,No,No,No,No,No,No,No,Metformin,110,67,85,31.1,90.6,0.75,162.9
65,Female,Hispanic,18.0,Middle,Active,Moderate,Current,7.0,Good,Moderate,No,Yes,No,Yes,No,Yes,No,Insulin,107,62,91,32.2,78.7,0.76,144.5
65,Male,South Asian,21.1,Low,Sedentary,Heavy,Never,6.8,Good,Moderate,Yes,No,No,No,No,No,No,Insulin,126,70,83,31.9,91.5,0.94,189.5
32,Female,South Asian,22.7,Low,Sedentary,None,Current,8.7,Poor,Moderate,Yes,No,No,No,No,No,No,None,109,84,95,32.1,114.2,1.14,231.4
49,Male,Caucasian,23.8,Middle,Sedentary,None,Never,5.7,Average,Moderate,No,No,No,Yes,No,No,No,Steroids,126,81,80,31.6,125.7,1.26,255.1
64,Male,South Asian,22.6,Middle,Sedentary,None,Never,6.7,Average,Moderate,No,Yes,No,Yes,No,No,No,Insulin,128,76,65,32.2,106.2,1.13,230.4
34,Female,South Asian,18.0,Low,Moderate,None,Never,8.6,Average,High,No,Yes,No,No,No,No,No,Steroids,126,71,61,30.1,119.0,1.16,225.8
37,Female,Caucasian,26.9,Low,Active,Moderate,Current,5.8,Good,Low,Yes,No,No,No,No,No,No,Insulin,138,84,66,32.4,106.5,1.03,206.3
31,Female,South Asian,27.7,Low,Active,None,Never,5.9,Average,Moderate,No,No,No,Yes,No,No,No,None,114,83,70,33.1,97.2,1.0,206.7
25,Female,South Asian,33.0,Middle,Sedentary,Heavy,Never,8.1,Good,Moderate,No,No,No,No,No,No,No,Other,112,92,68,31.8,107.9,1.13,225.6
30,Female,Hispanic,21.1,Low,Sedentary,None,Current,4.9,Good,Moderate,Yes,No,No,No,No,No,No,None,119,60,76,32.1,79.3,0.86,171.8
22,Male,Other,20.6,Low,Sedentary,Moderate,Never,8.0,Poor,Low,No,Yes,No,No,No,No,No,None,90,63,73,30.4,96.3,0.99,204.2
41,Male,Hispanic,18.0,Low,Moderate,None,Never,6.3,Poor,Moderate,No,No,No,No,No,No,Yes,None,123,89,76,32.5,130.2,1.34,258.6
28,Male,Hispanic,23.5,Middle,Active,None,Former,7.6,Average,Moderate,No,No,No,No,No,No,No,Other,115,85,99,32.9,92.2,1.04,209.7
44,Female,South Asian,29.5,Low,Sedentary,Moderate,Former,5.2,Poor,Moderate,No,No,No,No,No,Yes,No,None,126,89,84,33.6,108.2,1.14,229.9
18,Female,South Asian,21.9,High,Sedentary,Heavy,Never,8.8,Poor,Moderate,No,No,Yes,Yes,No,No,No,None,107,71,78,30.0,92.8,0.86,170.9
45,Male,South Asian,35.7,Low,Moderate,Moderate,Current,5.2,Good,Moderate,No,No,No,No,No,No,No,None,140,76,86,32.5,179.6,1.81,358.6
53,Female,Hispanic,23.7,High,Moderate,Moderate,Never,8.1,Good,Moderate,No,No,No,No,No,No,No,None,117,67,67,30.3,126.7,1.29,263.2
18,Female,Other,25.7,Middle,Sedentary,Moderate,Current,5.2,Average,Moderate,No,No,No,No,No,Yes,No,None,133,60,67,32.4,103.7,0.95,191.6
46,Male,African,18.2,Low,Active,None,Former,9.7,Good,High,Yes,No,No,No,No,No,No,Other,112,81,84,31.4,93.6,0.99,196.5
58,Male,Hispanic,26.4,Low,Sedentary,Moderate,Never,6.9,Poor,Moderate,No,Yes,No,No,No,No,No,None,127,94,75,32.5,99.6,1.07,215.9
22,Female,African,18.0,Middle,Active,Moderate,Current,9.9,Average,Low,Yes,No,No,Yes,No,No,No,None,97,78,76,32.4,89.2,0.91,174.0
65,Female,South Asian,28.5,Middle,Sedentary,None,Never,5.8,Poor,Moderate,Yes,No,No,Yes,No,No,No,Steroids,90,73,64,32.1,171.4,1.76,347.9
46,Female,Caucasian,28.6,Middle,Sedentary,None,Never,6.3,Average,Low,Yes,No,No,No,No,No,Yes,Steroids,117,69,70,31.5,84.9,0.85,174.5
29,Male,South Asian,31.8,Low,Sedentary,Moderate,Current,8.8,Average,Moderate,No,No,No,No,No,No,No,Other,120,91,71,32.2,126.2,1.2,244.3
39,Other,South Asian,19.9,High,Sedentary,Moderate,Never,4.9,Average,Moderate,No,No,No,No,No,No,No,Insulin,119,81,70,32.9,108.3,1.08,223.3
48,Male,African,25.8,High,Moderate,None,Never,6.0,Poor,High,No,No,No,Yes,No,No,No,None,116,81,96,32.3,84.9,0.75,147.5
41,Male,Caucasian,27.8,Middle,Moderate,Moderate,Never,7.7,Poor,Low,No,No,No,No,No,Yes,No,Other,114,66,96,32.8,76.4,0.81,163.5
48,Other,Caucasian,27.2,Middle,Sedentary,Moderate,Never,5.5,Average,Moderate,No,No,No,Yes,No,Yes,No,Insulin,130,71,86,30.6,85.0,0.8,160.1
26,Male,Caucasian,20.7,Middle,Moderate,None,Current,7.8,Average,Low,Yes,No,No,No,No,No,No,None,147,87,76,32.1,161.8,1.6,315.6
43,Female,South Asian,18.0,Low,Sedentary,Moderate,Current,7.3,Average,High,No,No,No,No,No,No,No,None,159,75,69,31.5,125.5,1.32,251.4
19,Male,Caucasian,26.7,Low,Sedentary,None,Never,4.7,Poor,Moderate,Yes,No,No,No,No,No,No,Other,136,73,65,32.8,144.4,1.47,299.4
38,Female,Caucasian,24.2,Middle,Active,None,Never,8.5,Good,Moderate,No,No,Yes,No,No,No,No,None,90,105,78,32.5,155.7,1.57,313.8
26,Female,South Asian,22.2,Middle,Active,None,Never,5.1,Poor,Moderate,Yes,No,No,Yes,No,No,No,None,136,81,88,31.5,94.8,0.95,190.1
29,Male,Hispanic,28.8,Low,Sedentary,Heavy,Never,8.2,Good,Moderate,No,No,No,No,No,Yes,No,None,136,78,83,32.2,91.6,0.84,167.5
59,Female,Caucasian,24.8,Middle,Sedentary,None,Never,7.2,Poor,High,No,No,No,No,No,No,No,Steroids,118,79,76,31.9,93.4,0.98,193.8
56,Male,African,18.4,Middle,Moderate,Moderate,Never,6.3,Average,Moderate,No,No,No,No,No,No,No,None,134,73,82,32.4,94.8,0.97,182.4
49,Female,Hispanic,18.0,Low,Sedentary,None,Never,5.3,Average,Moderate,Yes,No,No,No,No,No,No,None,125,79,75,32.3,107.7,1.14,224.0
24,Male,Hispanic,19.4,Low,Moderate,Moderate,Former,7.5,Good,Moderate,No,No,No,Yes,No,No,No,None,120,99,72,32.1,111.7,1.16,241.7
35,Male,Hispanic,37.0,Middle,Moderate,Moderate,Current,5.7,Average,High,No,Yes,No,Yes,No,No,No,None,124,84,65,30.7,135.4,1.38,277.5
58,Male,South Asian,28.6,Low,Sedentary,Moderate,Former,8.8,Poor,Low,Yes,Yes,No,Yes,No,No,No,None,112,64,72,33.5,99.2,1.03,196.1
42,Male,South Asian,25.9,Low,Sedentary,Moderate,Former,8.9,Good,Moderate,No,Yes,No,No,No,Yes,No,None,92,76,78,33.1,132.2,1.32,267.1
75,Female,South Asian,24.1,Low,Moderate,Moderate,Never,9.5,Average,High,Yes,No,No,Yes,No,Yes,Yes,None,92,81,71,32.1,109.4,1.02,200.2
46,Male,South Asian,23.8,Low,Sedentary,None,Current,7.4,Good,Low,No,No,No,No,No,No,Yes,None,134,65,64,32.5,167.6,1.76,336.8
43,Male,Other,30.8,Middle,Sedentary,None,Current,6.4,Good,Moderate,Yes,No,No,No,No,No,No,None,105,75,76,32.6,135.3,1.31,264.4
35,Male,African,22.5,Middle,Moderate,None,Current,6.6,Average,Moderate,Yes,No,No,No,No,No,No,Steroids,97,70,78,31.3,136.5,1.33,261.3
42,Male,South Asian,27.9,Middle,Moderate,Moderate,Never,6.4,Good,Low,Yes,Yes,No,Yes,No,No,No,Metformin,97,76,71,33.2,99.5,1.05,217.8
38,Female,South Asian,23.3,Middle,Sedentary,None,Former,7.4,Average,Moderate,No,Yes,No,No,No,No,No,None,113,81,75,30.0,185.3,1.76,342.8
51,Female,South Asian,34.7,High,Active,None,Former,7.7,Average,High,Yes,No,No,No,No,No,No,Metformin,143,87,50,30.3,84.2,0.86,174.4
54,Male,African,28.7,Low,Moderate,Moderate,Never,8.8,Average,Moderate,No,No,No,No,No,No,No,None,118,68,82,31.3,96.0,0.99,199.3
28,Female,African,31.2,Low,Sedentary,Moderate,Current,7.0,Average,Low,Yes,No,No,No,Yes,No,No,Metformin,99,79,78,32.3,104.2,1.07,202.9
20,Female,Hispanic,22.1,High,Sedentary,Moderate,Never,4.9,Average,Moderate,Yes,No,No,No,No,No,No,Metformin,142,77,89,32.1,98.8,1.06,220.3
18,Male,Other,30.3,High,Moderate,None,Never,6.4,Good,High,No,No,No,No,No,No,No,Other,125,78,73,32.1,100.2,0.97,188.4
48,Female,South Asian,23.4,Low,Sedentary,None,Never,9.3,Average,Low,No,No,No,No,No,No,Yes,None,115,72,82,31.9,84.0,0.8,161.2
23,Female,South Asian,25.6,Low,Sedentary,None,Never,4.7,Average,Low,No,No,No,No,Yes,No,No,None,127,80,87,31.7,99.7,1.07,207.2
18,Female,South Asian,33.2,Middle,Moderate,None,Current,8.1,Average,High,Yes,No,No,Yes,No,No,No,None,120,85,75,30.7,125.8,1.25,251.7
46,Female,South Asian,19.8,Low,Moderate,None,Never,6.4,Poor,High,Yes,No,No,Yes,No,No,No,None,109,66,78,30.6,107.8,1.03,205.3
77,Male,Other,26.0,Middle,Moderate,None,Never,5.7,Poor,Moderate,No,No,No,No,No,No,No,Steroids,112,97,76,30.7,114.1,0.98,200.8
40,Female,Caucasian,27.2,Low,Moderate,None,Former,7.6,Poor,Low,Yes,No,No,Yes,No,No,No,Steroids,101,89,59,30.9,145.4,1.45,297.3
53,Female,African,27.6,Low,Sedentary,None,Never,9.3,Average,Low,No,No,No,No,No,No,No,None,113,64,79,30.6,91.8,0.91,184.4
41,Male,Caucasian,22.7,Middle,Sedentary,None,Former,7.5,Good,Low,No,No,No,Yes,No,No,No,Steroids,134,94,66,30.6,84.2,0.77,147.9
39,Female,South Asian,35.4,High,Moderate,None,Former,6.6,Average,Moderate,No,Yes,No,Yes,No,No,No,None,134,95,66,31.7,105.9,0.96,189.3
54,Male,South Asian,18.5,Middle,Moderate,Moderate,Never,5.1,Good,Moderate,No,No,No,No,No,Yes,No,Insulin,117,75,80,33.1,79.8,0.81,170.9
36,Female,Caucasian,32.3,Low,Moderate,Moderate,Current,6.9,Poor,Low,Yes,No,No,No,No,Yes,No,Other,118,82,88,32.4,72.9,0.62,131.8
44,Female,African,31.1,High,Sedentary,Moderate,Never,5.0,Good,Low,No,Yes,No,No,Yes,Yes,Yes,Insulin,104,81,83,31.1,104.7,0.96,196.4
45,Male,South Asian,34.5,Middle,Active,None,Former,6.5,Average,High,No,No,No,No,No,No,No,Steroids,126,66,81,31.3,78.9,0.75,148.8
30,Male,African,18.0,Low,Sedentary,Heavy,Current,6.9,Poor,Moderate,No,No,No,No,No,Yes,No,None,99,90,78,33.9,162.9,1.6,329.8
55,Female,Hispanic,20.7,Low,Sedentary,Heavy,Former,4.0,Good,Moderate,No,No,No,Yes,No,No,No,None,132,61,84,31.5,125.7,1.29,255.6
37,Male,Caucasian,32.5,Low,Sedentary,None,Never,9.1,Poor,Low,No,Yes,No,No,No,Yes,No,None,126,83,92,30.9,125.5,1.2,239.3
29,Male,African,18.0,Middle,Sedentary,None,Never,5.1,Average,High,No,No,No,Yes,No,No,No,Metformin,116,96,69,31.7,94.9,1.07,212.8
48,Male,Caucasian,18.0,Middle,Moderate,None,Former,6.7,Average,Moderate,No,No,No,Yes,No,No,No,None,127,63,70,31.4,84.6,0.87,171.6
27,Male,African,22.6,Low,Sedentary,Moderate,Current,7.8,Good,Moderate,No,Yes,No,No,No,No,No,Metformin,115,77,82,31.1,110.8,1.09,212.9
40,Male,Hispanic,26.0,Low,Sedentary,None,Never,9.0,Average,High,No,No,No,No,No,No,Yes,None,123,91,58,32.0,81.4,0.87,172.5
40,Male,Other,33.0,Low,Sedentary,Heavy,Never,5.8,Average,Low,No,No,No,Yes,No,No,No,Steroids,123,84,74,33.3,98.9,1.01,200.0
56,Male,South Asian,24.1,Middle,Moderate,None,Never,4.0,Poor,Moderate,Yes,Yes,No,Yes,No,No,No,Insulin,137,88,78,30.7,103.8,1.01,203.5
47,Female,Caucasian,22.0,Low,Active,Heavy,Former,8.6,Poor,Moderate,No,No,No,No,No,No,No,None,127,73,70,32.4,90.3,0.9,172.8
40,Female,South Asian,26.6,Low,Moderate,Moderate,Never,5.1,Poor,Low,No,Yes,No,No,No,No,No,Insulin,136,71,56,33.0,161.6,1.68,340.9
52,Male,South Asian,27.3,High,Sedentary,Heavy,Current,7.5,Good,Moderate,No,No,No,No,No,No,No,Insulin,126,78,89,32.5,71.8,0.67,127.2
61,Male,African,27.2,Middle,Moderate,None,Current,7.6,Good,High,Yes,No,No,No,No,No,No,None,119,83,69,33.0,155.3,1.6,316.0
48,Female,Other,24.1,Low,Sedentary,None,Never,4.0,Good,Low,No,No,No,No,No,No,No,Metformin,128,86,69,32.5,84.8,0.85,173.0
40,Male,South Asian,18.0,Middle,Sedentary,Moderate,Never,4.6,Good,Moderate,No,No,No,No,No,No,Yes,None,125,84,88,31.3,116.6,1.15,227.6
20,Male,South Asian,20.4,Low,Active,Moderate,Former,6.3,Good,Moderate,Yes,No,No,No,No,No,No,None,115,90,50,33.8,137.2,1.48,291.6
24,Male,South Asian,32.1,Middle,Sedentary,None,Never,4.0,Good,Moderate,No,No,No,No,No,No,No,None,99,81,90,32.5,172.1,1.82,361.1
35,Female,Caucasian,25.9,Middle,Sedentary,Moderate,Never,5.0,Good,Moderate,No,No,No,No,No,Yes,No,None,112,70,97,34.3,156.8,1.59,315.5
31,Female,South Asian,23.4,Middle,Sedentary,None,Never,7.2,Good,Low,No,No,No,Yes,No,No,No,None,112,66,66,30.1,132.8,1.31,261.6
37,Female,South Asian,30.6,Middle,Sedentary,None,Never,6.9,Average,Low,Yes,No,No,Yes,No,No,No,None,128,88,70,34.4,116.4,1.24,245.5
41,Female,African,19.3,Low,Sedentary,None,Never,7.5,Average,High,Yes,No,No,Yes,No,No,No,None,119,90,80,32.9,187.4,1.91,383.1
48,Female,South Asian,23.9,Middle,Sedentary,Heavy,Current,7.7,Average,High,Yes,No,No,No,No,No,No,None,108,100,78,32.5,100.4,1.08,216.0
39,Male,Caucasian,25.7,Low,Sedentary,None,Former,4.5,Average,Moderate,No,No,No,No,No,No,No,None,118,104,85,31.1,85.8,0.82,163.2
47,Female,Hispanic,22.8,Low,Active,Moderate,Current,5.1,Average,Moderate,No,No,No,No,No,No,No,Metformin,115,90,80,32.7,86.9,0.95,203.6
41,Male,South Asian,25.5,High,Moderate,None,Never,8.1,Good,Moderate,No,No,No,Yes,No,No,No,None,106,84,83,33.2,119.4,1.24,258.8
18,Female,African,24.1,Middle,Active,Moderate,Never,9.3,Average,Moderate,Yes,Yes,No,No,No,No,No,None,142,76,109,30.2,99.3,0.92,186.8
26,Female,African,18.0,High,Moderate,Heavy,Never,5.5,Poor,Moderate,No,No,No,No,No,No,No,Other,117,71,59,32.6,99.1,0.96,184.5
38,Female,African,25.9,Low,Moderate,None,Never,7.4,Average,Low,No,Yes,No,No,No,No,No,None,108,81,88,31.4,113.2,1.1,225.7
22,Male,Caucasian,18.4,Middle,Sedentary,None,Never,8.2,Good,High,No,No,No,No,No,No,No,None,95,79,90,32.6,116.8,1.16,233.7
49,Male,South Asian,25.8,Low,Sedentary,Moderate,Never,7.4,Average,Moderate,No,No,No,No,No,No,No,Metformin,121,99,64,31.0,124.5,1.25,247.4
63,Female,Hispanic,31.9,Middle,Moderate,Heavy,Never,6.6,Average,High,No,No,No,No,No,No,No,Metformin,128,86,67,33.3,99.3,0.97,200.4
58,Female,Hispanic,23.6,Low,Sedentary,None,Never,6.0,Good,Moderate,Yes,Yes,No,No,No,Yes,No,None,110,78,80,31.9,125.6,1.23,248.2
37,Female,South Asian,19.1,Low,Sedentary,None,Never,10.0,Average,Moderate,No,No,No,No,No,Yes,No,Metformin,122,71,63,32.7,70.6,0.72,146.0
62,Male,South Asian,24.4,Low,Sedentary,None,Never,7.1,Average,High,No,No,No,No,No,No,No,None,104,85,69,33.0,96.9,0.92,183.5
42,Female,South Asian,20.8,Middle,Moderate,None,Never,7.6,Average,Moderate,No,No,No,Yes,No,No,Yes,None,117,81,77,32.3,101.7,1.03,207.2
35,Female,South Asian,28.0,Low,Active,None,Current,7.5,Good,Moderate,No,No,No,No,No,No,No,None,136,75,68,31.1,116.5,1.19,235.9
31,Female,Caucasian,24.3,Middle,Sedentary,Heavy,Never,5.8,Good,Moderate,No,No,No,Yes,No,No,No,Metformin,116,73,73,32.6,115.0,1.13,214.7
35,Female,South Asian,33.5,Low,Moderate,None,Never,7.1,Average,Moderate,No,No,No,No,No,No,No,None,110,85,66,31.9,82.9,0.82,168.1
34,Female,South Asian,30.8,Low,Active,None,Never,6.5,Good,Moderate,Yes,Yes,No,No,No,No,No,None,140,76,66,32.2,159.6,1.61,325.5
43,Female,Hispanic,24.2,Low,Sedentary,Moderate,Never,6.5,Good,Moderate,No,No,No,No,No,No,Yes,None,123,77,80,31.6,81.4,0.8,157.2
42,Female,South Asian,28.6,High,Sedentary,None,Current,7.5,Good,Moderate,No,Yes,Yes,No,No,No,No,Metformin,112,75,74,30.2,162.0,1.57,316.1
40,Female,Hispanic,23.0,Low,Sedentary,Moderate,Never,5.6,Good,Moderate,No,No,No,No,No,No,No,None,107,108,76,32.1,84.9,0.84,167.8
47,Male,African,25.2,Low,Active,Moderate,Former,5.2,Good,Low,No,No,No,No,No,No,No,None,103,82,82,31.4,111.8,1.1,218.1
58,Male,South Asian,23.2,Middle,Sedentary,None,Never,7.8,Average,High,No,No,No,No,No,No,No,Metformin,126,72,77,32.3,114.3,1.14,231.4
54,Female,African,28.8,Low,Sedentary,None,Former,6.2,Average,Moderate,No,Yes,No,No,Yes,No,No,Metformin,132,60,72,32.0,107.3,0.95,183.7
18,Female,African,32.2,Middle,Sedentary,None,Current,6.5,Average,Moderate,No,No,No,Yes,Yes,No,Yes,None,120,64,66,31.5,164.3,1.58,322.2
18,Female,South Asian,29.0,Low,Active,None,Current,4.1,Poor,Low,No,No,No,No,No,No,No,None,117,77,79,34.1,94.9,1.04,209.4
54,Male,South Asian,29.6,Middle,Active,None,Never,8.4,Good,Moderate,No,No,No,Yes,No,No,No,None,129,97,95,31.7,123.1,1.25,244.0
19,Male,Caucasian,29.6,Low,Sedentary,Heavy,Current,7.8,Poor,Low,No,No,No,No,No,No,No,Metformin,99,103,84,32.1,77.0,0.72,139.1
37,Female,Other,27.8,Middle,Active,None,Never,8.1,Average,Moderate,No,No,No,No,No,No,Yes,Steroids,121,78,60,33.9,69.8,0.66,129.2
22,Female,African,19.3,Middle,Sedentary,Moderate,Never,7.6,Average,Low,No,No,No,No,No,Yes,No,None,120,84,55,31.0,125.5,1.31,254.0
18,Male,South Asian,33.5,Middle,Sedentary,None,Former,4.7,Average,Moderate,No,Yes,No,No,No,No,No,Metformin,126,78,68,32.8,157.3,1.62,323.2
48,Male,African,34.0,Middle,Active,Heavy,Current,7.3,Average,Moderate,No,No,No,No,No,No,Yes,Metformin,127,85,60,31.3,80.0,0.78,153.6
51,Female,Caucasian,23.8,High,Moderate,Moderate,Never,6.1,Good,Moderate,No,No,No,Yes,No,No,No,None,114,78,62,31.8,69.8,0.68,140.8
31,Male,Caucasian,23.1,Low,Sedentary,Moderate,Former,5.6,Good,Low,No,No,No,No,No,No,No,Metformin,148,74,51,32.4,118.4,1.14,234.8
18,Female,African,28.1,Low,Sedentary,None,Never,7.8,Good,Low,No,No,No,No,No,No,No,None,104,73,77,33.1,200.5,2.0,405.2
32,Male,Caucasian,27.8,Middle,Moderate,None,Never,9.5,Average,Low,No,No,No,Yes,No,No,No,None,113,87,63,31.0,70.0,0.61,120.9
46,Female,Hispanic,24.0,Middle,Active,None,Current,9.2,Good,Moderate,No,No,No,Yes,No,No,No,None,133,93,63,32.3,90.9,0.91,176.6
18,Female,African,18.7,Low,Active,Moderate,Never,7.9,Average,Low,Yes,No,No,Yes,No,No,No,Metformin,110,76,68,31.3,176.2,1.81,352.0
43,Female,African,26.5,Middle,Moderate,Moderate,Never,7.0,Average,Low,No,No,No,No,No,No,Yes,Other,122,87,69,32.6,115.4,1.11,213.5
40,Male,South Asian,27.8,Low,Active,None,Never,6.7,Average,Moderate,Yes,No,No,No,No,No,No,Metformin,112,82,72,33.0,114.4,1.18,227.3
49,Female,Hispanic,28.6,Middle,Moderate,Heavy,Former,5.6,Good,Moderate,No,No,No,No,No,No,No,None,114,76,61,32.7,80.7,0.78,155.2
42,Male,Other,26.7,Middle,Moderate,Heavy,Never,6.6,Poor,Moderate,No,No,No,No,No,No,Yes,None,101,87,85,31.2,81.6,0.74,156.3
25,Male,South Asian,23.6,Middle,Moderate,None,Never,8.4,Average,High,No,No,No,No,No,Yes,No,Metformin,131,93,78,30.9,91.0,0.94,177.8
58,Other,Caucasian,30.0,Low,Sedentary,None,Never,9.7,Good,Moderate,No,No,No,Yes,No,No,No,Insulin,132,72,79,31.8,93.3,0.99,200.3
38,Female,South Asian,25.3,Middle,Sedentary,Moderate,Current,5.8,Average,Moderate,Yes,No,No,Yes,No,No,No,None,132,77,71,30.8,74.3,0.68,136.9
40,Female,Hispanic,22.7,Middle,Sedentary,None,Former,4.0,Poor,Moderate,No,No,No,Yes,No,No,No,None,114,95,86,32.5,120.9,1.14,230.2
26,Male,African,24.1,Low,Moderate,Moderate,Former,6.2,Average,Moderate,No,No,No,No,No,No,No,Other,125,80,80,33.4,89.1,0.91,183.9
33,Male,South Asian,18.0,Middle,Sedentary,Moderate,Former,8.4,Good,Moderate,No,No,No,No,No,No,No,None,150,72,77,31.2,92.5,0.89,181.4
27,Male,Hispanic,24.1,High,Sedentary,None,Never,10.0,Poor,High,Yes,No,No,No,No,No,No,None,124,82,85,32.5,125.6,1.25,251.4
37,Female,South Asian,28.4,Low,Sedentary,Moderate,Never,9.0,Good,Moderate,Yes,No,No,No,No,Yes,No,Insulin,103,80,58,31.2,122.2,1.12,225.7
66,Female,Hispanic,26.7,Low,Sedentary,None,Never,8.9,Good,Moderate,No,Yes,No,Yes,No,Yes,No,Metformin,107,91,77,33.3,125.2,1.23,238.6
19,Female,Caucasian,32.6,Low,Moderate,Heavy,Never,5.7,Good,Moderate,Yes,No,No,Yes,No,Yes,No,None,106,80,68,33.0,153.7,1.54,304.5
18,Female,South Asian,23.7,Middle,Sedentary,None,Never,5.8,Average,Moderate,Yes,No,No,Yes,No,No,Yes,None,140,80,68,31.9,109.5,1.12,221.0
62,Male,South Asian,27.4,High,Sedentary,None,Former,5.0,Poor,Moderate,No,No,No,No,No,Yes,No,Metformin,126,79,83,32.8,90.8,0.93,177.8
37,Male,South Asian,29.0,Middle,Moderate,Moderate,Never,6.0,Average,Low,No,No,No,Yes,No,No,No,None,96,82,89,32.8,75.6,0.72,142.5
30,Male,African,36.7,Low,Active,None,Never,8.4,Average,High,Yes,No,No,Yes,No,No,No,Metformin,140,95,88,30.8,181.1,1.77,358.4
56,Male,Caucasian,25.7,Middle,Sedentary,Moderate,Never,9.4,Good,Moderate,No,No,No,No,No,Yes,No,None,128,87,75,32.5,108.4,1.1,220.2
31,Male,South Asian,19.8,Middle,Sedentary,None,Never,7.5,Good,Moderate,No,No,No,No,No,No,Yes,None,123,70,72,31.4,85.3,0.85,168.8
67,Female,South Asian,29.2,Middle,Active,None,Never,6.6,Good,High,Yes,No,No,No,No,No,No,Metformin,143,83,87,32.1,70.3,0.77,155.1
50,Male,South Asian,34.3,Low,Sedentary,Moderate,Former,5.4,Average,High,No,No,No,No,No,No,No,None,117,83,65,31.7,110.8,1.11,212.0
33,Female,African,23.4,Middle,Active,None,Never,6.8,Average,Moderate,No,No,No,Yes,No,No,No,None,140,84,92,32.0,86.5,0.74,145.7
72,Male,African,29.2,Middle,Sedentary,Heavy,Never,7.3,Poor,Moderate,No,No,No,Yes,No,Yes,No,Metformin,90,65,71,32.9,154.1,1.51,300.7
31,Female,South Asian,31.1,Low,Sedentary,None,Former,4.8,Average,Moderate,Yes,No,Yes,Yes,No,No,No,None,109,81,75,30.9,100.3,1.0,199.3
51,Female,Caucasian,30.1,Middle,Sedentary,None,Never,8.4,Good,Moderate,No,No,No,No,Yes,No,No,None,132,74,70,30.3,98.9,1.01,198.6
44,Female,South Asian,25.6,High,Sedentary,None,Former,6.4,Average,Low,No,No,No,No,No,No,No,Insulin,145,65,75,31.6,81.0,0.91,187.9
60,Male,Other,21.5,Low,Active,Moderate,Never,8.3,Average,High,No,No,No,Yes,No,No,No,Metformin,102,92,66,33.1,83.4,0.82,164.9
63,Female,Other,24.6,High,Active,None,Current,7.0,Poor,Moderate,No,No,No,No,No,No,No,Metformin,114,77,71,31.1,92.4,0.96,192.3
40,Female,African,27.3,Low,Active,None,Never,7.4,Average,Moderate,No,Yes,No,No,No,No,No,None,122,77,77,31.5,125.6,1.24,245.9
29,Male,Other,29.5,Middle,Active,Heavy,Former,5.9,Average,Moderate,No,No,No,Yes,No,No,No,None,106,89,74,33.2,94.4,0.99,191.0
47,Male,Hispanic,26.7,Low,Active,None,Never,6.5,Good,Moderate,Yes,Yes,No,No,No,Yes,No,Steroids,116,90,50,33.4,98.8,1.07,208.5
30,Male,Hispanic,23.1,Low,Moderate,None,Never,8.0,Poor,High,No,Yes,No,Yes,No,Yes,No,None,144,78,100,32.7,124.7,1.35,273.8
70,Female,Caucasian,27.8,Middle,Active,None,Former,6.8,Poor,Moderate,No,Yes,No,Yes,No,No,No,Steroids,105,80,91,32.4,120.9,1.28,258.2
42,Female,South Asian,29.3,Middle,Sedentary,None,Never,5.3,Average,Moderate,Yes,No,No,Yes,Yes,No,No,None,116,70,63,33.0,99.8,0.98,194.8
35,Female,South Asian,26.9,Middle,Sedentary,None,Never,7.2,Average,Moderate,No,Yes,Yes,No,No,No,No,None,124,71,69,31.6,110.3,1.03,210.5
43,Male,South Asian,20.8,Middle,Moderate,None,Never,7.6,Poor,High,Yes,No,No,Yes,No,No,No,None,127,93,73,32.7,84.6,0.86,169.0
20,Male,African,24.1,Middle,Active,None,Never,9.1,Poor,Moderate,No,No,No,No,No,No,No,None,107,80,82,31.2,158.2,1.49,286.3
25,Female,South Asian,29.7,High,Moderate,None,Former,8.7,Average,High,No,No,No,Yes,No,No,No,None,117,90,80,33.6,146.3,1.43,283.8
58,Male,South Asian,18.1,Middle,Active,None,Former,6.9,Average,Low,No,No,No,Yes,No,No,No,Insulin,116,78,64,33.0,99.0,0.9,174.0
30,Female,Caucasian,18.0,Low,Sedentary,Moderate,Never,6.2,Good,Low,Yes,Yes,No,Yes,No,No,No,None,125,84,98,32.7,128.2,1.27,255.3
24,Female,South Asian,32.5,Low,Moderate,Moderate,Never,6.7,Average,Low,No,No,No,No,No,No,Yes,Insulin,102,63,71,31.7,69.6,0.65,128.9
48,Male,Caucasian,27.6,Low,Active,None,Current,6.2,Average,Low,Yes,No,No,No,No,Yes,No,None,139,89,93,32.7,73.3,0.77,153.2
58,Female,Other,28.0,Middle,Sedentary,Heavy,Never,7.8,Poor,Low,Yes,Yes,No,Yes,No,No,No,None,124,80,69,32.0,111.1,1.24,248.9
51,Male,African,19.6,Low,Active,Moderate,Former,8.6,Good,Low,Yes,No,No,Yes,No,No,No,Steroids,136,75,86,31.4,105.2,1.11,219.1
55,Female,African,28.7,Low,Moderate,Heavy,Never,8.9,Average,High,Yes,No,No,No,No,No,Yes,None,111,86,79,32.6,202.6,2.0,404.8
29,Male,Caucasian,26.4,Low,Moderate,None,Current,6.4,Average,Low,Yes,No,No,No,No,Yes,No,Insulin,102,90,66,30.1,82.4,0.77,152.5
19,Female,Caucasian,18.0,Middle,Active,Moderate,Never,6.2,Average,Moderate,No,No,No,No,No,No,No,Other,106,76,81,32.9,72.0,0.63,125.7
63,Male,South Asian,32.1,Low,Sedentary,None,Never,6.4,Average,High,No,No,No,Yes,No,No,No,None,131,68,77,31.0,87.8,0.87,179.0
35,Male,Hispanic,25.8,Low,Sedentary,Moderate,Never,4.1,Average,Low,No,No,No,No,No,No,No,None,113,97,84,32.7,74.3,0.77,141.9
36,Female,South Asian,23.0,Middle,Moderate,None,Former,5.2,Average,Moderate,No,No,No,Yes,No,No,No,None,96,78,67,30.5,76.1,0.78,151.0
60,Male,South Asian,23.1,Middle,Sedentary,None,Never,6.9,Average,Low,Yes,No,No,No,No,No,No,Metformin,123,61,74,31.6,100.6,0.93,185.5
48,Female,Hispanic,18.0,Low,Sedentary,None,Former,7.6,Good,Low,Yes,No,No,No,No,No,No,Steroids,115,76,83,32.5,127.2,1.27,258.8
47,Male,South Asian,28.0,Middle,Sedentary,None,Never,7.7,Good,High,No,No,No,No,No,No,No,Insulin,116,84,57,32.9,72.1,0.72,152.0
72,Female,South Asian,26.3,Low,Active,None,Never,5.8,Good,High,No,Yes,No,No,No,No,No,Insulin,94,79,63,31.3,125.8,1.17,237.9
30,Male,South Asian,24.0,High,Sedentary,None,Current,6.3,Good,High,No,No,No,No,No,No,No,Metformin,97,79,75,31.1,98.6,1.0,193.8
54,Female,South Asian,31.4,Low,Sedentary,None,Never,6.6,Poor,High,No,No,No,No,No,No,No,None,112,76,77,33.0,93.6,0.91,177.1
41,Male,South Asian,18.1,High,Active,Heavy,Never,6.4,Average,Low,Yes,No,No,No,No,No,No,None,106,76,74,33.9,79.1,0.8,154.0
44,Male,South Asian,22.0,High,Active,Moderate,Never,8.0,Poor,Moderate,No,No,No,No,No,No,No,Metformin,111,67,83,31.1,96.5,0.97,201.6
63,Male,African,20.7,Middle,Moderate,None,Current,5.0,Average,Moderate,No,No,No,No,No,No,No,Insulin,132,67,74,30.0,84.1,0.79,159.8
48,Female,Hispanic,23.6,Low,Moderate,None,Never,5.3,Average,High,No,No,No,No,No,Yes,Yes,None,104,84,85,33.5,76.4,0.8,162.5
48,Male,South Asian,25.3,Middle,Sedentary,None,Never,6.6,Good,Low,Yes,No,No,No,No,No,No,Metformin,106,92,78,31.9,71.3,0.81,160.1
56,Female,Hispanic,27.2,Low,Sedentary,None,Never,5.0,Average,Moderate,Yes,No,No,No,No,No,No,None,112,77,64,31.1,125.1,1.27,247.2
35,Female,South Asian,23.3,Middle,Sedentary,None,Never,4.1,Average,Low,No,Yes,No,No,No,No,No,None,106,94,77,32.1,109.4,1.18,234.5
27,Male,South Asian,20.6,Middle,Moderate,None,Never,4.8,Average,Low,No,No,No,No,No,No,No,None,117,91,74,33.9,84.2,0.91,182.1
24,Female,South Asian,33.4,High,Sedentary,Moderate,Current,6.6,Average,Moderate,No,Yes,Yes,No,No,Yes,No,Metformin,135,79,68,32.7,135.5,1.39,272.0
18,Male,African,37.1,Middle,Moderate,None,Never,7.9,Good,Low,No,No,No,No,No,No,No,None,116,86,60,32.8,70.1,0.72,153.6
71,Male,Caucasian,25.7,Middle,Sedentary,None,Former,8.0,Average,Moderate,No,No,No,Yes,No,No,No,Other,124,85,63,32.2,99.5,1.04,209.4
23,Female,African,21.2,Middle,Sedentary,None,Never,9.4,Good,Moderate,No,Yes,No,No,No,No,No,None,90,75,67,32.5,111.1,1.1,213.8
37,Female,Hispanic,32.4,Low,Moderate,None,Current,7.2,Average,Low,Yes,No,No,No,No,Yes,No,Insulin,121,60,86,33.7,69.5,0.7,134.4
36,Female,Caucasian,18.0,Middle,Active,Moderate,Current,7.4,Good,Low,No,No,No,No,No,No,No,None,142,81,72,31.1,80.0,0.83,175.9
45,Male,African,23.3,Middle,Sedentary,None,Never,6.6,Poor,High,No,No,No,Yes,No,No,No,None,121,87,87,32.8,86.3,0.81,159.1
52,Male,Other,21.5,High,Sedentary,None,Never,6.7,Average,Moderate,No,No,No,No,No,No,No,None,122,74,65,32.0,99.2,1.0,199.3
53,Male,South Asian,19.2,Middle,Sedentary,Moderate,Former,10.0,Good,Moderate,Yes,No,No,No,No,Yes,No,Metformin,124,100,68,31.9,100.8,1.0,201.8
31,Female,South Asian,23.6,Middle,Sedentary,None,Never,7.4,Average,High,No,No,No,No,No,No,No,None,144,90,69,30.9,110.5,1.07,212.3
37,Female,African,20.7,Middle,Moderate,None,Never,7.5,Average,Low,No,No,No,No,No,Yes,Yes,Insulin,140,65,72,32.4,71.7,0.74,158.1
44,Female,African,25.1,Middle,Sedentary,None,Current,5.3,Average,Low,Yes,No,No,No,No,No,No,Metformin,105,78,77,32.6,90.9,0.92,189.3
36,Male,South Asian,25.1,Low,Sedentary,None,Never,7.6,Average,Low,No,Yes,No,No,No,No,No,None,138,72,81,31.8,110.1,1.1,220.2
64,Male,South Asian,21.9,Middle,Active,None,Never,8.0,Poor,Moderate,No,No,No,No,No,No,No,None,141,76,88,33.4,93.5,0.95,180.4
47,Male,Caucasian,23.1,Middle,Moderate,Moderate,Current,8.7,Average,Moderate,No,Yes,No,Yes,No,No,No,None,94,87,53,32.1,119.0,1.2,235.2
51,Male,Caucasian,23.8,Low,Sedentary,None,Never,7.9,Poor,Low,No,No,No,Yes,No,Yes,No,None,120,77,95,30.0,179.7,1.81,359.7
50,Male,South Asian,29.0,Low,Sedentary,None,Never,6.8,Good,Low,Yes,No,No,No,No,No,No,Steroids,128,74,64,32.5,85.6,0.9,177.0
58,Female,Other,24.3,High,Sedentary,Heavy,Never,6.7,Good,High,No,No,No,No,No,No,Yes,None,90,81,76,30.8,96.9,0.96,186.8
43,Female,Hispanic,29.1,Low,Sedentary,None,Never,6.9,Average,Moderate,Yes,No,No,No,No,No,No,None,110,88,85,33.4,167.6,1.66,324.5
21,Female,Caucasian,27.9,Middle,Moderate,Heavy,Current,7.2,Good,High,No,Yes,No,No,No,No,No,None,109,87,81,33.9,134.0,1.39,271.2
46,Male,African,27.9,Middle,Moderate,None,Current,8.9,Average,Low,Yes,No,No,No,No,No,No,None,110,86,86,33.0,111.0,1.09,219.6
30,Male,Hispanic,31.9,Middle,Sedentary,Moderate,Never,8.6,Poor,Moderate,No,No,No,No,No,No,No,None,136,94,85,32.0,225.9,2.0,412.5
32,Female,South Asian,19.4,Middle,Moderate,Moderate,Current,8.1,Good,High,No,No,No,No,No,No,Yes,None,119,79,79,32.6,98.6,1.06,220.7
49,Male,South Asian,22.6,Middle,Sedentary,Moderate,Never,10.0,Average,High,No,No,No,No,No,No,No,None,126,76,83,31.3,100.2,1.06,213.5
59,Female,Caucasian,33.8,Middle,Sedentary,None,Former,4.0,Poor,Moderate,No,No,No,No,No,No,No,None,121,78,63,32.6,125.9,1.26,257.5
40,Male,Hispanic,23.7,Low,Active,None,Never,6.3,Good,Low,No,No,No,Yes,No,No,No,Steroids,157,72,68,31.2,157.9,1.55,306.3
45,Male,South Asian,18.0,High,Sedentary,None,Never,7.0,Good,Low,Yes,Yes,No,No,No,No,No,Steroids,135,72,65,33.9,113.5,1.15,230.0
66,Female,Other,24.0,Middle,Sedentary,Heavy,Never,6.0,Average,Moderate,No,No,No,No,No,No,No,Metformin,120,87,51,31.0,95.5,0.87,173.6
44,Male,Caucasian,25.7,Middle,Active,None,Never,5.6,Average,Moderate,No,No,No,No,No,No,No,Metformin,116,88,66,30.4,82.1,0.76,158.7
79,Female,South Asian,18.0,Middle,Sedentary,Heavy,Never,4.4,Average,Moderate,No,No,Yes,No,No,Yes,No,Steroids,110,60,65,31.8,103.3,0.99,196.4
48,Female,South Asian,31.7,Low,Sedentary,None,Never,6.5,Average,Low,No,No,No,Yes,No,No,No,None,105,89,66,32.6,88.3,0.82,158.2
18,Male,South Asian,21.4,High,Moderate,None,Current,8.3,Good,Moderate,No,No,No,No,No,No,No,None,102,76,82,34.3,94.8,0.98,195.8
51,Male,Hispanic,26.6,Middle,Moderate,None,Current,8.2,Good,Moderate,No,No,No,Yes,No,Yes,No,None,135,74,67,31.3,84.1,0.85,166.4
46,Female,Other,23.9,Low,Active,None,Current,5.9,Good,High,Yes,No,No,No,No,No,No,Steroids,107,77,83,32.1,83.8,0.79,161.6
59,Female,Caucasian,18.6,High,Sedentary,Moderate,Never,7.3,Good,Moderate,Yes,No,No,Yes,No,No,Yes,Metformin,130,67,59,32.0,100.8,0.98,197.8
50,Male,Other,19.6,Middle,Sedentary,None,Never,9.0,Average,Moderate,No,Yes,No,No,No,No,No,None,112,78,68,30.9,122.4,1.21,238.7
38,Female,Hispanic,20.3,Middle,Sedentary,Heavy,Never,4.7,Average,Moderate,No,No,Yes,No,No,Yes,No,None,109,99,71,31.0,109.9,1.05,213.3
22,Male,Caucasian,30.4,Middle,Moderate,None,Never,6.8,Average,Low,No,Yes,No,No,No,No,No,None,115,65,87,30.1,152.7,1.44,289.7
37,Male,African,24.3,Low,Sedentary,Moderate,Never,7.4,Average,Moderate,No,No,No,Yes,No,No,No,None,147,86,76,33.5,95.2,1.06,222.4
27,Male,Caucasian,22.4,Middle,Moderate,Moderate,Never,7.0,Average,Low,Yes,No,No,No,No,Yes,Yes,None,166,90,78,31.2,95.0,0.93,179.5
31,Male,Caucasian,20.3,Low,Sedentary,None,Never,8.3,Average,Moderate,Yes,No,No,Yes,No,Yes,No,None,115,86,64,30.0,119.3,1.17,224.1
49,Male,South Asian,31.0,Middle,Sedentary,None,Current,4.8,Average,Moderate,No,Yes,No,No,No,No,Yes,Metformin,113,95,84,31.6,74.7,0.77,157.0
65,Female,African,32.3,Middle,Sedentary,None,Former,5.5,Good,Moderate,No,No,No,Yes,No,No,No,Metformin,134,90,74,33.2,96.0,1.0,209.5
46,Male,South Asian,30.9,Middle,Active,None,Never,8.0,Average,Moderate,No,No,No,Yes,No,No,No,None,122,87,57,32.5,87.5,0.92,171.2
22,Male,Hispanic,27.5,Middle,Active,Heavy,Former,4.4,Good,Low,No,Yes,No,No,No,No,Yes,None,110,90,82,32.5,155.6,1.61,322.2
47,Male,Hispanic,26.4,Low,Active,Heavy,Never,8.2,Average,Moderate,No,No,No,No,No,No,No,Other,127,90,78,33.6,102.9,1.06,210.8
58,Female,South Asian,18.9,Middle,Sedentary,Moderate,Never,7.7,Good,High,Yes,No,No,No,No,No,No,Metformin,132,77,72,33.0,98.4,1.08,221.4
31,Female,South Asian,23.8,Middle,Sedentary,Moderate,Never,8.1,Average,Moderate,No,Yes,No,Yes,No,No,Yes,Metformin,116,86,72,30.0,117.5,1.11,218.7
38,Male,Caucasian,21.6,Middle,Sedentary,None,Former,6.3,Good,Moderate,Yes,No,No,No,No,No,No,None,117,77,64,31.5,101.1,1.06,213.9
40,Male,Caucasian,18.0,Low,Moderate,None,Never,7.8,Poor,Moderate,No,Yes,No,No,No,Yes,No,None,146,67,87,32.4,193.1,1.84,361.5
28,Male,South Asian,30.3,Middle,Sedentary,Moderate,Never,5.2,Average,Moderate,No,No,No,Yes,No,No,No,Steroids,108,98,82,32.2,108.4,1.08,213.4
50,Male,Caucasian,21.5,High,Sedentary,None,Never,6.4,Poor,Moderate,No,No,No,No,No,No,No,Other,112,74,64,32.6,90.7,0.85,174.4
38,Male,South Asian,31.0,Middle,Sedentary,Moderate,Never,7.1,Average,Low,No,Yes,No,No,No,No,No,None,113,91,76,34.7,100.1,1.06,206.9
46,Male,South Asian,29.4,High,Sedentary,Moderate,Never,5.7,Good,Moderate,No,No,No,No,No,No,No,Metformin,145,85,68,31.0,88.4,0.78,157.3
27,Male,South Asian,27.8,Low,Sedentary,None,Former,7.3,Good,Moderate,No,No,No,Yes,No,No,No,None,90,71,62,30.0,86.2,0.88,186.1
33,Female,South Asian,28.1,Middle,Sedentary,None,Never,5.3,Poor,High,No,No,No,Yes,No,No,No,None,132,72,91,30.0,153.1,1.58,310.6
51,Male,Hispanic,21.9,Middle,Sedentary,Moderate,Former,7.4,Average,Low,Yes,No,No,No,No,No,No,None,120,84,71,32.9,80.8,0.81,161.3
34,Female,Other,34.3,Low,Sedentary,None,Never,9.6,Good,Low,Yes,No,No,No,No,Yes,No,None,147,84,67,31.8,157.6,1.45,287.2
66,Female,Caucasian,25.2,Middle,Moderate,Moderate,Never,5.1,Average,High,Yes,No,No,No,No,No,No,None,125,76,63,30.5,95.8,1.02,192.5
34,Female,Caucasian,26.5,Middle,Moderate,None,Former,7.0,Poor,Moderate,Yes,Yes,No,No,No,No,Yes,None,90,64,73,31.8,106.4,1.09,221.1
43,Male,South Asian,21.8,Low,Sedentary,None,Never,4.6,Average,High,Yes,Yes,No,No,No,No,No,Steroids,144,88,54,31.5,159.9,1.57,317.0
54,Male,Caucasian,20.3,Low,Moderate,None,Never,5.8,Average,Moderate,No,No,No,No,No,No,No,Insulin,116,60,73,31.6,112.6,1.12,221.2
19,Male,South Asian,27.4,Low,Sedentary,Moderate,Never,8.1,Poor,Moderate,No,No,No,Yes,No,No,No,None,90,83,87,30.1,125.8,1.26,255.1
18,Female,African,26.1,Low,Sedentary,None,Former,6.4,Average,Moderate,No,No,No,No,No,No,No,Metformin,114,91,84,32.6,99.4,0.97,193.8
18,Male,Other,21.1,Low,Moderate,None,Former,8.1,Average,Low,Yes,No,No,No,No,No,No,None,121,62,80,32.7,197.2,2.0,391.1
59,Female,South Asian,18.0,Low,Active,None,Never,7.5,Average,Moderate,Yes,No,No,Yes,No,No,No,Steroids,104,82,99,32.1,99.2,0.96,199.4
32,Female,Hispanic,18.7,Low,Moderate,None,Never,6.9,Average,Low,No,No,No,No,No,No,Yes,None,97,76,78,31.9,94.7,0.88,187.4
78,Male,South Asian,31.0,High,Sedentary,None,Former,5.5,Good,Moderate,No,No,No,Yes,No,No,No,Metformin,124,82,66,32.2,111.3,1.09,220.0
32,Female,South Asian,21.9,Middle,Moderate,None,Never,8.0,Average,High,No,No,No,No,Yes,No,No,None,101,90,83,32.0,86.3,0.86,173.2
43,Male,South Asian,23.3,Low,Sedentary,None,Never,7.5,Average,Moderate,No,Yes,No,No,No,No,No,None,105,67,76,30.2,110.0,1.07,211.7
63,Male,South Asian,32.3,High,Sedentary,None,Former,4.7,Good,Low,No,No,No,Yes,No,No,Yes,None,140,78,75,31.2,213.1,2.0,400.4
70,Male,South Asian,19.4,Middle,Sedentary,None,Former,5.6,Poor,High,No,No,No,Yes,No,No,No,None,115,78,78,32.2,86.3,0.87,169.9
71,Male,South Asian,21.4,Middle,Moderate,None,Never,4.0,Good,Low,No,Yes,No,No,No,Yes,No,None,102,61,71,31.3,114.4,1.16,229.8
58,Female,Caucasian,21.2,Middle,Sedentary,None,Former,5.0,Good,Moderate,Yes,No,No,Yes,No,No,No,None,107,86,94,32.9,109.1,1.17,232.1
55,Male,South Asian,33.1,Middle,Moderate,None,Never,6.5,Good,High,No,No,No,No,No,No,No,None,126,96,59,30.6,186.3,1.87,373.1
49,Male,African,35.0,Low,Moderate,None,Former,5.4,Average,Low,No,No,No,Yes,No,No,No,None,126,87,83,34.3,105.9,1.09,215.0
52,Female,Other,28.8,Low,Sedentary,Heavy,Never,5.8,Average,High,Yes,No,No,Yes,Yes,Yes,Yes,None,130,81,76,34.1,121.1,1.22,246.6
32,Female,Caucasian,28.9,Middle,Active,None,Never,9.1,Good,Moderate,No,No,No,No,No,No,No,None,132,89,80,31.7,98.9,0.88,175.9
28,Male,South Asian,22.1,Middle,Moderate,Moderate,Never,8.5,Average,Moderate,No,Yes,No,No,No,No,No,Metformin,125,74,71,30.5,99.9,0.92,174.1
40,Female,South Asian,34.7,Middle,Sedentary,None,Never,6.0,Poor,High,Yes,No,No,No,No,No,No,None,129,71,90,31.5,72.9,0.67,130.8
37,Female,Hispanic,26.3,Low,Sedentary,Moderate,Never,8.2,Average,Moderate,No,Yes,No,No,No,No,No,None,113,85,84,33.2,126.1,1.26,247.7
33,Male,Caucasian,29.3,Middle,Moderate,Heavy,Former,8.8,Good,Moderate,No,No,No,No,No,No,No,None,103,82,67,31.7,173.2,1.73,346.4
50,Male,Caucasian,24.5,Middle,Sedentary,None,Never,7.9,Average,Moderate,No,Yes,No,No,No,No,No,None,140,83,86,32.4,89.9,0.91,177.2
54,Male,South Asian,23.7,High,Active,Moderate,Former,7.4,Average,Low,No,No,No,No,No,Yes,No,None,133,71,78,32.1,124.2,1.23,246.1
41,Female,Caucasian,33.3,Low,Sedentary,None,Never,8.6,Average,Moderate,Yes,No,No,No,No,No,No,None,116,65,69,32.6,103.2,1.08,212.4
62,Female,South Asian,27.7,High,Sedentary,None,Former,8.2,Average,Low,No,Yes,No,No,Yes,No,No,None,110,70,58,32.5,116.6,1.19,233.5
23,Female,Other,32.3,Middle,Active,None,Never,5.2,Poor,Low,No,No,No,No,No,No,No,Metformin,154,71,83,31.7,77.4,0.77,155.8
37,Male,Hispanic,26.3,Middle,Active,None,Never,6.7,Average,Low,No,Yes,No,No,No,Yes,No,None,106,60,68,33.5,82.4,0.88,180.9
29,Male,South Asian,20.8,Middle,Sedentary,None,Never,6.2,Average,Low,Yes,No,No,No,No,No,No,None,123,85,80,32.5,109.5,1.08,218.7
18,Male,Caucasian,22.1,Low,Moderate,None,Never,8.7,Average,Low,No,No,No,No,No,No,No,Steroids,110,67,90,33.2,153.9,1.61,332.1
39,Male,South Asian,25.5,High,Sedentary,None,Never,6.1,Good,Low,No,No,No,No,No,Yes,No,Metformin,114,67,67,31.8,80.0,0.77,165.1
38,Female,Caucasian,21.9,Low,Moderate,Moderate,Never,5.9,Average,Moderate,No,No,No,No,No,No,No,Metformin,109,77,88,31.8,75.6,0.72,146.2
63,Female,Hispanic,19.5,Middle,Active,None,Current,8.5,Good,Low,No,Yes,No,No,No,No,No,None,90,71,64,34.7,100.6,1.09,228.5
49,Male,Caucasian,31.0,Low,Sedentary,None,Current,7.4,Average,Moderate,Yes,No,No,Yes,No,No,No,Metformin,126,64,90,32.0,158.3,1.53,299.8
25,Female,South Asian,22.3,Middle,Sedentary,None,Current,10.0,Average,Moderate,No,No,No,Yes,No,Yes,No,None,130,65,93,33.3,85.0,0.88,178.0
68,Male,South Asian,25.7,Middle,Sedentary,None,Never,5.7,Good,High,Yes,No,No,Yes,No,No,No,Metformin,110,85,84,30.5,112.4,1.09,225.6
58,Male,Hispanic,26.5,High,Sedentary,None,Current,6.2,Good,Moderate,No,No,No,No,No,No,No,None,159,77,79,32.4,115.5,1.1,210.9
49,Male,African,22.1,Middle,Sedentary,None,Never,8.7,Average,High,No,No,No,No,No,No,No,None,124,65,84,31.6,96.3,0.9,183.0
37,Male,Caucasian,32.3,High,Active,None,Never,5.1,Poor,Moderate,Yes,No,No,Yes,No,No,No,None,123,95,72,33.5,187.1,1.83,369.7
26,Male,South Asian,19.4,Middle,Sedentary,None,Never,9.0,Average,Low,No,Yes,No,Yes,No,Yes,No,None,126,73,62,31.3,111.3,1.19,234.6
34,Male,South Asian,26.3,Low,Sedentary,Moderate,Never,5.2,Poor,Moderate,No,No,No,Yes,No,No,No,Metformin,111,85,68,31.6,97.6,0.98,193.2
56,Male,Other,26.2,Low,Moderate,None,Never,7.9,Average,Moderate,Yes,No,No,No,No,Yes,No,None,105,79,98,32.6,125.8,1.29,263.8
68,Male,Caucasian,24.7,Middle,Sedentary,None,Never,4.2,Average,Moderate,No,No,No,No,No,No,No,None,109,81,63,30.9,85.7,0.84,178.7
63,Female,Caucasian,18.5,Low,Sedentary,None,Never,7.1,Good,Moderate,No,No,No,Yes,No,No,No,None,112,80,85,32.1,70.5,0.69,137.1
33,Male,Caucasian,29.4,Middle,Sedentary,Heavy,Former,4.9,Average,Moderate,Yes,Yes,No,No,No,No,Yes,None,128,66,74,31.4,113.0,1.11,212.9
23,Female,Hispanic,28.7,Low,Moderate,Moderate,Current,9.9,Poor,Low,No,No,No,No,No,No,No,None,114,102,71,32.1,92.2,0.93,187.3
42,Male,South Asian,21.6,Middle,Sedentary,None,Never,5.4,Average,High,Yes,No,No,No,No,No,No,None,129,72,92,31.9,155.2,1.65,327.6
18,Male,South Asian,28.5,Middle,Moderate,None,Never,5.8,Average,Moderate,No,Yes,No,No,No,No,No,Other,101,88,76,33.8,111.3,1.11,223.4
45,Male,Caucasian,26.9,Middle,Sedentary,None,Former,7.8,Good,Moderate,Yes,No,No,No,No,No,No,None,110,72,84,32.5,84.5,0.86,166.6
38,Male,African,18.6,Low,Moderate,None,Never,6.1,Good,High,Yes,No,No,No,No,No,No,Metformin,109,69,99,30.7,84.9,0.81,159.6
33,Female,African,20.7,Low,Moderate,Moderate,Current,8.0,Good,Moderate,Yes,No,No,No,No,No,No,None,90,94,73,31.1,81.2,0.76,158.1
18,Male,Hispanic,30.7,Low,Moderate,None,Current,5.9,Good,Moderate,Yes,No,No,No,No,No,Yes,None,113,96,80,31.6,99.8,0.91,175.5
48,Female,South Asian,26.5,Low,Sedentary,None,Never,5.8,Average,High,No,No,No,No,No,Yes,No,None,104,85,82,31.3,125.9,1.28,250.4
32,Female,South Asian,22.2,Middle,Sedentary,None,Never,7.0,Good,Moderate,No,No,No,No,No,No,Yes,Metformin,127,88,72,33.4,132.6,1.47,297.2
22,Female,Other,20.7,Middle,Active,Moderate,Current,5.2,Average,Moderate,No,No,No,Yes,No,No,Yes,None,131,67,80,31.4,89.2,0.85,168.9
18,Female,Caucasian,22.4,Low,Sedentary,None,Current,7.6,Poor,High,No,No,No,No,No,No,No,None,99,87,86,32.0,179.3,1.76,341.4
40,Female,African,22.8,Middle,Sedentary,Moderate,Never,8.3,Poor,Low,Yes,No,No,No,No,No,No,Steroids,116,86,83,32.6,75.7,0.82,163.0
67,Male,African,20.8,Middle,Moderate,None,Never,7.8,Average,Moderate,No,No,No,No,No,No,No,Metformin,101,84,76,34.8,101.0,1.11,222.4
65,Female,Caucasian,18.0,Low,Active,Moderate,Former,8.0,Poor,Moderate,No,No,No,No,No,Yes,No,None,125,96,50,31.9,72.8,0.67,134.9
33,Male,South Asian,30.7,Middle,Sedentary,None,Never,4.1,Good,Moderate,No,Yes,No,No,No,Yes,No,None,110,60,61,33.7,99.3,0.99,195.2
31,Male,Hispanic,29.9,Low,Moderate,None,Current,6.3,Average,Low,No,No,No,Yes,No,No,No,None,112,78,93,31.6,121.8,1.26,245.9
47,Male,Hispanic,18.6,Middle,Moderate,Moderate,Former,6.7,Good,Moderate,Yes,No,No,No,No,No,No,None,117,95,65,33.0,84.5,0.84,172.0
25,Female,Caucasian,25.7,Middle,Sedentary,Moderate,Former,9.2,Good,Moderate,Yes,No,No,No,No,No,No,Steroids,124,69,87,31.2,70.6,0.77,145.1
45,Female,Caucasian,20.5,Low,Moderate,None,Never,6.1,Good,Low,Yes,No,No,No,No,No,No,Steroids,121,86,63,32.8,91.6,0.94,182.2
51,Male,South Asian,23.7,Middle,Active,Moderate,Former,4.0,Good,High,No,No,No,Yes,No,No,No,None,126,75,65,31.6,125.2,1.25,245.2
58,Female,South Asian,23.3,Middle,Active,Moderate,Never,5.5,Good,Low,Yes,No,No,No,No,No,No,Insulin,131,81,82,32.9,81.0,0.82,166.3
38,Male,South Asian,22.9,Low,Sedentary,None,Never,6.0,Average,Moderate,No,Yes,No,No,No,No,No,None,118,69,91,32.8,121.6,1.19,239.7
37,Male,South Asian,35.0,Middle,Moderate,Moderate,Never,4.0,Average,Low,Yes,No,No,Yes,No,Yes,No,None,104,103,82,32.6,125.7,1.3,258.2
27,Male,Other,22.8,Middle,Sedentary,None,Never,8.5,Good,Moderate,No,No,No,Yes,No,No,No,None,96,69,79,32.4,126.2,1.33,262.9
28,Male,Hispanic,21.0,Middle,Sedentary,Moderate,Former,4.6,Good,Moderate,No,No,No,No,No,Yes,No,None,109,79,61,31.5,90.6,0.93,186.5
37,Male,African,21.2,Middle,Moderate,None,Current,7.7,Good,High,No,No,No,No,No,No,No,None,123,77,54,32.7,77.0,0.83,154.0
46,Female,Caucasian,30.2,Middle,Sedentary,None,Never,5.4,Good,Moderate,No,No,No,No,No,Yes,No,Metformin,99,91,71,30.4,96.9,0.89,189.0
54,Female,South Asian,18.0,High,Sedentary,Moderate,Never,9.3,Average,Moderate,No,No,No,Yes,No,No,No,Metformin,136,81,77,34.6,88.2,0.89,175.2
28,Male,Other,21.2,Middle,Sedentary,None,Never,6.6,Good,Moderate,No,No,No,No,No,No,No,None,104,64,74,32.6,110.4,1.05,208.2
62,Male,South Asian,32.2,Middle,Sedentary,None,Never,6.3,Good,Moderate,No,No,No,No,No,Yes,No,None,118,74,97,32.5,136.9,1.31,261.4
36,Female,South Asian,26.2,Low,Sedentary,Moderate,Former,7.8,Average,Moderate,Yes,No,No,No,No,Yes,Yes,None,142,60,60,32.5,128.1,1.17,233.7
40,Female,Caucasian,26.0,Middle,Sedentary,Moderate,Never,5.5,Average,Moderate,No,No,No,No,No,No,No,None,117,81,72,31.3,80.2,0.72,148.1
29,Male,Hispanic,35.7,Low,Moderate,None,Current,7.9,Good,Low,Yes,Yes,No,No,No,No,No,None,104,98,92,31.4,89.5,0.94,188.4
18,Male,Hispanic,26.2,Low,Sedentary,None,Former,6.3,Average,Low,No,No,No,No,No,No,Yes,None,90,78,82,32.2,84.4,0.84,167.7
53,Female,South Asian,21.5,Middle,Moderate,Moderate,Never,6.1,Good,Moderate,No,No,No,Yes,No,Yes,Yes,None,126,83,64,31.5,96.7,0.93,185.8
51,Female,Hispanic,23.6,Middle,Active,None,Never,6.9,Poor,Moderate,No,No,No,Yes,Yes,Yes,No,None,125,91,53,30.8,94.7,0.83,166.0
36,Male,South Asian,19.3,Middle,Sedentary,None,Never,5.4,Average,Moderate,No,No,No,No,No,No,No,None,129,73,71,31.9,79.1,0.77,154.2
41,Male,South Asian,31.3,Middle,Moderate,None,Never,6.7,Average,Moderate,Yes,Yes,No,No,No,No,No,Other,122,91,65,32.4,95.7,0.96,183.7
48,Female,Hispanic,27.9,Middle,Moderate,None,Never,7.5,Average,Moderate,No,No,No,No,No,No,No,Metformin,112,99,71,32.0,104.5,1.1,217.0
18,Male,Hispanic,30.6,Middle,Moderate,None,Never,4.0,Poor,Moderate,No,Yes,No,Yes,No,No,No,Insulin,108,62,98,33.1,147.1,1.49,292.7
32,Other,Caucasian,31.1,Low,Sedentary,Moderate,Current,8.6,Poor,Moderate,No,No,No,No,No,No,No,None,121,91,65,32.2,109.2,1.11,214.9
52,Male,Caucasian,22.9,Low,Moderate,Moderate,Never,8.2,Good,Moderate,No,No,No,No,No,Yes,No,None,135,65,69,33.6,75.8,0.8,168.6
21,Female,Hispanic,20.3,Low,Sedentary,None,Former,4.2,Average,Low,Yes,Yes,No,No,No,No,No,Metformin,90,72,84,34.3,99.9,1.07,211.9
44,Male,Hispanic,24.7,Middle,Sedentary,None,Never,4.0,Average,Moderate,Yes,No,No,No,No,Yes,No,None,134,91,78,31.9,97.9,1.1,223.8
20,Male,Hispanic,20.6,Low,Moderate,None,Never,8.3,Good,Moderate,No,No,No,Yes,No,No,Yes,None,116,83,90,30.9,80.8,0.77,152.8
47,Female,Caucasian,25.8,Low,Sedentary,None,Never,8.1,Average,Moderate,No,No,No,No,No,No,No,None,117,75,83,30.9,91.8,0.91,186.0
39,Male,Other,30.7,Middle,Moderate,None,Never,7.9,Good,Moderate,No,No,No,No,No,No,No,Insulin,130,102,68,32.0,109.4,1.03,200.2
18,Female,Other,24.2,Middle,Moderate,Moderate,Never,4.9,Average,Low,Yes,Yes,No,No,No,No,No,None,117,77,80,32.8,124.9,1.34,269.7
57,Male,South Asian,25.7,Middle,Moderate,None,Former,9.7,Good,Low,Yes,Yes,No,Yes,No,No,No,Metformin,123,91,76,31.7,98.9,0.97,199.4
29,Male,Hispanic,24.5,Low,Sedentary,Moderate,Never,5.9,Average,Low,No,No,No,No,No,No,No,None,95,77,57,32.0,214.9,2.0,407.7
28,Male,Caucasian,29.0,Middle,Active,Moderate,Former,7.4,Good,Low,No,No,No,No,No,No,No,None,116,85,97,31.5,79.1,0.76,157.3
43,Female,South Asian,21.7,Middle,Moderate,None,Current,7.4,Average,Moderate,No,No,No,No,No,No,No,Other,128,85,64,31.7,82.5,0.84,169.3
57,Male,African,18.0,Middle,Sedentary,None,Current,9.4,Average,High,No,No,No,Yes,No,No,No,None,114,81,74,32.1,219.2,2.0,397.9
25,Male,South Asian,27.4,Middle,Sedentary,Moderate,Former,7.2,Good,Low,No,Yes,No,Yes,No,No,No,None,115,66,70,33.0,133.1,1.33,267.0
41,Male,Caucasian,29.9,Low,Moderate,Moderate,Never,7.6,Good,Low,Yes,No,No,No,No,No,No,None,122,83,76,32.9,113.8,1.16,221.2
46,Female,Hispanic,27.2,Middle,Active,Heavy,Current,6.9,Good,High,No,No,No,No,Yes,No,No,None,126,74,77,30.0,81.3,0.67,132.4
50,Female,South Asian,21.8,Low,Moderate,None,Current,5.2,Average,Moderate,Yes,Yes,Yes,No,No,Yes,No,None,143,75,81,32.7,105.3,1.03,205.9
43,Male,Caucasian,19.3,Low,Moderate,Heavy,Former,4.0,Average,Moderate,No,No,No,No,No,No,No,None,127,86,70,32.6,158.6,1.61,327.5
34,Male,Other,27.5,Low,Sedentary,None,Never,7.0,Average,High,No,No,No,Yes,No,No,No,Other,140,85,86,31.9,78.8,0.79,150.7
28,Female,Caucasian,25.7,Middle,Sedentary,None,Never,4.9,Average,Moderate,No,No,Yes,Yes,No,No,No,None,119,72,68,31.7,96.5,0.92,185.3
41,Male,South Asian,24.4,Middle,Sedentary,None,Former,7.5,Average,Moderate,No,Yes,No,Yes,No,Yes,No,Metformin,90,82,70,32.6,100.3,1.02,202.2
24,Female,Caucasian,34.1,Middle,Moderate,None,Current,7.2,Good,Moderate,Yes,No,No,Yes,No,No,No,Insulin,114,80,58,32.1,116.5,1.22,250.1
18,Female,Caucasian,20.3,Middle,Sedentary,Moderate,Former,7.2,Average,Low,Yes,Yes,No,No,No,No,No,Metformin,108,71,77,31.8,188.7,1.92,381.1
47,Female,African,33.9,Low,Sedentary,None,Former,5.4,Average,Moderate,No,No,No,Yes,No,No,No,Insulin,119,72,90,34.2,100.1,1.09,223.5
54,Male,Hispanic,25.2,Middle,Sedentary,Moderate,Never,8.6,Average,Low,No,No,No,No,No,No,No,None,115,72,73,32.5,87.5,0.83,168.4
18,Female,Caucasian,18.0,Middle,Active,None,Never,7.7,Good,Moderate,Yes,No,No,No,No,Yes,No,None,124,80,93,31.5,94.3,0.86,173.1
25,Female,Hispanic,24.1,Middle,Moderate,Heavy,Former,5.2,Average,Low,No,No,No,Yes,No,No,Yes,None,110,77,64,32.7,200.8,2.0,397.4
49,Female,Caucasian,29.8,Middle,Sedentary,None,Never,10.0,Average,Moderate,Yes,No,No,No,No,No,No,None,123,82,61,32.4,199.0,2.0,399.2
71,Male,South Asian,23.2,Low,Active,Moderate,Former,6.7,Good,Moderate,No,No,No,Yes,No,No,No,None,126,71,89,32.4,172.0,1.76,359.7
40,Male,African,18.0,Middle,Sedentary,None,Former,5.0,Average,Low,No,No,No,No,No,Yes,No,Metformin,121,78,73,32.9,99.3,1.02,222.1
29,Male,African,24.2,Middle,Sedentary,None,Never,5.9,Average,Low,Yes,No,No,No,No,No,No,None,98,79,65,31.5,172.1,1.74,351.7
37,Female,Caucasian,20.7,Middle,Sedentary,Moderate,Never,4.7,Poor,Moderate,Yes,Yes,No,Yes,No,No,No,Insulin,133,83,78,32.3,100.7,1.04,204.6
61,Female,South Asian,27.5,Middle,Sedentary,None,Current,9.0,Poor,Moderate,No,No,No,Yes,No,No,No,None,129,95,78,31.2,110.1,1.15,231.5
30,Male,South Asian,28.9,High,Sedentary,None,Never,8.6,Poor,High,No,No,No,No,No,No,No,None,117,91,84,32.8,82.5,0.71,150.1
28,Male,South Asian,19.7,Low,Moderate,Moderate,Never,8.1,Average,High,No,No,No,No,No,No,No,Insulin,93,79,72,32.0,122.6,1.19,240.9
33,Male,South Asian,21.5,Middle,Moderate,None,Former,7.8,Average,Low,Yes,No,No,Yes,No,No,No,None,125,64,61,31.2,70.4,0.62,128.9
26,Female,African,28.8,Middle,Moderate,None,Current,8.9,Poor,Moderate,No,No,No,No,No,No,No,Metformin,112,75,72,32.0,99.1,0.89,174.9
42,Female,South Asian,20.7,Low,Moderate,None,Current,6.6,Poor,Moderate,No,No,No,No,Yes,No,No,None,112,89,75,32.2,108.8,1.07,202.3
64,Male,Hispanic,19.6,Low,Moderate,None,Never,7.6,Poor,Moderate,Yes,Yes,No,Yes,No,No,No,Insulin,119,79,86,32.9,145.5,1.57,313.2
45,Male,South Asian,19.1,Middle,Sedentary,Moderate,Never,5.8,Average,High,No,No,No,No,No,No,No,None,142,67,60,33.2,108.3,1.18,245.1
36,Male,South Asian,26.8,Low,Moderate,None,Current,6.8,Poor,Moderate,No,No,No,Yes,No,No,No,Insulin,122,78,71,32.9,84.3,0.87,173.9
36,Female,Caucasian,26.5,Low,Moderate,None,Never,7.7,Poor,Moderate,No,No,No,No,No,No,No,None,118,75,78,32.5,82.2,0.77,149.5
18,Female,South Asian,21.6,High,Active,Moderate,Never,4.0,Good,Moderate,No,No,No,No,No,Yes,No,Metformin,112,93,90,32.7,111.6,1.14,221.8
53,Female,Hispanic,25.0,Middle,Sedentary,Moderate,Never,6.1,Average,Low,Yes,No,Yes,Yes,No,No,No,Insulin,120,74,68,31.7,101.6,1.08,224.3
39,Male,South Asian,32.6,Low,Sedentary,Moderate,Never,7.2,Good,Moderate,No,No,No,No,No,No,No,Steroids,120,84,67,30.9,91.4,0.9,180.2
37,Female,Caucasian,20.1,Middle,Moderate,None,Never,6.9,Good,Low,Yes,No,Yes,No,No,No,No,None,129,87,82,31.3,119.2,1.22,248.4
80,Male,Hispanic,18.0,Middle,Moderate,None,Never,6.3,Average,Low,Yes,Yes,No,No,No,No,No,Metformin,112,68,52,32.0,103.9,1.08,219.0
44,Female,African,27.3,Middle,Sedentary,None,Never,7.9,Good,Low,No,No,No,No,No,No,No,Insulin,108,73,69,31.8,81.7,0.79,162.3
29,Male,South Asian,24.4,Middle,Moderate,None,Current,5.9,Average,Moderate,No,No,No,No,No,No,No,None,113,76,81,31.8,104.3,1.01,197.5
34,Female,Caucasian,21.4,Middle,Sedentary,None,Never,5.2,Average,High,No,No,No,No,No,No,No,None,119,81,79,32.3,69.8,0.78,152.3
57,Female,African,28.3,Low,Active,Moderate,Never,8.8,Good,Low,No,No,No,Yes,No,No,No,None,120,74,77,33.0,84.8,0.83,170.7
42,Female,Other,29.2,Middle,Sedentary,Moderate,Never,8.6,Poor,Moderate,No,No,No,No,No,No,No,None,120,66,59,32.3,75.4,0.71,143.7
18,Female,Hispanic,18.0,Low,Sedentary,None,Never,6.1,Average,Low,No,No,No,No,No,No,No,Insulin,105,70,62,31.5,93.7,0.83,157.5
54,Male,South Asian,21.7,Low,Sedentary,None,Current,6.9,Poor,Low,No,No,No,No,No,No,No,Insulin,119,89,88,30.8,89.4,0.84,161.7
30,Male,Other,36.6,Middle,Sedentary,None,Former,8.3,Good,High,No,No,No,No,No,No,No,None,130,101,74,31.8,111.8,1.08,212.6
68,Female,South Asian,27.9,Low,Sedentary,Moderate,Current,7.1,Average,Low,Yes,No,No,No,No,No,No,None,139,83,73,30.0,86.2,0.83,168.4
56,Male,South Asian,28.4,Middle,Moderate,Moderate,Current,7.8,Good,Low,No,No,No,No,No,No,No,None,135,91,67,33.1,81.6,0.83,158.9
33,Male,Hispanic,30.9,Middle,Active,None,Current,7.7,Average,Low,No,No,No,No,No,No,No,None,119,84,75,32.1,94.3,1.06,205.9
59,Male,South Asian,25.1,Low,Sedentary,Moderate,Never,6.5,Average,Low,No,No,No,No,No,No,No,None,118,87,70,33.8,92.8,0.91,184.0
41,Female,South Asian,29.0,Low,Moderate,None,Never,7.8,Average,Moderate,No,No,Yes,No,No,No,No,None,139,87,84,33.3,99.4,1.07,212.4
53,Male,South Asian,28.6,Middle,Sedentary,None,Never,5.6,Average,Low,Yes,No,No,No,No,No,No,Steroids,118,87,64,32.6,124.9,1.22,241.4
47,Male,Caucasian,27.7,High,Sedentary,None,Never,7.6,Good,Moderate,No,No,No,No,No,No,No,None,133,84,83,31.5,109.5,1.11,226.8
27,Male,African,23.4,Middle,Sedentary,None,Former,6.9,Average,Moderate,No,No,No,No,No,No,No,Other,120,81,91,31.6,110.7,1.14,232.3
30,Male,African,25.9,Middle,Sedentary,None,Never,6.5,Average,Moderate,No,Yes,No,No,No,Yes,No,Insulin,90,76,81,33.6,71.6,0.65,127.0
55,Female,South Asian,22.1,Low,Moderate,None,Former,5.1,Average,High,No,No,No,No,No,No,No,None,130,85,63,32.5,98.4,0.96,199.8
35,Female,Caucasian,25.1,Low,Sedentary,None,Never,7.2,Average,Low,No,No,No,Yes,Yes,No,No,Insulin,134,83,83,30.7,74.7,0.78,157.7
34,Female,Other,19.2,Middle,Active,None,Never,7.1,Average,Moderate,No,No,Yes,No,No,No,No,None,115,71,70,31.7,99.3,1.01,202.6
26,Male,Hispanic,21.0,Low,Moderate,Moderate,Never,5.7,Good,Moderate,No,No,No,No,No,Yes,No,Other,103,92,70,33.4,153.6,1.63,331.9
46,Female,South Asian,23.6,Middle,Moderate,None,Current,4.6,Good,Low,Yes,Yes,No,No,No,No,No,Steroids,143,90,76,33.1,125.6,1.18,235.4
71,Female,Other,20.3,Middle,Active,Moderate,Former,4.5,Average,High,No,No,No,Yes,No,Yes,No,None,118,82,73,32.4,92.3,0.91,183.0
24,Male,African,22.5,Middle,Active,None,Current,6.6,Poor,Moderate,No,Yes,No,No,No,Yes,No,None,115,92,70,33.4,130.8,1.45,285.2
40,Female,South Asian,24.2,Middle,Moderate,None,Current,7.5,Good,Low,No,No,No,Yes,No,No,No,Metformin,127,87,82,30.8,116.5,1.15,230.3
61,Female,South Asian,27.0,Middle,Sedentary,None,Never,9.8,Poor,Low,No,No,No,No,No,Yes,No,Metformin,161,76,76,31.4,69.8,0.7,146.3
39,Female,South Asian,29.7,Middle,Sedentary,None,Never,6.9,Average,Moderate,No,No,No,No,No,No,No,None,127,62,56,31.9,111.4,1.07,216.5
47,Female,African,22.7,High,Moderate,None,Former,4.6,Poor,High,No,Yes,No,No,Yes,No,No,None,123,62,85,31.5,166.1,1.59,317.2
24,Male,South Asian,31.7,High,Moderate,None,Former,6.7,Average,Moderate,No,No,No,Yes,No,No,No,Metformin,121,93,87,32.7,113.8,1.17,231.9
46,Male,Caucasian,29.7,High,Active,Moderate,Never,8.9,Average,Moderate,No,No,No,Yes,No,No,No,Metformin,145,80,81,32.8,79.0,0.79,166.9
37,Female,South Asian,27.5,Middle,Sedentary,Moderate,Never,6.0,Average,Low,No,No,No,Yes,No,No,No,Metformin,128,76,82,32.5,119.1,1.19,231.7
55,Male,Other,25.8,Middle,Sedentary,Moderate,Never,8.7,Good,Moderate,Yes,No,No,Yes,No,No,Yes,Metformin,133,73,73,31.0,81.2,0.77,157.5
58,Male,South Asian,26.6,Middle,Sedentary,None,Never,7.3,Average,High,No,No,No,Yes,No,No,No,None,125,81,63,33.8,149.4,1.46,302.7
79,Female,Other,30.9,Low,Active,None,Current,8.0,Average,Moderate,No,No,No,No,No,Yes,No,Metformin,128,89,77,32.3,79.4,0.79,161.6
49,Female,Other,31.1,Low,Sedentary,None,Former,9.8,Average,Low,No,No,No,No,Yes,Yes,No,None,116,72,90,30.4,124.4,1.21,251.9
45,Male,South Asian,31.7,Low,Sedentary,Moderate,Never,4.2,Poor,Low,No,No,No,No,No,No,No,Metformin,123,81,78,30.8,95.3,1.01,203.1
43,Female,Caucasian,25.2,Low,Sedentary,Heavy,Never,8.3,Good,Moderate,No,Yes,No,No,No,No,No,None,110,107,92,31.2,125.6,1.22,242.1
35,Female,South Asian,27.8,Middle,Sedentary,Moderate,Former,6.9,Good,Low,No,No,No,No,No,No,No,Steroids,112,98,92,33.7,69.6,0.69,141.7
45,Female,Other,31.7,Low,Sedentary,None,Former,5.6,Average,Moderate,No,No,Yes,Yes,No,No,No,None,127,60,75,31.1,161.4,1.57,306.3
36,Male,Caucasian,21.9,High,Moderate,None,Never,6.8,Average,Low,No,No,No,No,No,No,No,Metformin,109,62,70,30.9,94.4,0.87,180.3
43,Male,South Asian,23.4,Middle,Sedentary,None,Former,9.5,Average,High,No,No,No,No,No,Yes,No,None,122,98,71,33.1,152.8,1.48,302.9
60,Male,South Asian,25.1,Low,Moderate,None,Former,9.0,Good,Moderate,No,No,No,No,No,No,No,Metformin,114,89,74,32.9,98.4,1.0,199.6
25,Male,South Asian,29.5,Low,Active,None,Never,4.0,Good,Moderate,No,No,No,No,No,No,No,None,103,81,65,31.4,94.0,0.87,170.8
57,Male,Other,29.6,Middle,Active,None,Current,5.8,Average,Moderate,No,No,No,Yes,No,No,No,None,123,85,81,32.5,84.9,0.87,177.8
60,Male,African,23.8,Middle,Moderate,None,Never,8.4,Good,Low,No,Yes,No,Yes,No,No,No,Metformin,132,77,85,31.7,191.2,1.86,367.1
38,Male,Hispanic,18.0,High,Moderate,None,Never,7.0,Average,Low,No,Yes,No,No,No,No,No,Steroids,100,73,56,32.6,116.3,1.14,227.6
18,Female,South Asian,26.2,High,Sedentary,None,Never,7.0,Poor,High,Yes,No,No,No,No,No,Yes,Other,129,87,93,31.7,126.1,1.26,248.7
31,Male,South Asian,20.4,High,Active,Moderate,Never,4.6,Average,Moderate,No,No,No,No,No,No,No,None,103,79,70,32.5,83.8,0.74,145.5
59,Female,Other,18.0,Middle,Sedentary,None,Never,5.9,Average,Low,No,Yes,No,Yes,No,No,No,None,140,89,72,32.0,124.9,1.32,268.5
40,Female,South Asian,18.7,Low,Sedentary,None,Former,5.0,Poor,Moderate,No,No,No,No,No,No,No,Other,129,75,78,31.4,90.5,0.88,181.5
25,Male,Other,26.6,Middle,Sedentary,Moderate,Never,4.5,Average,Low,No,No,No,Yes,No,No,No,Metformin,100,87,67,32.9,99.4,1.0,188.6
32,Female,South Asian,31.8,Low,Sedentary,None,Current,5.1,Average,Low,No,No,Yes,No,No,No,No,None,133,83,69,32.1,81.6,0.86,165.4
53,Female,South Asian,25.2,Middle,Sedentary,None,Former,5.6,Good,Low,No,No,No,No,No,No,No,None,111,67,67,33.0,85.2,0.89,181.0
48,Male,African,26.1,Middle,Moderate,Moderate,Never,5.9,Good,Low,Yes,Yes,No,No,No,No,No,Steroids,106,95,75,32.5,162.4,1.66,341.7
36,Female,Other,30.9,Middle,Moderate,None,Never,5.7,Good,Moderate,No,Yes,No,Yes,No,No,No,Metformin,131,66,69,32.0,104.2,1.01,197.3
34,Male,Other,18.0,Low,Moderate,None,Never,8.5,Poor,High,No,No,No,Yes,No,No,No,None,138,93,79,33.2,93.5,0.98,187.2
34,Female,South Asian,27.6,Middle,Sedentary,None,Never,5.6,Average,Moderate,No,No,No,No,No,No,No,Insulin,127,85,62,32.3,129.0,1.28,254.1
26,Male,South Asian,24.9,Middle,Active,None,Never,9.1,Average,Moderate,No,Yes,No,No,No,No,No,None,114,86,79,32.5,100.6,0.89,177.0
64,Female,Caucasian,27.8,High,Sedentary,None,Never,6.3,Average,Low,No,No,No,No,No,No,No,None,123,75,64,31.7,88.1,0.83,173.4
35,Male,African,22.6,Low,Sedentary,None,Never,7.7,Poor,Low,No,No,No,No,No,No,No,None,111,76,85,31.5,124.7,1.26,254.7
58,Female,African,20.9,High,Moderate,None,Never,7.7,Poor,Moderate,No,No,Yes,No,No,No,No,None,117,80,83,32.2,135.0,1.35,268.9
63,Male,South Asian,25.7,Middle,Active,Heavy,Never,5.7,Poor,High,No,No,No,Yes,No,No,No,None,126,67,54,31.1,93.4,0.91,184.2
55,Female,Other,33.2,Middle,Sedentary,None,Current,6.5,Good,Low,No,Yes,No,Yes,No,Yes,No,None,99,86,83,32.2,188.1,1.85,373.7
34,Female,African,29.3,Middle,Moderate,Moderate,Never,6.2,Poor,Moderate,No,No,No,Yes,No,No,No,Other,127,76,50,32.2,110.5,1.22,246.8
46,Male,Hispanic,22.5,Middle,Moderate,None,Never,7.6,Average,High,Yes,No,No,No,No,No,Yes,None,99,60,63,31.0,136.9,1.39,274.1
40,Female,Caucasian,18.3,Low,Active,None,Never,6.8,Average,Moderate,No,Yes,No,No,No,No,No,None,101,99,85,33.3,109.0,1.04,206.5
26,Male,Caucasian,18.0,Low,Sedentary,None,Never,5.9,Good,Low,No,No,No,Yes,No,No,No,None,130,83,70,33.5,125.8,1.26,253.9
45,Female,Other,31.6,Middle,Sedentary,Moderate,Former,7.2,Poor,Low,No,Yes,No,No,No,No,No,Metformin,107,83,91,33.4,80.8,0.76,148.6
22,Female,Caucasian,20.2,Middle,Sedentary,Moderate,Never,7.5,Poor,High,Yes,No,No,No,No,No,No,Steroids,105,73,82,31.8,151.4,1.44,289.8
58,Female,Hispanic,23.4,Low,Sedentary,None,Never,9.8,Average,Low,Yes,No,No,No,No,No,No,None,116,83,71,32.2,95.9,0.95,195.2
33,Female,Other,31.6,Middle,Sedentary,None,Never,7.1,Average,Moderate,No,No,No,Yes,No,Yes,No,None,111,87,69,31.7,125.3,1.19,234.2
43,Male,African,18.0,Middle,Active,Heavy,Never,7.0,Average,Moderate,No,No,No,No,No,No,No,None,123,65,90,32.7,73.4,0.85,172.9
44,Male,Caucasian,32.5,Low,Sedentary,Moderate,Never,7.6,Good,Moderate,No,No,No,No,No,No,No,Steroids,123,86,70,31.8,111.1,1.04,204.2
36,Male,South Asian,23.7,Middle,Active,None,Never,5.6,Poor,Low,No,No,No,Yes,No,No,No,None,105,69,56,32.2,88.6,0.89,176.5
49,Female,South Asian,19.3,Low,Sedentary,None,Never,4.4,Poor,Moderate,No,No,Yes,Yes,No,No,No,None,94,67,66,32.4,116.4,1.2,236.6
33,Male,South Asian,23.8,Low,Active,Moderate,Never,6.5,Average,Low,No,No,No,No,No,No,No,None,117,71,76,30.9,110.7,1.08,219.8
53,Female,South Asian,21.4,Middle,Moderate,None,Current,8.6,Good,Moderate,Yes,No,No,No,No,No,No,None,137,101,67,32.0,113.8,1.11,219.8
20,Female,South Asian,27.2,Middle,Sedentary,Moderate,Never,8.9,Poor,Moderate,No,No,No,No,No,No,No,Steroids,119,88,99,32.9,99.1,0.88,172.1
42,Male,South Asian,21.8,Low,Moderate,None,Never,4.2,Good,Low,No,No,No,No,No,No,No,None,115,80,69,35.0,104.5,1.08,221.9
69,Female,South Asian,18.0,Middle,Sedentary,Moderate,Former,8.0,Good,Moderate,Yes,No,No,Yes,No,No,No,Other,146,97,69,30.2,159.9,1.55,297.2
25,Male,Caucasian,23.9,Low,Sedentary,None,Former,4.0,Average,High,Yes,No,No,No,No,No,No,None,131,71,65,31.4,87.3,0.9,181.3
30,Male,South Asian,18.2,Low,Sedentary,None,Former,7.7,Good,High,Yes,Yes,No,No,No,No,No,None,94,70,84,31.4,110.6,1.08,213.9
48,Female,South Asian,26.0,Low,Sedentary,None,Former,7.6,Average,Low,Yes,No,No,No,No,No,No,None,116,71,72,30.8,94.6,0.91,186.8
43,Male,African,19.1,Low,Moderate,Moderate,Never,4.4,Average,Moderate,No,No,No,No,No,No,No,None,123,99,83,34.0,87.5,0.93,181.0
45,Male,Caucasian,22.6,Low,Moderate,Moderate,Never,8.5,Average,Moderate,No,No,No,Yes,No,No,No,Metformin,104,89,87,32.0,79.6,0.8,154.9
47,Female,Caucasian,25.9,Middle,Sedentary,Moderate,Current,9.6,Average,Moderate,Yes,No,No,Yes,Yes,Yes,No,None,116,72,79,31.8,126.2,1.25,242.2
50,Male,African,23.9,Middle,Active,Moderate,Current,6.9,Poor,Moderate,Yes,No,No,No,No,No,No,None,120,73,78,32.6,110.7,1.17,240.0
57,Female,Hispanic,26.3,Low,Active,None,Never,7.2,Average,High,No,Yes,No,Yes,No,No,No,None,117,83,63,31.4,107.8,1.07,211.0
46,Female,Caucasian,28.4,Low,Sedentary,None,Never,9.2,Good,Moderate,No,Yes,No,Yes,No,No,No,None,102,69,60,32.7,135.9,1.32,265.9
36,Male,African,19.2,Low,Sedentary,Moderate,Former,5.3,Average,Moderate,No,Yes,No,No,No,No,Yes,None,142,78,60,31.4,103.2,0.99,200.8
50,Male,Other,24.7,Middle,Sedentary,Moderate,Never,5.3,Good,Low,No,No,No,No,No,No,No,None,124,70,76,33.4,84.0,0.91,175.3
68,Female,Hispanic,18.0,Low,Moderate,None,Current,5.7,Poor,High,No,No,Yes,No,No,No,No,Steroids,107,79,98,32.1,125.7,1.31,255.6
38,Male,Caucasian,26.2,Low,Sedentary,None,Never,7.1,Good,Moderate,No,No,No,No,No,Yes,No,Metformin,133,88,69,33.4,112.1,1.13,216.3
25,Male,African,23.5,Middle,Sedentary,None,Former,7.1,Average,Moderate,No,No,No,No,No,No,Yes,Metformin,119,97,85,32.6,112.3,1.12,225.6
57,Female,South Asian,20.1,Middle,Moderate,None,Never,6.2,Average,High,No,No,No,No,No,No,Yes,Insulin,135,64,80,30.0,105.6,0.99,205.2
38,Male,Caucasian,26.6,Low,Moderate,Moderate,Never,6.5,Good,Moderate,No,No,No,No,No,No,No,None,118,86,75,30.8,77.1,0.77,156.4
18,Female,Other,30.9,Middle,Sedentary,Moderate,Never,6.2,Good,Moderate,No,No,No,No,No,No,No,None,98,87,73,33.6,126.2,1.22,245.5
53,Male,Caucasian,22.6,Low,Active,Moderate,Never,6.3,Average,High,No,No,No,No,No,No,No,Steroids,104,78,71,31.7,99.1,1.05,209.4
32,Male,Other,20.3,Low,Moderate,Moderate,Never,5.8,Good,Low,Yes,No,No,No,No,Yes,No,None,137,74,71,30.2,105.2,0.98,196.9
39,Male,Caucasian,25.8,Middle,Sedentary,None,Current,5.9,Poor,High,No,No,No,No,No,Yes,No,Insulin,135,74,81,31.5,117.9,1.16,231.3
45,Female,Other,18.3,Middle,Moderate,None,Never,4.0,Average,Low,No,No,No,No,No,No,Yes,Steroids,100,61,84,31.6,142.9,1.41,287.2
43,Female,Caucasian,21.7,Middle,Sedentary,Moderate,Never,6.7,Good,Moderate,Yes,No,No,No,No,No,No,Steroids,141,88,71,33.3,82.7,0.87,181.4
51,Female,South Asian,31.1,Low,Sedentary,None,Never,4.1,Average,Low,No,No,No,No,No,No,No,None,135,72,71,31.2,78.1,0.66,130.9
33,Male,Caucasian,25.3,Middle,Sedentary,None,Former,8.1,Poor,Low,No,No,No,Yes,No,No,No,Steroids,110,63,69,31.9,75.9,0.79,159.6
48,Male,South Asian,18.0,Low,Sedentary,Moderate,Never,6.2,Average,Moderate,Yes,Yes,No,No,No,Yes,No,None,119,83,85,33.1,114.2,1.1,215.3
36,Male,South Asian,18.0,Middle,Sedentary,Moderate,Current,6.8,Average,Low,No,No,No,No,No,No,No,None,90,83,84,31.5,112.3,1.13,230.3
51,Male,Hispanic,25.8,Middle,Sedentary,Moderate,Former,6.4,Average,High,Yes,No,No,Yes,No,Yes,No,Insulin,109,88,90,31.2,99.9,1.03,206.4
49,Female,South Asian,29.3,Low,Moderate,Moderate,Current,6.6,Average,Low,Yes,No,No,No,No,No,No,None,117,98,67,32.4,70.2,0.73,151.1
26,Female,Hispanic,18.0,Middle,Moderate,None,Never,8.9,Average,Low,Yes,Yes,No,Yes,Yes,No,No,None,125,80,69,32.8,105.9,1.03,209.6
56,Male,South Asian,27.2,Middle,Sedentary,None,Former,5.0,Average,High,No,No,No,Yes,No,No,No,None,118,77,92,31.9,103.7,0.91,187.0
32,Female,South Asian,31.7,Low,Sedentary,Moderate,Never,4.6,Average,Moderate,No,No,No,No,No,Yes,No,None,122,76,88,32.6,115.5,1.18,234.9
52,Male,Other,34.4,Middle,Moderate,Moderate,Never,7.2,Good,Moderate,Yes,No,No,No,No,No,Yes,Insulin,105,77,65,31.5,113.8,1.13,224.7
46,Female,South Asian,26.7,Middle,Sedentary,None,Never,6.3,Good,Low,No,No,No,No,No,Yes,No,Insulin,125,73,66,30.0,100.3,0.96,191.0
68,Male,African,27.5,Low,Sedentary,None,Never,7.5,Good,Moderate,No,No,No,No,No,No,No,Metformin,145,76,78,32.9,151.6,1.53,309.0
37,Male,African,18.0,High,Sedentary,Moderate,Never,8.1,Poor,Moderate,No,No,No,Yes,No,No,No,Metformin,127,73,87,31.0,86.4,0.9,185.8
35,Male,Caucasian,35.5,Middle,Active,None,Never,5.3,Average,High,Yes,No,No,No,No,No,Yes,None,121,70,66,31.4,113.7,1.15,223.3
40,Male,Other,22.1,Middle,Active,Moderate,Never,7.9,Good,Moderate,No,No,No,No,No,No,No,Metformin,109,97,76,32.2,124.0,1.28,250.0
35,Female,African,20.3,Middle,Moderate,None,Never,5.5,Average,High,Yes,No,Yes,No,No,No,No,None,115,94,86,33.0,82.7,0.96,192.0
52,Male,Caucasian,23.7,Middle,Sedentary,None,Former,7.1,Good,Moderate,No,No,No,No,No,No,No,None,100,61,73,31.9,90.0,0.88,180.6
18,Male,Hispanic,32.6,Low,Moderate,Moderate,Current,5.1,Average,Moderate,No,No,No,No,No,Yes,No,Steroids,98,83,74,31.5,122.4,1.1,213.2
24,Female,South Asian,36.0,High,Sedentary,None,Former,7.2,Good,Moderate,No,No,No,No,No,No,No,None,119,79,89,33.5,91.1,0.94,188.4
24,Female,Caucasian,25.6,Low,Sedentary,None,Never,7.0,Poor,Moderate,No,Yes,No,No,Yes,Yes,No,None,128,81,71,31.7,100.8,0.92,186.4
54,Female,Other,30.0,Low,Moderate,Moderate,Never,5.3,Average,Low,Yes,No,No,No,No,No,No,None,107,65,88,31.7,131.2,1.26,246.6
66,Male,African,25.2,Low,Moderate,Moderate,Never,5.0,Good,Moderate,No,Yes,No,No,No,Yes,No,None,138,62,74,30.4,123.3,1.12,219.0
38,Female,Hispanic,19.8,Middle,Sedentary,None,Never,8.1,Good,Moderate,No,No,No,No,No,No,No,Metformin,112,79,64,32.1,82.2,0.84,163.7
37,Female,African,32.4,High,Sedentary,None,Current,6.3,Average,Moderate,Yes,Yes,Yes,Yes,Yes,No,No,Steroids,119,76,81,33.4,122.8,1.36,269.6
41,Male,Hispanic,21.9,Low,Moderate,None,Never,8.5,Poor,Moderate,No,No,No,No,No,No,No,None,134,75,69,30.5,95.2,0.88,174.4
57,Male,Other,32.7,Middle,Active,None,Current,6.2,Good,Moderate,No,No,No,No,No,No,No,Insulin,115,78,63,31.3,104.1,1.0,198.5
26,Male,South Asian,31.5,Low,Moderate,None,Former,9.0,Average,High,Yes,Yes,No,No,No,No,No,Metformin,129,86,95,32.0,105.5,1.08,212.5
44,Male,South Asian,28.1,High,Sedentary,None,Former,5.6,Poor,Moderate,No,No,No,Yes,No,No,No,None,129,89,79,32.5,201.2,2.0,392.4
55,Male,Caucasian,34.1,Middle,Active,None,Current,9.2,Average,Low,No,Yes,No,Yes,No,No,Yes,Insulin,110,70,72,32.3,101.7,1.06,209.5
48,Male,African,36.2,Low,Moderate,None,Never,7.3,Average,Low,Yes,No,No,Yes,No,No,No,None,110,71,72,32.0,137.6,1.36,274.5
43,Female,South Asian,24.1,Low,Moderate,None,Never,7.6,Average,Low,No,No,No,No,No,No,No,Steroids,138,82,90,31.3,107.9,1.11,214.7
55,Female,South Asian,21.0,Low,Sedentary,None,Current,5.5,Good,Low,No,No,No,Yes,No,No,No,Metformin,140,92,91,33.4,113.5,1.19,235.5
18,Female,South Asian,18.0,Low,Sedentary,Heavy,Never,8.1,Average,Low,No,No,No,No,No,No,No,None,129,78,70,30.0,136.7,1.32,270.2
50,Female,Other,36.2,Middle,Sedentary,Heavy,Never,8.1,Average,Moderate,No,No,No,Yes,Yes,No,No,Steroids,107,81,78,33.1,82.8,0.9,185.7
30,Male,African,22.8,Low,Sedentary,None,Never,6.5,Average,Low,No,No,No,No,No,Yes,No,None,133,66,71,34.0,98.6,1.09,218.1
18,Female,Caucasian,30.7,High,Sedentary,Moderate,Former,4.0,Average,Low,No,No,No,No,No,No,No,Insulin,116,60,83,32.7,90.2,0.92,184.7
48,Female,South Asian,21.3,Middle,Moderate,Moderate,Never,5.3,Average,High,No,No,Yes,Yes,No,No,No,Metformin,101,103,71,31.4,125.1,1.23,248.8
61,Male,South Asian,32.7,Middle,Sedentary,None,Current,5.3,Average,High,No,No,No,Yes,No,No,No,None,110,83,56,32.3,110.3,1.11,217.4
38,Female,South Asian,21.5,Low,Active,None,Never,7.7,Average,Moderate,No,No,No,No,No,No,No,None,117,70,65,30.8,120.4,1.11,225.8
54,Female,South Asian,19.0,Middle,Sedentary,None,Former,6.3,Poor,Low,Yes,No,No,No,No,No,No,Other,136,60,85,31.0,100.8,0.96,185.5
64,Female,Other,24.0,Middle,Sedentary,None,Former,6.3,Poor,High,No,No,No,No,No,Yes,No,Metformin,108,94,68,32.5,77.2,0.79,152.6
60,Female,Other,22.3,Middle,Moderate,None,Never,6.2,Average,Moderate,Yes,No,Yes,Yes,No,No,Yes,Metformin,106,71,83,32.6,89.8,0.94,190.3
65,Male,South Asian,28.0,High,Sedentary,Heavy,Never,9.2,Poor,Low,No,No,No,Yes,No,Yes,No,Metformin,113,71,79,32.4,150.0,1.52,303.1
51,Male,South Asian,24.7,Low,Sedentary,Moderate,Current,7.1,Poor,Moderate,No,No,No,Yes,No,No,No,None,118,73,68,30.8,192.6,1.91,385.4
41,Male,South Asian,28.1,Low,Sedentary,Moderate,Former,7.3,Good,Low,Yes,No,No,Yes,No,No,No,Other,130,81,73,34.4,111.4,1.18,238.5
18,Female,Caucasian,23.5,Middle,Active,Moderate,Former,6.1,Average,High,No,No,No,No,No,No,No,Metformin,129,86,69,32.6,78.6,0.77,149.9
36,Female,South Asian,21.7,Middle,Active,Moderate,Never,7.0,Average,High,Yes,No,Yes,No,No,No,No,None,90,77,71,31.9,89.0,0.85,167.0
27,Female,South Asian,22.1,Middle,Moderate,None,Never,5.5,Average,Low,No,No,No,No,No,No,No,Metformin,115,70,57,32.1,80.1,0.86,165.8
73,Male,South Asian,35.2,Low,Moderate,None,Never,7.5,Average,Moderate,No,No,No,Yes,No,No,No,Insulin,122,103,74,31.4,113.4,0.97,188.5
37,Male,Hispanic,26.1,Middle,Sedentary,None,Never,5.3,Average,Moderate,No,Yes,No,No,No,No,No,None,107,75,69,31.1,117.1,1.26,254.1
42,Female,African,18.0,Low,Active,Moderate,Former,8.1,Average,High,No,Yes,No,Yes,No,No,No,Insulin,108,80,76,34.5,112.4,1.17,230.9
48,Female,African,22.4,Low,Active,None,Never,5.9,Average,Moderate,No,No,No,No,No,No,No,None,129,65,80,31.2,72.8,0.58,119.0
41,Male,South Asian,25.5,Middle,Moderate,Moderate,Former,8.4,Good,Low,No,Yes,No,No,No,Yes,No,Metformin,130,86,81,31.3,119.3,1.25,250.1
65,Male,Other,34.2,Low,Moderate,Heavy,Never,9.9,Good,Low,No,No,No,No,No,No,No,Metformin,117,91,69,31.7,80.3,0.71,137.4
31,Female,Other,30.1,Middle,Moderate,None,Never,7.0,Good,Low,No,Yes,No,No,No,Yes,No,Metformin,126,71,69,31.3,176.2,1.77,345.4
43,Female,South Asian,20.4,High,Sedentary,None,Current,9.0,Poor,High,Yes,No,No,No,Yes,No,No,None,127,62,73,32.0,135.9,1.32,266.5
29,Female,South Asian,37.1,Middle,Active,Moderate,Current,8.1,Average,High,No,No,No,No,No,No,No,Insulin,104,76,86,31.6,82.3,0.87,174.3
20,Male,Caucasian,24.8,High,Moderate,None,Current,4.9,Poor,Moderate,Yes,No,No,No,No,No,No,None,104,99,70,31.9,79.7,0.76,146.1
31,Female,South Asian,31.2,Middle,Moderate,None,Current,7.2,Average,Low,Yes,No,Yes,No,Yes,No,No,Insulin,114,74,68,31.7,124.2,1.27,246.3
39,Female,Caucasian,19.2,Low,Moderate,Moderate,Former,7.8,Average,Moderate,No,No,No,No,Yes,No,No,Steroids,110,105,64,31.8,107.9,1.11,216.2
34,Male,Caucasian,18.0,Middle,Active,Moderate,Current,7.9,Average,Moderate,No,No,No,Yes,No,No,No,None,111,74,80,30.5,84.2,0.8,163.0
30,Male,Caucasian,18.0,High,Moderate,None,Former,7.3,Average,Low,Yes,Yes,No,No,No,Yes,No,None,119,62,72,31.7,126.8,1.27,250.9
19,Female,South Asian,18.0,High,Sedentary,Moderate,Current,7.2,Good,Moderate,Yes,No,No,No,No,No,No,Steroids,119,75,65,31.9,84.4,0.8,155.7
39,Male,Caucasian,35.6,Middle,Sedentary,None,Never,7.0,Good,Low,Yes,No,No,No,No,No,No,None,90,61,67,31.7,98.8,0.86,169.2
18,Male,Other,26.1,Low,Active,Moderate,Current,7.2,Poor,Moderate,No,No,No,No,No,No,No,None,121,73,82,31.7,87.8,0.81,159.7
51,Female,South Asian,20.4,Low,Moderate,Moderate,Never,5.2,Good,Moderate,No,No,Yes,Yes,No,No,Yes,Other,116,84,76,32.9,70.2,0.69,142.8
41,Male,African,27.3,Low,Active,None,Never,6.6,Good,Moderate,Yes,No,No,No,No,No,No,Insulin,123,75,68,31.5,69.6,0.54,108.0
18,Female,South Asian,25.9,High,Active,None,Never,4.8,Poor,Moderate,No,Yes,No,No,No,No,No,None,110,91,81,33.0,101.8,0.9,175.1
35,Male,South Asian,28.1,Middle,Moderate,Heavy,Current,6.3,Average,Moderate,Yes,No,No,No,No,Yes,No,Metformin,110,75,85,34.0,107.8,1.12,219.5
29,Female,Caucasian,31.0,Middle,Sedentary,None,Never,6.1,Good,Moderate,Yes,No,No,No,Yes,No,No,None,114,65,82,31.4,91.7,0.9,178.5
45,Male,South Asian,23.6,Middle,Sedentary,None,Current,6.0,Average,Low,No,No,No,No,No,No,No,Steroids,136,81,77,32.4,98.5,0.93,179.7
60,Male,South Asian,20.6,Middle,Moderate,None,Never,5.4,Average,Moderate,No,Yes,No,Yes,No,No,No,Metformin,114,79,92,32.2,93.6,0.87,172.9
18,Male,South Asian,29.1,Low,Sedentary,None,Never,7.4,Average,High,Yes,No,No,Yes,No,No,No,None,137,80,88,32.1,70.0,0.76,150.1
42,Female,Caucasian,29.0,Low,Moderate,Moderate,Never,6.5,Good,Moderate,No,No,No,No,No,No,No,None,135,67,76,30.4,88.3,0.86,162.8
38,Female,African,25.5,Middle,Moderate,None,Never,6.4,Good,Moderate,Yes,No,No,No,No,No,No,None,115,83,85,32.9,84.2,0.81,162.0
50,Male,South Asian,35.9,Middle,Sedentary,Moderate,Former,4.9,Average,Moderate,No,No,No,No,No,No,No,Other,112,94,82,31.6,138.9,1.48,301.5
43,Female,African,22.8,Low,Moderate,None,Former,6.6,Average,Low,Yes,No,Yes,Yes,No,No,No,None,113,67,70,33.2,125.5,1.37,268.1
29,Female,South Asian,20.5,Middle,Sedentary,Moderate,Never,8.7,Average,Low,No,Yes,No,Yes,No,No,No,None,118,61,91,32.0,157.3,1.54,311.5
35,Female,African,27.1,Low,Sedentary,None,Never,8.7,Poor,Moderate,Yes,No,No,No,No,No,No,None,112,65,92,33.1,114.4,1.13,228.6
28,Male,Caucasian,21.6,Middle,Sedentary,None,Never,7.6,Average,Moderate,No,No,No,Yes,No,No,No,None,131,80,87,32.5,81.0,0.87,164.1
56,Female,African,27.5,Low,Active,Heavy,Current,6.6,Good,High,No,Yes,No,No,Yes,No,No,Insulin,110,64,81,32.8,102.8,1.05,207.2
40,Male,Other,20.8,Middle,Sedentary,None,Never,7.8,Good,Moderate,Yes,Yes,No,Yes,No,No,No,Metformin,133,83,84,32.6,124.8,1.18,237.2
69,Male,Other,23.0,Low,Sedentary,None,Never,6.0,Good,Moderate,No,No,No,Yes,No,Yes,No,None,106,84,72,31.9,96.3,0.94,193.0
39,Female,South Asian,34.5,Middle,Sedentary,Heavy,Never,6.6,Poor,Moderate,No,No,No,No,No,No,No,None,95,84,86,31.6,79.2,0.83,163.1
29,Female,Hispanic,23.0,Middle,Sedentary,Moderate,Current,5.9,Good,Moderate,No,No,No,No,No,No,No,None,93,106,62,32.4,98.5,0.96,180.0
18,Male,South Asian,21.0,Middle,Moderate,Moderate,Never,8.4,Average,Moderate,No,No,No,No,No,No,No,None,112,61,72,32.7,75.5,0.65,133.2
18,Male,Other,30.9,High,Sedentary,None,Never,8.2,Average,Moderate,No,No,No,No,No,No,No,None,108,63,50,32.0,150.2,1.49,299.1
18,Female,South Asian,19.7,Low,Active,None,Former,6.9,Average,Moderate,No,No,No,No,No,No,No,Insulin,107,93,79,32.8,103.1,1.03,216.1
44,Female,South Asian,21.5,Low,Sedentary,None,Current,9.6,Good,Low,No,Yes,No,No,No,No,No,Metformin,135,85,85,31.3,108.7,1.07,208.8
48,Male,South Asian,27.9,Middle,Moderate,Heavy,Former,7.6,Average,High,No,No,No,No,No,No,No,None,109,91,91,32.3,85.8,0.78,156.4
18,Female,South Asian,29.7,Middle,Sedentary,Heavy,Never,7.5,Good,Moderate,Yes,No,No,No,Yes,No,No,None,91,60,73,33.1,113.2,1.17,234.9
53,Male,African,31.1,Low,Active,None,Never,7.4,Average,Moderate,Yes,No,No,Yes,No,No,No,None,128,66,77,32.3,113.6,1.11,226.3
33,Male,Other,21.3,Middle,Sedentary,None,Current,5.1,Average,Moderate,No,No,No,Yes,No,No,Yes,Metformin,140,90,75,31.9,89.2,0.9,189.5
42,Female,African,28.0,Low,Active,None,Never,5.7,Average,Moderate,No,No,No,No,No,No,No,Steroids,127,78,93,32.9,93.9,0.83,165.2
64,Male,African,22.7,Low,Moderate,None,Never,6.9,Poor,Moderate,No,No,No,No,No,No,No,Insulin,110,93,78,33.6,76.9,0.8,160.7
53,Male,Hispanic,22.0,Middle,Moderate,None,Never,6.9,Average,High,Yes,Yes,No,Yes,No,Yes,No,Insulin,123,76,94,32.6,143.1,1.43,284.6
36,Female,South Asian,31.0,Middle,Active,Moderate,Current,7.9,Average,Moderate,Yes,No,No,No,No,No,No,Metformin,108,78,87,30.4,117.9,1.28,261.1
27,Female,South Asian,22.3,Middle,Sedentary,Moderate,Former,6.0,Average,High,No,Yes,Yes,No,No,No,No,Metformin,105,103,83,31.2,107.2,1.09,222.8
18,Male,South Asian,26.4,Middle,Moderate,Moderate,Former,7.1,Average,Moderate,Yes,No,No,No,No,No,No,None,117,70,69,33.0,112.7,1.14,219.6
29,Female,South Asian,25.8,Middle,Sedentary,Moderate,Never,7.1,Good,High,No,No,No,No,No,No,No,Metformin,119,87,64,31.5,111.8,1.11,221.8
37,Female,South Asian,19.6,Low,Moderate,Moderate,Never,7.2,Average,Moderate,No,Yes,No,Yes,No,Yes,Yes,None,117,64,76,32.1,126.0,1.31,261.7
25,Male,South Asian,29.8,Middle,Active,Moderate,Never,7.0,Average,Moderate,Yes,No,No,No,No,No,No,Metformin,145,71,76,31.5,116.8,1.12,230.9
38,Female,South Asian,27.8,Middle,Active,None,Never,4.9,Average,Low,No,No,No,Yes,No,No,No,Metformin,121,87,63,32.9,98.4,1.06,219.0
41,Male,South Asian,18.0,Low,Sedentary,None,Current,4.0,Average,Moderate,No,No,No,No,No,No,No,Steroids,134,66,86,32.5,84.2,0.84,165.1
37,Male,Other,26.4,Low,Sedentary,None,Never,5.6,Good,Moderate,No,Yes,No,No,No,Yes,Yes,Insulin,153,89,77,31.4,154.3,1.49,305.9
30,Female,South Asian,21.1,High,Sedentary,Moderate,Never,6.2,Good,Moderate,No,No,No,No,Yes,No,No,None,113,78,81,32.9,123.3,1.26,253.6
43,Female,Caucasian,30.5,High,Sedentary,Heavy,Current,5.2,Poor,Moderate,No,No,No,No,No,No,No,None,122,70,92,32.9,98.9,0.98,199.1
47,Male,Caucasian,18.0,Low,Sedentary,None,Never,6.9,Good,Low,No,No,No,No,No,No,No,None,132,79,67,32.6,87.0,0.97,196.9
24,Male,Caucasian,23.2,Low,Sedentary,Heavy,Former,8.6,Good,Moderate,Yes,No,No,Yes,No,No,No,None,122,74,54,32.2,102.0,1.04,214.1
61,Male,South Asian,26.8,Low,Active,None,Former,8.1,Good,Moderate,No,No,No,Yes,No,No,No,Metformin,116,73,69,35.0,85.9,0.96,187.2
39,Male,South Asian,25.3,Low,Moderate,Moderate,Current,7.7,Average,Moderate,No,Yes,No,No,No,No,No,None,155,75,92,30.6,145.0,1.47,297.2
40,Male,South Asian,28.8,Middle,Moderate,Moderate,Current,8.5,Good,Moderate,No,No,No,No,No,No,No,Insulin,138,66,75,31.7,109.6,1.13,229.6
51,Male,South Asian,18.0,Middle,Sedentary,Moderate,Former,5.6,Poor,Moderate,No,Yes,No,No,No,No,No,Insulin,90,62,73,32.0,99.6,1.0,207.2
43,Female,South Asian,33.3,Middle,Moderate,Heavy,Never,6.3,Average,Moderate,No,No,No,No,No,No,Yes,None,140,60,70,33.3,87.4,0.97,193.6
54,Male,Caucasian,27.6,Low,Active,None,Never,7.9,Poor,Moderate,No,No,No,No,No,No,No,Insulin,144,85,75,31.7,91.3,0.91,182.4
44,Male,African,31.8,Middle,Moderate,None,Current,6.3,Average,High,No,No,No,No,No,No,No,Steroids,138,84,69,33.1,190.6,1.84,363.6
31,Female,Caucasian,29.4,Low,Sedentary,None,Never,6.4,Good,Moderate,Yes,No,No,No,No,Yes,No,None,131,72,70,31.4,99.6,0.93,191.0
45,Female,Caucasian,24.9,Low,Sedentary,None,Former,9.8,Good,Moderate,Yes,No,No,No,No,No,No,Metformin,143,79,85,32.5,137.9,1.43,288.3
23,Male,South Asian,18.6,Middle,Active,Heavy,Never,7.1,Good,Low,No,No,No,No,No,No,No,Steroids,133,94,101,32.9,97.1,0.93,184.2
42,Male,Hispanic,22.2,Low,Sedentary,None,Never,9.6,Average,High,No,No,No,Yes,No,No,No,None,129,74,67,31.4,84.8,0.82,168.4
40,Female,South Asian,32.9,Low,Moderate,Moderate,Never,4.3,Good,Moderate,No,No,No,No,No,No,No,Insulin,122,77,70,32.8,100.3,0.97,190.3
37,Male,African,31.9,Middle,Sedentary,Moderate,Never,6.1,Average,Moderate,No,Yes,No,No,No,No,No,Steroids,104,99,69,33.5,156.0,1.57,310.8
38,Male,Hispanic,21.9,Low,Sedentary,None,Current,7.6,Poor,Low,No,No,No,No,No,No,No,None,99,84,91,31.9,98.2,0.96,194.5
18,Female,Caucasian,18.0,Middle,Active,None,Current,7.1,Average,High,No,No,Yes,Yes,No,No,No,Metformin,132,89,83,31.0,115.4,1.08,210.3
32,Male,South Asian,23.9,Low,Sedentary,None,Never,4.0,Average,High,No,No,No,Yes,No,No,No,None,131,87,72,31.7,114.7,1.13,216.8
41,Male,Caucasian,23.6,Low,Sedentary,None,Former,6.7,Poor,Moderate,Yes,No,No,Yes,No,No,Yes,None,119,85,70,31.9,84.8,0.92,195.7
42,Male,South Asian,23.8,Middle,Sedentary,None,Never,10.0,Good,Moderate,No,No,No,No,No,No,No,None,107,73,91,33.0,92.2,1.02,198.1
25,Male,South Asian,27.6,Middle,Active,None,Current,7.4,Average,High,No,Yes,No,No,No,No,No,Insulin,103,70,75,31.1,106.2,0.96,196.6
59,Male,South Asian,29.4,Middle,Sedentary,None,Current,7.9,Good,Moderate,No,No,No,No,No,No,No,None,115,87,75,32.7,81.0,0.83,162.7
27,Other,South Asian,30.0,Middle,Active,Moderate,Never,6.0,Average,Moderate,No,No,No,Yes,No,No,No,None,131,85,53,32.6,98.3,1.01,209.1
55,Male,Caucasian,27.2,High,Sedentary,Moderate,Never,7.4,Poor,Moderate,Yes,No,No,No,No,No,No,None,154,82,83,32.5,109.4,1.2,236.8
46,Male,Hispanic,18.0,Middle,Active,Moderate,Former,7.0,Poor,Moderate,Yes,Yes,No,No,No,No,No,Steroids,120,83,75,33.2,99.0,1.05,201.0
30,Male,South Asian,23.3,Low,Active,None,Current,8.7,Good,Moderate,Yes,Yes,No,No,No,Yes,No,Steroids,124,72,76,32.3,139.6,1.39,281.1
67,Female,Other,36.5,Middle,Sedentary,Heavy,Former,8.6,Poor,Moderate,Yes,No,No,No,No,No,No,None,137,68,76,31.5,120.1,1.2,246.0
22,Female,Other,26.9,Middle,Sedentary,Moderate,Current,7.6,Average,Moderate,No,No,No,No,No,No,No,None,119,73,84,32.0,92.3,0.87,179.2
54,Male,Other,26.8,Middle,Sedentary,Heavy,Current,7.1,Average,High,No,Yes,No,Yes,No,No,No,Metformin,126,77,53,32.1,74.5,0.66,133.0
55,Female,Hispanic,26.8,Middle,Moderate,None,Never,4.5,Average,High,Yes,No,Yes,Yes,No,No,No,None,132,74,63,31.5,156.8,1.65,330.2
30,Male,South Asian,27.1,Low,Sedentary,Moderate,Current,4.4,Average,Moderate,No,No,No,Yes,No,No,No,None,137,96,95,30.6,73.4,0.7,143.4
61,Male,South Asian,18.0,Middle,Sedentary,Moderate,Never,7.1,Poor,Moderate,No,No,No,No,No,No,No,Metformin,121,95,63,32.1,114.3,1.12,231.4
36,Male,Caucasian,23.8,Middle,Sedentary,None,Never,8.3,Good,Moderate,Yes,Yes,No,Yes,No,No,No,Metformin,113,89,67,32.3,73.7,0.76,151.1
44,Male,Caucasian,24.8,Middle,Sedentary,None,Former,9.0,Average,Moderate,Yes,Yes,No,No,No,No,Yes,None,123,92,88,32.0,79.7,0.78,163.7
44,Male,Hispanic,31.4,Middle,Sedentary,Moderate,Never,5.7,Average,Moderate,No,Yes,No,No,No,No,No,Metformin,95,67,76,32.1,125.2,1.36,272.0
38,Female,Other,25.2,Middle,Active,None,Never,4.7,Good,Moderate,No,No,No,No,No,No,No,None,124,87,76,31.1,92.3,0.78,156.2
52,Male,Caucasian,18.0,Middle,Active,None,Former,8.4,Good,Moderate,No,No,No,Yes,No,No,Yes,None,133,80,91,30.0,125.5,1.23,246.9
52,Female,South Asian,27.2,Middle,Sedentary,None,Never,5.8,Average,Moderate,No,No,No,Yes,No,No,No,None,145,75,69,31.7,84.6,0.91,184.3
18,Male,South Asian,21.0,Middle,Moderate,Moderate,Current,4.6,Good,High,No,No,No,Yes,No,No,Yes,None,134,77,70,30.7,84.7,0.81,168.0
60,Male,South Asian,18.9,Middle,Moderate,Heavy,Current,6.3,Good,High,No,No,No,Yes,No,No,No,Steroids,90,77,83,32.4,138.7,1.37,273.0
18,Male,Caucasian,20.8,High,Moderate,None,Never,6.2,Average,Low,No,No,No,Yes,No,No,No,Insulin,141,76,77,30.9,88.3,0.82,167.6
55,Female,Caucasian,27.7,Middle,Moderate,Moderate,Never,9.0,Good,Moderate,Yes,No,No,Yes,No,No,Yes,None,142,74,85,32.0,91.9,0.93,189.5
57,Male,Hispanic,31.3,Low,Moderate,None,Former,8.3,Good,Moderate,Yes,No,No,No,No,No,Yes,None,106,67,69,31.7,100.8,1.03,207.6
24,Female,Caucasian,27.4,Middle,Moderate,Moderate,Never,5.9,Good,Moderate,Yes,Yes,Yes,No,No,No,Yes,Steroids,114,64,77,31.3,145.8,1.42,272.0
34,Male,Other,28.2,Middle,Moderate,None,Never,9.1,Average,High,Yes,No,No,No,No,No,No,None,142,84,74,33.0,98.7,1.04,206.2
23,Male,African,27.4,Middle,Sedentary,Moderate,Former,7.2,Good,Moderate,Yes,No,No,No,No,Yes,Yes,None,121,60,71,30.9,99.0,0.99,203.8
37,Male,Hispanic,25.5,Middle,Sedentary,None,Former,8.6,Poor,High,No,No,No,No,No,Yes,No,Metformin,111,99,62,30.0,105.7,1.0,200.0
35,Male,South Asian,28.5,Low,Sedentary,None,Never,9.0,Good,Moderate,Yes,No,No,Yes,No,No,No,Insulin,109,74,71,30.8,94.9,0.9,176.4
52,Male,Hispanic,18.0,Low,Moderate,None,Current,6.6,Average,Low,Yes,No,No,No,No,No,No,None,160,62,70,33.5,111.2,1.06,206.9
60,Male,African,25.6,Low,Sedentary,Moderate,Former,7.9,Average,Moderate,No,Yes,No,Yes,No,Yes,No,None,132,85,88,31.7,105.0,1.03,202.9
61,Female,South Asian,19.8,Middle,Moderate,Heavy,Never,6.4,Good,Moderate,No,No,No,Yes,No,No,No,None,116,79,81,33.1,102.7,1.14,225.4
32,Male,South Asian,30.8,Low,Sedentary,None,Former,8.4,Average,Moderate,Yes,No,No,No,No,No,Yes,None,141,71,79,32.0,167.0,1.64,336.3
37,Female,Other,24.3,Middle,Active,None,Never,7.1,Average,Low,No,No,Yes,No,No,No,No,None,119,74,73,33.2,91.8,0.93,183.8
18,Male,South Asian,25.2,Low,Sedentary,Moderate,Never,8.4,Average,Low,No,No,No,No,No,No,No,None,138,79,66,31.2,99.4,0.94,187.0
28,Female,Caucasian,18.0,High,Moderate,Moderate,Current,9.3,Good,Moderate,No,No,No,No,No,No,No,Steroids,129,91,77,32.3,157.8,1.54,303.9
54,Female,South Asian,30.1,Low,Moderate,None,Current,7.8,Poor,Moderate,No,No,No,Yes,No,Yes,No,None,115,60,89,32.8,125.8,1.29,256.6
64,Male,African,28.1,Low,Sedentary,None,Never,6.9,Average,High,Yes,No,No,Yes,No,No,No,Steroids,127,83,66,30.7,103.6,0.95,191.0
21,Male,Hispanic,27.8,Middle,Sedentary,None,Current,6.9,Average,Moderate,No,No,No,No,No,No,No,None,128,96,80,31.0,98.8,1.04,202.5
31,Female,South Asian,20.9,Low,Active,None,Never,4.0,Average,Low,Yes,Yes,No,No,No,No,No,None,132,72,70,31.7,189.1,1.84,368.7
40,Female,Caucasian,21.1,High,Sedentary,None,Never,5.9,Average,Moderate,No,No,No,No,No,Yes,No,None,144,87,75,32.5,90.9,0.94,181.8
44,Male,Other,26.1,Low,Active,None,Never,8.4,Poor,Moderate,Yes,No,No,No,No,No,No,Steroids,153,87,73,31.2,101.5,1.0,204.1
28,Male,Hispanic,21.5,Middle,Active,None,Never,8.5,Average,Moderate,No,No,No,No,No,No,No,Other,126,99,79,33.1,81.9,0.85,174.1
46,Female,Hispanic,27.2,High,Moderate,Moderate,Never,5.9,Good,Low,No,No,No,Yes,No,No,No,None,91,82,73,33.0,126.0,1.28,265.3
33,Male,Caucasian,18.0,Low,Moderate,Heavy,Current,7.2,Good,Low,No,No,No,No,No,Yes,No,None,133,87,70,31.9,69.6,0.65,135.4
40,Female,South Asian,22.6,Low,Moderate,Heavy,Never,6.7,Average,Low,No,No,No,No,No,No,No,None,116,91,59,32.4,163.1,1.72,345.7
48,Male,Caucasian,34.0,Low,Moderate,Moderate,Never,8.0,Poor,Moderate,No,No,No,No,No,No,No,None,95,86,77,32.7,172.0,1.73,344.4
40,Male,African,27.2,Middle,Active,Moderate,Former,10.0,Average,Moderate,Yes,No,No,No,No,No,No,Other,130,71,81,32.9,95.0,1.04,208.1
33,Female,South Asian,25.8,Low,Sedentary,None,Never,8.1,Good,Low,No,Yes,No,No,No,No,No,Other,127,73,76,32.5,99.5,1.05,206.8
38,Female,South Asian,34.9,Middle,Sedentary,Moderate,Former,6.0,Average,Moderate,No,No,No,Yes,No,Yes,No,None,108,83,74,31.4,82.3,0.76,149.8
39,Male,South Asian,18.0,Middle,Sedentary,None,Never,6.9,Average,High,No,Yes,No,No,No,No,No,Metformin,102,89,90,30.4,114.0,1.16,237.9
34,Male,Caucasian,20.9,Middle,Moderate,Moderate,Never,9.1,Good,Moderate,Yes,No,No,Yes,No,No,No,None,141,83,91,32.2,129.9,1.34,268.6
36,Female,Hispanic,23.0,Low,Sedentary,Heavy,Former,4.9,Average,Moderate,No,No,No,Yes,No,Yes,No,Metformin,128,70,86,33.2,118.3,1.15,228.8
64,Female,South Asian,29.3,Low,Active,Moderate,Never,6.1,Good,Low,Yes,No,No,No,No,No,No,Metformin,108,78,78,33.3,79.0,0.85,168.7
48,Male,African,29.4,Low,Sedentary,None,Never,8.1,Average,Low,No,No,No,Yes,No,No,No,None,130,66,76,32.3,85.1,0.84,168.5
36,Female,Other,20.7,Middle,Active,Moderate,Never,8.9,Average,Moderate,No,No,Yes,No,No,No,No,None,114,86,64,31.5,126.1,1.35,270.6
50,Female,South Asian,30.0,Low,Sedentary,Heavy,Never,7.9,Average,Moderate,No,Yes,No,No,No,No,Yes,None,128,100,56,32.9,99.5,0.89,185.0
35,Female,African,23.0,Middle,Sedentary,None,Former,6.1,Average,Moderate,No,No,No,No,No,No,No,None,125,85,89,30.9,101.2,1.06,209.8
58,Female,Other,31.1,Middle,Sedentary,Moderate,Never,7.8,Average,High,No,No,No,No,No,No,No,None,90,60,76,31.4,109.6,1.1,215.4
46,Male,Other,19.8,Low,Sedentary,None,Never,7.6,Average,Moderate,No,Yes,No,No,No,No,No,Steroids,122,81,109,30.6,114.3,1.08,215.1
38,Female,South Asian,24.4,Middle,Sedentary,Moderate,Never,7.5,Poor,Moderate,No,No,No,No,No,No,No,None,118,80,69,33.0,165.1,1.68,333.3
47,Female,South Asian,22.5,Low,Active,None,Never,6.9,Good,Moderate,No,Yes,No,No,No,Yes,No,None,109,75,79,30.4,182.8,1.74,349.2
18,Male,South Asian,30.3,Low,Sedentary,None,Current,7.1,Good,Low,No,No,No,Yes,No,No,No,None,101,60,85,32.4,191.8,1.91,378.9
23,Male,African,22.4,Low,Moderate,Moderate,Current,5.6,Average,High,No,No,No,No,No,No,No,Other,117,85,68,34.3,86.0,0.96,195.2
22,Male,African,24.8,Low,Sedentary,None,Never,10.0,Good,Moderate,No,No,No,No,No,No,No,None,115,89,72,32.4,79.8,0.83,164.1
42,Female,African,27.5,Middle,Sedentary,None,Never,7.2,Poor,Low,No,No,Yes,No,No,Yes,No,Insulin,130,71,73,31.0,100.2,1.0,193.8
66,Male,South Asian,27.7,Middle,Moderate,None,Never,7.8,Average,Low,No,Yes,No,Yes,No,No,No,Steroids,118,71,71,31.6,124.4,1.27,252.1
73,Female,South Asian,29.4,Low,Sedentary,Moderate,Never,6.7,Average,High,No,No,No,No,No,No,Yes,Steroids,121,77,79,30.5,94.0,0.93,180.7
50,Female,Caucasian,26.1,High,Active,None,Never,8.3,Average,Moderate,No,No,No,Yes,No,No,No,None,125,97,76,31.1,87.0,0.84,166.6
48,Female,Caucasian,22.9,Middle,Moderate,Moderate,Never,5.1,Average,Low,No,No,No,No,No,No,No,None,113,77,55,31.3,99.8,1.04,211.4
18,Female,African,23.3,Low,Sedentary,Moderate,Former,4.4,Average,Low,Yes,No,No,Yes,No,No,No,Steroids,105,72,76,31.2,126.2,1.24,245.9
32,Female,Caucasian,25.1,Low,Moderate,None,Never,7.0,Average,Moderate,No,No,No,No,No,No,No,Metformin,153,76,79,32.1,86.8,0.93,178.1
28,Male,South Asian,26.2,Middle,Sedentary,Moderate,Current,10.0,Poor,Low,No,No,No,No,No,No,No,Other,119,86,75,30.0,114.9,1.18,237.4
31,Female,South Asian,24.3,High,Moderate,None,Never,8.8,Good,Low,No,No,No,No,No,Yes,No,None,117,60,91,30.8,90.6,0.93,188.1
37,Male,South Asian,25.1,Middle,Active,None,Former,5.8,Poor,Moderate,No,No,No,No,No,No,No,None,141,78,78,32.6,76.5,0.75,153.1
33,Female,South Asian,18.0,High,Active,None,Current,7.8,Average,Moderate,No,Yes,No,No,Yes,No,No,None,148,77,75,34.1,119.2,1.15,228.5
18,Male,South Asian,28.3,Middle,Sedentary,None,Never,6.0,Average,High,No,No,No,No,No,No,No,Metformin,142,79,84,32.4,121.0,1.19,242.0
51,Female,South Asian,25.9,Middle,Sedentary,None,Current,7.6,Average,Low,No,No,No,No,No,No,No,None,114,73,98,31.2,98.8,0.92,185.6
24,Female,South Asian,30.0,Middle,Moderate,None,Never,7.8,Average,High,Yes,No,No,No,No,No,No,None,125,67,74,32.8,98.0,0.94,184.6
44,Female,South Asian,25.0,Middle,Active,Moderate,Current,8.4,Average,Moderate,No,No,No,No,No,No,No,None,129,89,86,33.1,88.8,0.96,195.3
71,Male,African,18.0,Low,Active,None,Current,4.7,Average,Moderate,No,No,No,Yes,No,No,No,Metformin,154,62,93,31.2,87.2,0.81,156.4
26,Male,South Asian,23.2,Middle,Sedentary,Heavy,Never,5.1,Poor,Low,Yes,No,No,No,No,No,No,None,126,96,73,31.1,120.1,1.19,242.6
18,Female,African,24.0,Low,Moderate,None,Current,6.9,Poor,High,No,Yes,No,No,Yes,No,Yes,Steroids,127,83,63,33.6,125.4,1.32,275.4
36,Male,African,28.7,Middle,Active,None,Never,5.5,Average,High,No,No,No,Yes,No,No,No,None,105,87,79,30.9,76.1,0.72,146.3
57,Female,Caucasian,18.0,Middle,Sedentary,None,Never,5.3,Good,High,Yes,No,Yes,No,No,No,No,None,101,81,88,33.8,74.8,0.89,175.9
69,Male,Other,25.2,Middle,Active,None,Never,7.4,Poor,Low,No,No,No,No,No,No,No,None,140,92,72,32.6,80.5,0.76,148.3
22,Female,South Asian,27.6,Low,Sedentary,Moderate,Never,5.6,Average,High,No,Yes,No,No,No,No,No,Metformin,125,85,86,33.3,113.3,1.28,254.4
47,Male,African,21.7,Middle,Sedentary,None,Former,10.0,Good,Moderate,No,No,No,No,No,Yes,No,None,127,93,66,33.0,117.2,1.3,255.3
33,Female,Other,25.4,Middle,Sedentary,None,Never,6.2,Average,Low,No,No,No,No,No,No,No,Steroids,136,88,73,33.0,69.7,0.71,141.1
38,Female,Hispanic,21.9,Middle,Moderate,None,Former,6.6,Average,Low,Yes,No,No,No,Yes,No,No,Other,133,91,74,30.9,155.5,1.48,298.8
80,Male,South Asian,21.4,Middle,Active,None,Never,7.4,Average,Moderate,Yes,No,No,No,No,No,No,None,131,73,74,32.7,75.9,0.66,138.4
18,Male,South Asian,23.0,Middle,Moderate,None,Current,4.7,Good,High,No,Yes,No,Yes,No,No,No,Metformin,130,76,66,33.3,124.8,1.36,280.2
44,Male,South Asian,21.4,Low,Sedentary,None,Never,7.8,Good,High,No,No,No,Yes,No,No,No,Steroids,122,80,72,31.8,125.4,1.29,256.2
47,Female,African,28.4,High,Sedentary,None,Never,7.5,Average,Moderate,No,Yes,No,No,Yes,No,No,None,123,80,55,30.0,110.3,1.09,209.3
56,Female,African,21.3,Middle,Moderate,None,Former,6.5,Average,Moderate,No,No,No,No,Yes,No,No,None,134,86,82,30.7,71.8,0.77,144.9
41,Female,South Asian,20.5,Low,Moderate,None,Current,7.4,Average,Moderate,No,Yes,No,No,No,No,No,Metformin,106,73,75,30.4,109.5,1.04,212.6
45,Female,Caucasian,33.8,Low,Moderate,Moderate,Former,7.6,Poor,Moderate,Yes,No,No,No,No,No,No,None,104,80,86,31.6,151.2,1.52,305.2
34,Male,African,29.8,Low,Sedentary,None,Never,9.2,Average,Low,No,Yes,No,Yes,No,No,No,None,121,86,74,30.6,123.6,1.28,256.6
44,Male,Caucasian,18.0,Middle,Moderate,None,Never,10.0,Good,Moderate,Yes,No,No,Yes,No,No,No,Insulin,122,61,57,31.4,114.1,1.17,232.5
35,Male,Hispanic,21.2,Middle,Active,None,Never,5.4,Average,Moderate,No,Yes,No,No,No,Yes,No,None,131,91,78,34.0,101.5,1.04,202.3
49,Male,Hispanic,26.2,Middle,Moderate,None,Never,5.1,Average,Moderate,No,No,No,No,No,Yes,No,None,117,100,68,32.8,118.6,1.22,245.3
34,Female,South Asian,26.6,Middle,Moderate,None,Never,7.2,Average,Low,No,No,No,No,No,No,No,Metformin,108,71,86,32.6,116.7,1.18,237.6
46,Female,African,18.0,Low,Active,None,Never,4.0,Average,Moderate,Yes,Yes,No,No,No,No,Yes,None,129,95,73,33.1,105.9,1.15,222.7
40,Male,South Asian,30.8,Middle,Moderate,None,Never,8.0,Average,Low,Yes,No,No,No,No,No,Yes,None,140,82,95,30.7,72.2,0.69,141.9
57,Female,Caucasian,29.1,Low,Moderate,None,Former,7.2,Good,High,No,No,No,No,Yes,No,No,None,125,71,66,31.1,100.4,0.96,187.7
39,Female,Other,27.4,Low,Moderate,Moderate,Former,7.6,Good,Moderate,No,No,No,No,No,No,No,None,98,88,77,32.1,96.0,0.91,177.2
18,Male,Hispanic,31.8,Middle,Sedentary,Moderate,Never,6.5,Average,High,No,No,No,Yes,No,No,No,Other,124,99,81,31.3,127.9,1.14,237.9
59,Male,Caucasian,27.3,Low,Moderate,None,Never,7.4,Poor,Low,No,No,No,No,No,Yes,No,Metformin,91,76,72,31.6,82.5,0.76,154.3
26,Male,South Asian,27.2,Middle,Active,None,Never,7.7,Good,Moderate,Yes,No,No,No,No,No,No,Steroids,119,69,62,32.6,91.5,0.97,188.8
30,Female,South Asian,32.8,Middle,Sedentary,Moderate,Never,7.3,Good,High,No,No,No,No,No,No,No,Insulin,90,60,73,32.9,180.1,1.84,364.8
31,Female,Caucasian,30.5,Middle,Active,Moderate,Former,5.0,Good,Low,Yes,No,No,Yes,No,No,No,Insulin,114,79,57,32.5,105.8,0.99,200.3
61,Female,South Asian,20.8,Low,Moderate,Heavy,Former,7.3,Average,Low,No,No,Yes,No,No,No,No,Steroids,128,82,68,33.1,148.8,1.51,311.5
18,Male,Caucasian,28.2,Middle,Sedentary,None,Former,9.8,Average,Moderate,No,No,No,Yes,No,Yes,No,Metformin,116,98,73,30.0,98.0,0.9,186.2
80,Male,South Asian,21.7,High,Moderate,None,Never,7.4,Average,Moderate,No,No,No,No,No,No,No,None,137,99,85,34.0,149.9,1.63,326.8
56,Female,South Asian,27.5,Middle,Sedentary,Moderate,Current,7.2,Poor,Low,No,No,No,No,No,No,No,None,123,73,78,32.8,70.0,0.78,155.0
43,Female,South Asian,27.4,Middle,Active,Moderate,Never,9.3,Average,High,No,No,No,No,No,No,No,None,103,88,71,31.6,81.0,0.85,171.4
39,Female,Other,18.1,Middle,Sedentary,None,Current,5.9,Good,Moderate,No,No,No,No,No,No,No,None,134,68,70,30.5,94.1,0.86,174.5
44,Female,African,24.4,Middle,Active,Moderate,Never,8.3,Good,Moderate,No,No,No,No,No,No,No,Other,130,81,69,31.8,150.7,1.54,310.5
48,Male,South Asian,26.3,Middle,Moderate,None,Never,6.2,Average,Low,Yes,No,No,No,No,No,No,Insulin,139,79,84,31.2,94.4,1.01,203.0
50,Female,South Asian,22.8,Middle,Moderate,None,Never,8.6,Good,Low,No,No,No,No,Yes,No,No,None,131,71,60,33.2,173.5,1.66,332.6
48,Female,Caucasian,26.6,Middle,Active,None,Never,8.2,Average,Low,No,No,No,No,No,No,No,None,127,79,67,32.7,94.4,0.94,191.5
41,Male,South Asian,29.0,Middle,Sedentary,None,Never,6.4,Poor,Moderate,No,No,No,No,No,No,No,Other,105,88,60,31.4,126.0,1.31,266.9
37,Female,Caucasian,24.8,Middle,Moderate,Moderate,Current,6.6,Good,Moderate,No,Yes,No,Yes,No,No,No,Insulin,132,91,81,30.6,102.4,1.02,197.8
38,Male,Hispanic,26.1,Low,Sedentary,Moderate,Never,8.5,Average,Low,Yes,No,No,No,No,No,No,None,118,79,90,31.8,100.0,1.0,203.6
37,Male,African,31.9,Middle,Active,Moderate,Former,4.2,Good,High,No,No,No,No,No,No,No,None,132,79,81,33.0,88.5,0.9,181.2
57,Male,African,27.4,Low,Moderate,None,Current,6.3,Average,Moderate,Yes,No,No,No,No,No,No,None,153,62,81,32.5,88.9,0.89,180.0
49,Male,Caucasian,26.0,Low,Active,None,Former,7.9,Good,Low,No,No,No,Yes,No,No,No,Steroids,138,83,70,30.6,76.5,0.74,149.7
18,Male,Other,20.2,Low,Active,None,Never,6.5,Average,Moderate,No,No,No,No,No,No,No,Insulin,124,77,80,31.5,76.4,0.73,153.6
50,Male,Other,28.4,Low,Sedentary,None,Current,7.2,Average,Low,No,No,No,No,No,No,No,None,121,79,67,33.0,90.0,0.87,178.8
43,Female,Caucasian,26.7,Middle,Sedentary,Moderate,Never,4.0,Good,Moderate,No,No,No,No,No,No,No,None,114,75,69,31.9,70.3,0.7,140.8
40,Male,South Asian,31.4,Middle,Moderate,None,Never,5.7,Good,Moderate,No,No,No,No,No,No,No,None,90,71,75,31.9,105.9,1.06,220.4
34,Male,Caucasian,25.2,Low,Moderate,None,Former,8.0,Average,High,No,No,No,No,No,No,No,Steroids,121,71,75,33.9,93.8,1.05,207.4
57,Male,South Asian,18.0,Middle,Sedentary,None,Never,5.9,Poor,Moderate,Yes,No,No,Yes,No,No,No,Metformin,112,73,93,30.9,103.1,1.02,201.0
54,Female,African,18.0,Low,Sedentary,None,Former,5.0,Good,Low,No,Yes,No,No,No,Yes,Yes,Metformin,125,67,84,33.1,78.0,0.72,150.2
28,Male,Caucasian,28.7,Middle,Moderate,Moderate,Never,8.6,Good,Low,No,No,No,No,No,No,No,Steroids,112,83,76,31.6,83.3,0.86,175.3
46,Male,South Asian,22.1,Middle,Sedentary,None,Never,7.8,Poor,Low,No,No,No,No,No,No,No,Metformin,123,86,92,31.6,111.6,1.17,229.0
25,Female,South Asian,27.2,High,Active,Moderate,Never,5.4,Average,High,No,No,No,Yes,No,Yes,No,None,139,79,99,32.2,99.5,1.02,203.0
19,Female,Caucasian,25.6,Low,Active,Moderate,Current,7.2,Average,Moderate,No,No,No,No,No,No,Yes,None,122,82,75,32.3,94.7,1.06,205.7
31,Female,Hispanic,24.2,Middle,Moderate,None,Current,5.4,Poor,High,No,No,No,No,No,No,No,None,104,78,79,32.6,99.2,1.05,211.4
53,Male,Caucasian,24.5,Middle,Sedentary,None,Never,6.8,Poor,Moderate,No,No,No,Yes,No,No,No,None,108,91,63,31.8,112.0,1.12,227.2
54,Male,African,20.7,High,Sedentary,Moderate,Never,7.3,Average,High,No,Yes,No,Yes,No,No,No,Other,130,81,77,32.7,113.9,1.15,230.6
48,Female,South Asian,24.9,Low,Moderate,None,Never,5.8,Good,Low,No,Yes,No,No,No,No,No,Metformin,131,83,68,32.1,126.4,1.23,255.4
51,Male,Caucasian,22.1,Middle,Active,Moderate,Never,8.1,Poor,High,No,Yes,No,No,No,No,No,None,107,88,56,31.5,106.6,0.95,181.7
48,Male,Caucasian,23.1,Low,Sedentary,None,Current,8.3,Good,Low,No,No,No,Yes,No,Yes,No,None,120,80,85,30.8,123.9,1.21,239.2
30,Male,African,23.4,Middle,Sedentary,None,Current,7.4,Good,Moderate,No,No,No,No,No,No,Yes,None,134,94,76,32.6,107.7,1.07,215.2
46,Female,South Asian,23.9,Low,Sedentary,Heavy,Former,7.6,Good,Moderate,No,Yes,No,Yes,No,Yes,No,Steroids,146,73,66,32.3,99.8,0.97,192.8
52,Male,Caucasian,29.6,Middle,Moderate,None,Never,4.8,Average,Low,Yes,Yes,No,No,No,No,No,None,123,97,57,31.3,121.6,1.23,254.0
51,Female,South Asian,24.4,Low,Moderate,None,Never,9.0,Average,Moderate,No,No,No,Yes,No,No,No,None,117,78,69,30.6,99.0,0.98,194.5
58,Female,South Asian,30.1,Middle,Sedentary,None,Never,6.9,Average,High,No,No,No,No,No,No,No,Metformin,114,73,68,31.4,120.9,1.23,246.0
51,Male,Other,32.7,Middle,Sedentary,None,Never,5.6,Good,Moderate,Yes,No,No,No,No,No,No,Metformin,122,64,74,30.0,125.1,1.24,245.7
45,Female,South Asian,29.3,High,Moderate,None,Never,7.2,Average,Moderate,No,No,No,No,No,No,No,None,141,89,58,33.0,96.1,1.0,200.8
56,Female,South Asian,27.7,Middle,Sedentary,None,Current,8.1,Poor,Moderate,No,No,No,No,Yes,No,No,None,122,76,79,31.9,99.0,1.0,203.3
40,Female,Caucasian,26.6,Low,Moderate,None,Never,7.8,Average,Low,Yes,Yes,No,No,No,No,No,None,127,81,81,32.3,126.5,1.27,259.1
27,Male,Hispanic,29.3,Low,Active,Heavy,Never,5.4,Average,High,No,No,No,No,No,No,No,Insulin,99,83,62,31.6,111.6,1.16,227.9
38,Female,Caucasian,25.4,Low,Moderate,None,Never,8.1,Good,Low,Yes,No,No,No,No,No,No,None,144,75,58,33.8,69.8,0.73,148.6
29,Male,African,29.9,Middle,Moderate,None,Current,6.9,Average,High,No,No,No,Yes,No,No,No,None,140,91,85,32.7,73.0,0.86,175.2
30,Female,Hispanic,28.1,Middle,Active,None,Former,7.8,Average,Moderate,Yes,No,No,No,No,Yes,Yes,Metformin,116,85,74,31.6,108.9,1.03,207.7
38,Male,South Asian,23.2,Middle,Active,None,Never,5.8,Poor,Moderate,Yes,No,No,No,No,No,No,None,118,71,81,31.7,70.3,0.7,141.1
28,Male,South Asian,29.5,Low,Sedentary,None,Current,8.6,Good,High,Yes,Yes,No,No,No,No,No,None,138,67,76,31.4,112.4,1.11,219.2
35,Female,South Asian,25.5,Middle,Sedentary,None,Never,7.3,Average,Moderate,Yes,No,No,Yes,No,Yes,No,Metformin,164,88,74,31.9,70.2,0.72,152.1
18,Female,Hispanic,24.5,Middle,Active,Heavy,Never,8.8,Good,Moderate,No,No,No,No,No,No,No,Insulin,95,78,85,32.4,82.4,0.9,185.9
43,Female,South Asian,22.6,High,Sedentary,None,Never,4.7,Average,Moderate,No,No,No,No,No,No,No,Steroids,112,87,83,32.3,85.8,0.93,188.8
40,Male,South Asian,25.8,Middle,Active,None,Never,4.9,Average,Low,Yes,No,No,No,No,No,No,None,114,78,79,31.7,99.1,0.96,189.5
28,Male,African,30.0,Low,Sedentary,Moderate,Never,6.6,Average,Moderate,No,No,No,No,No,Yes,No,Metformin,136,82,80,33.5,99.8,0.97,189.0
50,Female,Caucasian,29.4,Low,Active,None,Former,9.2,Poor,Low,No,No,No,No,No,No,No,None,125,88,71,30.0,172.5,1.65,331.5
54,Female,Caucasian,26.8,Low,Moderate,Moderate,Never,9.9,Average,Moderate,No,No,Yes,Yes,No,No,No,None,112,65,81,31.4,82.0,0.79,163.1
18,Female,Caucasian,28.0,Middle,Moderate,None,Never,5.7,Poor,Low,Yes,No,No,Yes,No,No,No,None,99,97,91,32.7,93.6,0.91,171.9
29,Male,South Asian,31.4,Middle,Sedentary,Moderate,Never,7.1,Average,High,No,No,No,No,No,No,No,Metformin,135,84,85,33.4,99.8,0.99,199.5
28,Male,Caucasian,24.3,Low,Active,Moderate,Current,7.2,Average,Moderate,No,No,No,No,No,No,No,Other,117,60,56,32.2,74.3,0.82,160.1
26,Female,Caucasian,19.4,Low,Sedentary,Moderate,Former,8.1,Average,High,No,No,Yes,No,No,No,Yes,Steroids,103,93,80,33.5,100.2,1.04,207.9
52,Female,Other,31.5,Low,Sedentary,None,Never,8.3,Average,Low,No,Yes,No,Yes,No,No,No,Other,110,90,80,33.7,118.3,1.17,238.1
37,Male,South Asian,22.4,High,Sedentary,Moderate,Never,5.3,Average,Moderate,Yes,No,No,Yes,No,No,No,None,114,78,86,31.6,110.4,1.09,219.5
36,Female,Hispanic,21.5,Low,Active,None,Never,7.1,Average,High,No,No,No,Yes,No,Yes,No,None,116,94,87,31.2,193.0,1.93,385.9
18,Female,African,18.0,Low,Sedentary,Moderate,Never,4.0,Poor,Low,No,Yes,No,No,Yes,No,No,None,104,74,80,31.1,106.9,1.1,221.5
50,Male,South Asian,27.9,Low,Moderate,None,Never,8.2,Average,High,No,No,No,No,No,No,No,None,105,79,63,30.6,82.4,0.76,149.8
21,Male,African,18.0,Middle,Moderate,None,Never,6.5,Average,Moderate,Yes,No,No,No,No,No,No,Insulin,156,103,74,30.8,111.4,1.05,211.6
41,Male,South Asian,21.2,Middle,Active,None,Current,5.2,Average,Low,No,No,No,No,No,No,No,None,125,85,67,31.1,77.5,0.88,171.1
44,Female,Other,27.9,Middle,Moderate,None,Never,7.5,Average,Moderate,Yes,No,No,No,Yes,No,No,None,114,91,63,30.8,109.1,1.1,218.1
60,Male,Hispanic,28.6,Low,Moderate,None,Current,6.4,Poor,Low,No,No,No,No,No,No,No,Steroids,126,88,89,33.0,96.4,0.99,194.0
20,Male,South Asian,21.7,Middle,Moderate,Moderate,Former,8.9,Good,High,Yes,No,No,No,No,No,No,None,122,66,70,31.6,78.9,0.83,163.4
18,Female,South Asian,24.3,Low,Moderate,None,Never,5.7,Good,Low,No,Yes,No,Yes,No,No,No,None,106,83,95,30.6,106.7,1.07,220.6
43,Male,South Asian,20.6,High,Sedentary,Moderate,Former,10.0,Average,Moderate,Yes,No,No,No,No,Yes,No,None,91,82,71,31.6,116.3,1.2,239.3
67,Male,South Asian,22.3,Low,Sedentary,None,Never,8.3,Average,Moderate,No,No,No,Yes,No,No,No,Steroids,112,92,68,32.3,89.3,0.9,175.7
59,Male,South Asian,26.3,Low,Sedentary,None,Former,8.9,Average,Moderate,No,No,No,Yes,No,No,No,Metformin,117,95,81,31.7,107.5,1.05,218.2
43,Female,South Asian,22.5,Middle,Sedentary,None,Never,5.5,Average,Low,No,No,No,No,No,Yes,No,Metformin,118,93,74,31.8,87.9,0.9,184.5
33,Female,African,23.8,Low,Sedentary,None,Never,9.7,Average,Moderate,No,No,No,No,No,No,No,None,93,75,78,30.2,91.5,0.92,182.5
52,Male,South Asian,18.0,Low,Moderate,None,Never,5.2,Average,Low,No,No,No,Yes,No,No,Yes,None,157,66,70,32.9,91.0,0.96,193.4
25,Female,Hispanic,30.7,Middle,Active,Heavy,Never,6.7,Poor,Moderate,No,No,No,No,No,No,No,None,156,85,70,31.6,70.1,0.7,139.6
47,Female,Hispanic,27.6,Middle,Sedentary,None,Never,9.0,Average,High,Yes,No,No,No,No,No,No,None,127,79,70,30.7,90.6,0.88,174.7
48,Male,Caucasian,29.0,Middle,Moderate,Moderate,Never,7.8,Average,Low,No,No,No,No,No,Yes,No,Steroids,120,69,65,31.9,117.5,1.22,245.0
56,Male,Hispanic,31.5,Middle,Moderate,None,Never,5.1,Good,Low,Yes,Yes,No,No,No,No,No,None,112,73,85,31.5,124.5,1.21,246.7
80,Male,South Asian,20.9,Middle,Sedentary,Moderate,Current,8.7,Average,Moderate,No,Yes,No,Yes,No,No,No,None,129,79,77,32.1,99.9,1.06,204.4
46,Male,South Asian,23.2,Middle,Moderate,None,Never,7.5,Poor,Low,No,No,No,No,No,No,No,None,118,83,77,34.6,90.5,0.95,192.9
32,Female,African,18.0,Middle,Active,Heavy,Never,6.4,Poor,Low,No,No,No,No,No,No,No,None,139,74,82,31.3,98.6,0.9,177.5
40,Female,Caucasian,40.0,Middle,Sedentary,None,Never,4.7,Average,Low,No,No,Yes,No,No,No,No,None,134,80,79,32.7,108.7,1.09,212.0
18,Male,Caucasian,24.3,Low,Moderate,None,Never,7.7,Average,Moderate,Yes,No,No,No,No,No,No,None,107,79,98,31.7,126.3,1.37,275.4
30,Male,Hispanic,30.2,Low,Sedentary,None,Former,6.8,Average,Low,No,No,No,Yes,No,No,No,Metformin,110,83,79,31.6,81.4,0.7,142.0
34,Male,Other,18.8,Middle,Sedentary,None,Never,7.2,Average,Moderate,No,Yes,No,No,No,Yes,No,None,135,70,54,33.3,69.6,0.7,134.2
32,Female,African,30.0,Middle,Moderate,None,Former,4.6,Average,Moderate,No,No,No,No,No,No,No,None,130,73,70,32.2,69.2,0.62,128.1
42,Male,Hispanic,34.3,Middle,Active,None,Never,6.4,Average,Moderate,No,No,No,No,No,No,No,None,103,93,66,33.6,94.6,0.98,192.7
28,Female,South Asian,24.7,Low,Moderate,Moderate,Never,7.7,Good,High,No,No,No,Yes,No,No,No,Insulin,113,77,80,31.9,81.1,0.92,186.5
57,Male,South Asian,19.9,Low,Sedentary,None,Former,9.8,Average,Moderate,No,No,No,Yes,No,No,No,Steroids,118,85,71,33.4,129.6,1.25,251.2
40,Female,African,24.3,Low,Active,None,Never,6.7,Poor,Moderate,Yes,Yes,No,No,No,Yes,No,None,119,68,80,31.7,115.2,1.11,215.1
40,Female,Caucasian,18.0,Low,Sedentary,None,Never,9.2,Good,Low,No,No,No,No,No,Yes,No,None,119,92,68,31.3,74.5,0.78,164.2
35,Male,Caucasian,24.8,Middle,Moderate,Moderate,Never,8.2,Poor,Moderate,No,No,No,No,No,No,No,Insulin,133,92,77,32.4,119.6,1.19,235.9
42,Male,South Asian,29.1,Middle,Sedentary,None,Never,7.4,Average,High,No,Yes,No,No,No,No,No,None,122,83,70,32.1,114.8,1.13,225.6
52,Female,African,24.8,Middle,Active,None,Never,5.5,Poor,Moderate,No,No,No,Yes,No,No,No,None,121,74,72,30.7,86.7,0.91,190.2
27,Male,South Asian,23.6,Middle,Moderate,None,Never,5.5,Poor,Low,No,No,No,No,No,No,No,None,109,66,77,32.2,206.3,2.0,395.5
30,Female,African,27.6,Middle,Active,None,Never,7.9,Average,High,No,No,Yes,No,No,No,No,Metformin,123,103,80,31.2,108.6,1.04,210.1
35,Male,South Asian,28.0,High,Sedentary,None,Former,6.2,Poor,Moderate,No,No,No,No,No,No,No,None,120,76,89,32.8,116.2,1.15,230.6
20,Female,South Asian,18.0,Middle,Moderate,Heavy,Current,6.1,Average,Low,No,Yes,No,No,No,No,No,None,113,66,86,31.3,157.8,1.57,312.6
28,Male,South Asian,25.4,Middle,Moderate,None,Former,6.7,Average,Moderate,No,No,No,No,No,No,No,Steroids,103,74,84,31.6,100.5,0.95,192.9
33,Female,South Asian,37.2,Middle,Moderate,None,Former,6.8,Good,Low,No,No,No,No,No,No,No,None,139,84,79,31.0,79.1,0.76,152.5
53,Female,Hispanic,18.3,High,Moderate,Moderate,Former,8.4,Average,Moderate,Yes,Yes,No,No,No,No,No,None,147,68,70,33.0,179.5,1.73,346.0
44,Female,South Asian,24.6,Middle,Sedentary,None,Current,6.2,Average,Moderate,Yes,Yes,No,No,No,No,No,Metformin,124,74,81,32.4,113.4,1.12,217.5
43,Female,South Asian,34.7,High,Sedentary,Moderate,Never,8.2,Good,Low,No,No,No,No,No,No,No,None,142,66,87,34.3,72.6,0.85,167.9
53,Female,Caucasian,30.5,Middle,Sedentary,Heavy,Never,7.7,Average,Moderate,No,Yes,No,No,No,No,No,Other,123,94,87,33.3,100.4,1.07,225.1
38,Male,Caucasian,22.4,Middle,Active,Heavy,Never,4.5,Good,High,No,Yes,No,No,No,No,No,Insulin,99,79,75,31.6,186.6,1.86,374.7
46,Female,South Asian,26.0,Middle,Active,None,Never,7.4,Good,Low,No,No,No,No,No,No,No,Metformin,125,65,72,30.4,69.6,0.72,143.4
38,Female,South Asian,25.0,Low,Sedentary,None,Never,4.0,Good,Low,Yes,Yes,No,No,Yes,Yes,Yes,None,115,71,83,31.4,125.5,1.26,242.9
44,Female,Other,21.3,Low,Active,Heavy,Never,5.7,Average,Moderate,Yes,No,No,Yes,No,No,No,None,127,74,51,31.8,141.1,1.49,299.8
31,Female,African,24.6,Middle,Sedentary,None,Never,7.7,Average,High,Yes,Yes,No,No,No,No,No,None,144,80,91,30.2,173.9,1.71,332.9
18,Female,South Asian,23.6,Low,Sedentary,None,Current,7.0,Good,Low,No,No,No,No,No,No,No,None,112,71,87,31.2,69.9,0.74,144.3
38,Female,Caucasian,25.6,Middle,Sedentary,None,Current,4.3,Poor,High,No,No,No,No,No,No,No,None,126,76,72,33.0,78.4,0.81,165.4
61,Male,South Asian,21.3,Low,Active,None,Former,5.3,Poor,High,No,Yes,No,Yes,No,No,No,None,133,74,72,31.1,155.7,1.45,295.6
54,Male,South Asian,18.6,Low,Moderate,Heavy,Never,4.0,Average,Moderate,No,No,No,Yes,No,Yes,No,None,140,66,96,31.1,69.4,0.66,128.8
54,Male,African,24.8,Middle,Sedentary,Moderate,Current,5.0,Good,Low,Yes,No,No,Yes,No,No,Yes,None,135,71,65,32.5,142.0,1.38,271.1
59,Male,Hispanic,33.6,Middle,Moderate,None,Current,7.9,Poor,Low,No,No,No,No,No,No,No,Metformin,103,72,72,31.5,124.4,1.31,255.0
41,Female,South Asian,25.4,Middle,Sedentary,Moderate,Current,6.2,Average,Low,No,No,No,No,No,No,No,Steroids,103,68,93,32.0,152.0,1.41,280.2
43,Male,Hispanic,23.3,Low,Sedentary,None,Former,7.3,Average,Low,No,Yes,No,No,No,Yes,No,None,131,66,64,32.4,109.8,1.13,229.8
31,Male,South Asian,28.8,Middle,Sedentary,Moderate,Never,7.0,Average,High,Yes,No,No,No,No,No,No,Insulin,114,74,77,31.4,84.5,0.86,172.5
35,Female,South Asian,24.2,Middle,Sedentary,None,Never,7.0,Average,Low,No,No,No,No,No,No,No,None,105,89,73,32.8,87.8,0.81,163.5
49,Male,South Asian,34.3,Low,Active,None,Current,8.5,Poor,Low,Yes,No,No,No,No,No,No,None,138,79,96,32.7,108.9,1.09,221.6
58,Male,South Asian,25.0,Low,Moderate,None,Never,6.7,Average,Moderate,No,No,No,No,No,Yes,No,None,114,60,70,32.3,78.0,0.73,148.3
38,Male,Other,28.5,Middle,Sedentary,None,Never,8.4,Average,High,No,No,No,No,No,Yes,No,Metformin,144,90,61,33.5,85.8,0.9,179.9
33,Male,Caucasian,21.2,Low,Sedentary,None,Never,4.0,Poor,Low,Yes,Yes,No,No,No,No,No,Steroids,113,73,77,32.9,117.4,1.25,256.7
40,Female,South Asian,27.5,Middle,Sedentary,None,Never,8.7,Average,Moderate,No,No,No,No,Yes,Yes,No,None,109,94,70,31.7,72.1,0.81,159.5
49,Female,Other,26.4,Low,Sedentary,Heavy,Current,5.1,Good,Moderate,Yes,No,No,No,Yes,No,No,None,119,88,81,31.2,114.8,1.12,226.2
18,Female,Hispanic,24.7,Middle,Moderate,Heavy,Never,5.4,Average,Moderate,No,No,No,No,No,Yes,No,Insulin,131,77,79,32.2,174.4,1.68,340.2
18,Male,Hispanic,22.5,Low,Sedentary,Moderate,Never,5.9,Good,High,Yes,Yes,No,No,No,No,No,None,124,78,63,31.9,124.9,1.28,256.3
32,Female,Other,21.8,High,Moderate,Moderate,Current,8.6,Good,Low,No,No,No,Yes,No,No,No,None,148,69,93,31.9,105.0,1.06,211.0
22,Male,South Asian,26.4,Middle,Sedentary,Heavy,Never,5.7,Average,Moderate,Yes,Yes,No,No,No,No,No,None,123,87,69,31.4,100.0,1.02,206.3
32,Male,Hispanic,28.1,Low,Sedentary,Moderate,Current,6.0,Average,Moderate,No,Yes,No,Yes,No,No,No,None,117,96,70,32.0,105.9,1.02,199.7
38,Male,African,24.4,Middle,Active,None,Never,5.6,Good,High,Yes,No,No,Yes,No,Yes,No,None,143,73,81,33.6,153.4,1.62,318.7
33,Male,Hispanic,26.4,Middle,Sedentary,Moderate,Former,7.4,Average,Low,No,No,No,No,No,Yes,No,None,129,74,91,32.7,155.7,1.64,339.4
62,Male,Hispanic,24.8,Middle,Sedentary,None,Never,8.1,Good,Moderate,Yes,No,No,Yes,No,No,No,Insulin,114,100,62,32.1,116.0,1.14,227.8
45,Male,South Asian,25.5,Middle,Sedentary,None,Never,9.6,Average,Low,No,No,No,No,No,No,No,Other,124,81,70,33.2,87.2,0.86,172.1
45,Female,Hispanic,24.0,Low,Sedentary,None,Never,10.0,Good,High,No,No,No,No,No,Yes,No,Metformin,123,65,85,32.7,170.8,1.66,334.4
49,Male,South Asian,25.1,Middle,Sedentary,None,Current,8.0,Good,High,Yes,No,No,No,No,No,No,None,117,66,69,31.7,83.9,0.78,156.0
23,Male,South Asian,38.5,Middle,Sedentary,Heavy,Never,7.5,Good,Moderate,No,No,No,Yes,No,No,No,None,123,97,77,31.9,132.1,1.34,270.9
56,Male,South Asian,26.6,Middle,Active,Moderate,Never,5.2,Average,Low,No,No,No,Yes,No,No,No,None,101,85,71,32.9,73.1,0.71,142.2
39,Female,Other,28.2,Middle,Moderate,Moderate,Current,9.9,Average,Low,No,No,No,No,No,No,No,None,115,69,80,32.2,74.4,0.7,142.5
50,Male,South Asian,27.2,Low,Moderate,Moderate,Never,7.3,Good,Moderate,No,No,No,Yes,No,No,No,Other,126,83,63,32.4,101.1,1.0,193.0
24,Female,Caucasian,23.7,Low,Sedentary,None,Former,6.6,Good,High,No,No,Yes,No,No,No,No,Other,112,72,78,30.7,115.9,1.12,216.5
18,Female,South Asian,31.5,Middle,Moderate,Moderate,Former,7.6,Average,High,No,No,No,No,No,No,No,Metformin,107,61,80,31.5,99.3,0.95,192.7
52,Male,Other,23.5,Middle,Sedentary,None,Never,6.0,Average,Moderate,No,No,No,Yes,No,No,No,Steroids,119,77,82,31.9,83.9,0.83,164.9
46,Male,South Asian,30.3,Low,Sedentary,None,Never,4.0,Average,Moderate,Yes,No,No,Yes,No,No,No,None,113,80,70,33.1,98.1,1.0,203.3
26,Male,Hispanic,23.3,Low,Sedentary,Moderate,Current,7.9,Poor,High,No,No,No,No,No,No,No,Insulin,100,64,89,33.9,97.3,1.0,200.9
27,Female,Hispanic,20.2,Middle,Sedentary,Moderate,Never,9.0,Average,High,Yes,No,No,No,No,Yes,No,None,101,67,54,31.1,73.8,0.74,141.3
57,Male,Caucasian,26.8,Low,Sedentary,Moderate,Never,7.8,Average,Moderate,No,Yes,No,No,No,No,No,Metformin,126,70,68,31.4,79.7,0.79,158.5
22,Male,South Asian,19.5,Low,Sedentary,None,Former,7.0,Good,Moderate,Yes,No,No,No,No,No,No,None,121,78,99,32.4,100.0,1.01,208.7
65,Male,African,27.7,Low,Sedentary,Moderate,Never,7.0,Average,Moderate,No,No,No,No,No,No,No,Metformin,125,81,75,34.1,79.9,0.84,171.7
26,Female,Other,19.0,High,Sedentary,None,Former,7.3,Average,Moderate,No,No,No,No,No,No,No,Metformin,116,66,86,31.0,102.9,1.0,203.4
50,Male,Hispanic,23.4,High,Sedentary,None,Never,7.2,Good,High,No,No,No,Yes,No,No,No,None,97,74,77,30.0,100.4,0.88,171.5
35,Male,South Asian,18.0,Middle,Sedentary,None,Current,6.9,Average,Low,Yes,No,No,No,No,No,No,None,107,75,92,32.2,125.4,1.3,261.1
49,Female,Hispanic,39.1,Middle,Sedentary,None,Never,7.0,Poor,Moderate,No,No,No,No,No,No,No,Metformin,115,63,73,30.7,77.1,0.78,156.5
32,Female,South Asian,18.0,Low,Sedentary,None,Never,9.3,Good,Moderate,Yes,No,No,No,No,No,No,Other,127,82,77,32.6,96.6,0.96,194.1
38,Female,Caucasian,25.0,Low,Sedentary,None,Current,7.7,Good,High,No,No,No,No,Yes,No,No,Metformin,94,86,84,32.8,160.3,1.61,326.9
41,Male,Hispanic,30.7,Middle,Sedentary,Moderate,Never,7.2,Poor,Low,No,Yes,No,No,No,No,No,Metformin,90,83,90,31.8,110.1,1.06,212.1
25,Female,South Asian,30.2,Low,Sedentary,None,Never,8.0,Good,Moderate,No,No,No,No,No,No,No,Metformin,142,67,57,31.6,152.1,1.64,334.0
51,Female,Hispanic,29.3,Middle,Moderate,None,Former,8.0,Good,Low,No,No,No,Yes,No,No,No,Other,129,86,80,31.3,88.7,0.9,181.8
32,Male,Caucasian,23.4,Middle,Sedentary,None,Former,8.4,Good,Low,No,No,No,No,No,No,No,None,107,79,66,32.1,179.3,1.78,354.8
37,Female,Hispanic,31.8,Low,Sedentary,Heavy,Never,5.9,Average,Moderate,No,Yes,Yes,No,No,No,No,None,116,90,74,30.7,157.6,1.5,296.4
25,Male,South Asian,29.6,Middle,Sedentary,Heavy,Never,6.3,Average,Moderate,No,No,No,No,No,No,Yes,Steroids,114,85,70,31.5,87.7,0.89,175.0
18,Female,Caucasian,26.1,Middle,Sedentary,None,Former,5.8,Average,High,No,No,No,No,Yes,No,No,None,124,83,53,31.3,103.4,0.94,184.6
37,Male,Hispanic,26.2,Middle,Sedentary,None,Never,8.2,Average,Low,No,Yes,No,No,No,No,No,None,112,77,86,32.3,144.7,1.43,289.7
76,Female,South Asian,23.5,Low,Active,None,Current,8.1,Poor,Low,No,No,No,No,No,Yes,No,None,103,90,62,32.3,95.6,1.0,196.5
52,Male,South Asian,20.5,Low,Active,None,Never,5.1,Poor,Low,No,No,No,No,No,No,Yes,Metformin,127,69,74,33.4,91.1,0.96,191.4
40,Female,Other,31.2,Middle,Sedentary,None,Current,7.6,Average,Moderate,Yes,No,No,No,Yes,No,No,None,147,67,74,31.0,71.4,0.74,145.7
36,Male,South Asian,31.6,High,Moderate,None,Never,9.1,Average,Low,Yes,No,No,No,No,No,Yes,Steroids,128,107,67,31.7,119.5,1.18,240.1
40,Female,Other,20.6,Low,Sedentary,None,Never,6.6,Poor,High,No,No,No,No,No,No,No,Metformin,121,61,81,32.9,99.4,0.99,190.4
48,Female,South Asian,24.2,High,Sedentary,Moderate,Never,7.5,Good,Moderate,No,No,No,Yes,No,No,No,None,117,68,71,32.5,103.4,0.96,189.4
22,Male,South Asian,24.3,Middle,Moderate,None,Never,8.1,Average,High,Yes,Yes,No,No,No,Yes,No,None,108,88,68,31.3,103.2,1.05,214.5
57,Female,Hispanic,24.8,Middle,Sedentary,None,Never,5.0,Average,Moderate,Yes,No,No,No,No,No,No,Insulin,114,64,60,30.7,109.3,1.11,219.8
51,Other,African,25.3,Low,Sedentary,Moderate,Never,7.2,Good,Moderate,No,No,No,No,No,Yes,Yes,None,126,87,66,33.9,137.2,1.4,282.8
51,Male,Caucasian,29.7,Low,Moderate,Moderate,Current,8.9,Average,High,No,No,No,No,No,No,No,None,138,92,79,30.4,166.6,1.6,327.5
47,Male,Caucasian,21.3,Low,Moderate,Moderate,Never,6.1,Average,High,No,No,No,No,No,No,No,Steroids,138,93,55,30.8,79.9,0.73,139.5
40,Female,Hispanic,20.8,Low,Active,None,Current,8.2,Poor,Low,No,No,No,No,No,No,No,None,123,81,92,32.2,173.7,1.77,359.5
50,Male,South Asian,31.2,High,Moderate,None,Never,7.0,Poor,High,No,No,No,No,No,No,No,None,123,68,73,33.0,82.1,0.83,172.0
49,Male,Caucasian,22.7,Low,Moderate,None,Former,6.0,Average,Moderate,No,Yes,No,No,No,No,No,Metformin,121,71,66,31.1,104.2,0.96,185.3
35,Male,South Asian,18.7,Middle,Sedentary,None,Current,6.9,Good,Low,Yes,No,No,Yes,No,No,No,None,129,93,81,32.7,70.2,0.74,150.0
31,Male,Caucasian,22.6,Low,Sedentary,None,Current,6.2,Average,Moderate,No,No,No,No,No,No,No,Other,121,61,71,31.0,183.5,1.79,354.6
42,Male,South Asian,23.3,Middle,Moderate,Moderate,Never,5.7,Average,Low,Yes,No,No,No,No,No,No,None,121,88,84,32.8,111.8,1.23,242.6
63,Male,South Asian,32.8,Low,Active,Heavy,Former,6.6,Poor,Moderate,No,No,No,No,No,No,No,None,107,64,64,32.8,103.0,1.07,214.7
21,Female,Caucasian,29.6,Low,Sedentary,Moderate,Never,7.1,Average,High,No,No,No,No,No,No,No,Steroids,107,79,65,31.1,160.8,1.53,304.0
18,Female,South Asian,30.7,Low,Active,Moderate,Never,6.8,Poor,Low,Yes,No,Yes,No,No,No,No,None,110,74,81,32.9,95.0,1.01,211.9
42,Male,South Asian,29.1,Middle,Sedentary,None,Former,6.6,Good,Low,No,No,No,No,No,No,No,None,124,76,87,31.0,108.3,1.06,204.7
41,Female,African,29.7,Low,Sedentary,Moderate,Never,7.3,Average,High,Yes,No,No,Yes,No,No,No,Metformin,115,93,77,30.0,92.8,0.9,174.7
43,Female,Caucasian,21.6,Low,Sedentary,Heavy,Never,7.8,Average,Moderate,No,No,No,No,No,Yes,No,Insulin,159,75,77,31.9,70.1,0.76,151.0
44,Female,Hispanic,24.0,Low,Sedentary,Moderate,Never,5.3,Good,Moderate,Yes,No,No,Yes,No,No,No,None,126,90,67,32.4,159.2,1.56,312.0
37,Male,African,20.1,High,Moderate,None,Never,6.6,Poor,High,Yes,No,No,No,No,No,Yes,None,144,73,70,32.8,94.2,0.95,197.2
62,Male,South Asian,23.9,Middle,Sedentary,None,Never,4.0,Average,High,No,No,No,No,No,No,No,None,142,83,68,33.1,110.1,1.1,210.0
18,Female,African,28.4,Middle,Active,None,Current,6.8,Poor,Low,Yes,No,No,No,Yes,No,No,Insulin,126,79,88,31.0,105.6,0.94,176.8
28,Female,South Asian,25.7,Middle,Moderate,None,Never,7.2,Good,Moderate,No,Yes,Yes,Yes,No,No,No,None,119,66,89,32.0,135.9,1.31,258.4
38,Female,Hispanic,31.6,Low,Sedentary,Heavy,Former,7.9,Average,High,No,No,No,No,Yes,No,Yes,None,107,66,80,31.6,126.3,1.15,223.2
18,Female,Other,19.3,Middle,Moderate,Moderate,Former,7.2,Good,Low,Yes,Yes,Yes,Yes,No,Yes,No,None,111,77,95,32.0,114.2,1.12,226.2
37,Male,Caucasian,27.5,Low,Sedentary,Moderate,Never,7.8,Poor,Moderate,No,Yes,No,No,No,No,No,None,133,76,81,34.3,105.6,1.1,217.3
65,Female,African,18.8,Middle,Moderate,None,Former,7.1,Poor,Moderate,Yes,No,No,Yes,No,Yes,No,None,124,87,87,31.8,151.3,1.58,318.6
40,Male,South Asian,25.5,Middle,Sedentary,None,Former,6.0,Good,Moderate,No,No,No,No,No,Yes,No,None,110,61,73,31.0,76.8,0.71,130.2
43,Male,Caucasian,28.7,Middle,Sedentary,None,Never,5.3,Average,Low,Yes,No,No,No,No,No,No,None,117,72,73,31.7,117.0,1.17,231.4
21,Female,Hispanic,23.9,Low,Moderate,Moderate,Never,6.6,Average,Moderate,Yes,No,No,Yes,No,No,No,Insulin,125,84,73,32.8,84.9,0.86,173.2
31,Male,South Asian,27.8,Low,Active,None,Current,5.9,Average,Low,Yes,No,No,Yes,No,Yes,No,None,120,78,66,32.5,92.8,0.95,185.3
34,Male,South Asian,20.2,Middle,Moderate,Heavy,Current,6.8,Average,Low,No,No,No,No,No,No,No,Steroids,116,65,71,33.0,78.1,0.85,174.8
35,Female,Caucasian,18.0,Middle,Moderate,Moderate,Former,6.3,Average,Low,No,No,No,No,No,No,No,None,119,84,78,33.8,126.0,1.33,270.0
59,Male,African,27.8,Low,Moderate,Moderate,Never,7.6,Average,Low,No,No,No,Yes,No,No,No,Metformin,90,88,69,33.8,125.4,1.27,263.2
48,Female,South Asian,33.7,Low,Sedentary,Heavy,Never,7.1,Poor,High,Yes,No,No,No,No,Yes,No,None,120,70,81,31.2,120.1,1.17,232.2
23,Other,Other,20.0,Middle,Active,Heavy,Never,7.7,Good,High,Yes,No,No,No,No,No,No,Other,104,90,68,32.7,80.5,0.77,153.5
44,Female,South Asian,31.1,Middle,Sedentary,None,Former,7.7,Average,Moderate,No,No,No,Yes,Yes,No,No,None,125,74,67,30.3,111.4,1.15,230.1
47,Male,South Asian,25.2,High,Sedentary,Moderate,Former,6.7,Poor,Moderate,Yes,No,No,No,No,No,Yes,None,122,76,75,33.1,100.5,1.0,202.3
57,Male,African,18.3,Low,Sedentary,None,Never,6.8,Average,Low,Yes,Yes,No,Yes,No,No,No,Steroids,131,75,55,30.5,117.7,1.16,238.1
64,Male,South Asian,19.3,Middle,Sedentary,None,Former,7.8,Good,Low,No,No,No,No,No,No,No,None,131,90,86,30.5,100.0,0.92,183.2
25,Male,African,25.1,Low,Sedentary,None,Never,10.0,Average,Moderate,Yes,No,No,No,No,No,No,Metformin,146,78,82,31.8,177.2,1.82,365.9
28,Male,South Asian,23.0,Middle,Sedentary,Moderate,Former,5.5,Average,Moderate,No,No,No,Yes,No,No,No,None,90,88,83,32.9,83.1,0.88,174.0
21,Female,South Asian,18.4,Low,Sedentary,None,Never,7.1,Good,Low,Yes,No,Yes,No,No,No,Yes,None,118,75,82,31.1,117.6,1.21,242.3
36,Male,South Asian,18.0,Low,Moderate,Moderate,Former,5.2,Average,High,Yes,Yes,No,Yes,No,No,No,None,90,84,74,31.5,126.9,1.34,275.1
47,Female,Other,20.8,Low,Moderate,Moderate,Never,7.0,Average,Moderate,No,Yes,No,No,No,Yes,No,None,127,69,77,31.2,161.9,1.66,334.5
55,Male,Caucasian,26.0,Middle,Moderate,Moderate,Never,6.0,Average,High,No,No,No,Yes,No,No,No,None,117,90,79,32.1,90.4,0.91,177.6
39,Female,Hispanic,25.0,Middle,Sedentary,None,Never,6.8,Average,Moderate,No,Yes,No,Yes,Yes,No,No,None,113,77,60,32.9,119.5,1.19,237.9
35,Female,South Asian,22.5,Middle,Moderate,Moderate,Current,7.2,Average,Moderate,Yes,No,No,No,No,Yes,No,Steroids,124,92,77,32.0,108.3,1.16,220.3
42,Male,Caucasian,26.0,Middle,Sedentary,None,Former,6.3,Good,Low,No,No,No,Yes,No,No,No,None,104,79,71,31.4,95.9,0.95,185.6
27,Male,Caucasian,30.2,Middle,Moderate,None,Never,4.3,Poor,Moderate,Yes,No,No,No,No,No,No,Metformin,148,81,93,33.5,78.2,0.79,164.5
71,Female,Other,27.0,Middle,Sedentary,Heavy,Former,9.1,Average,High,No,No,No,Yes,No,No,No,None,116,103,73,33.0,100.6,1.08,215.4
18,Female,African,24.4,High,Moderate,None,Former,8.3,Poor,Low,No,No,No,No,No,No,No,Steroids,121,87,74,31.2,98.5,1.02,205.6
43,Female,African,29.6,Middle,Sedentary,None,Former,6.8,Average,Low,No,No,No,No,No,No,No,None,118,82,63,31.1,74.2,0.76,159.2
70,Male,South Asian,20.2,Low,Moderate,Moderate,Never,5.7,Poor,Low,No,No,No,No,No,Yes,No,None,134,68,71,31.6,81.5,0.84,167.0
40,Male,Caucasian,23.9,High,Active,None,Never,7.1,Good,High,No,No,No,No,No,Yes,No,None,102,72,54,33.0,86.6,0.89,174.2
37,Female,Caucasian,24.0,Low,Moderate,None,Never,7.5,Good,Low,Yes,No,Yes,No,Yes,Yes,No,Insulin,132,88,94,30.0,124.5,1.26,246.5
35,Female,Other,18.8,Middle,Sedentary,Moderate,Never,8.2,Average,High,No,No,No,No,No,No,No,None,112,77,81,33.3,109.0,1.05,215.2
37,Male,South Asian,22.9,Low,Sedentary,None,Former,8.3,Poor,Low,Yes,No,No,Yes,No,No,No,None,112,78,71,31.6,110.9,1.12,220.1
61,Female,South Asian,18.0,Middle,Active,None,Never,8.6,Average,High,No,No,No,Yes,No,No,No,Metformin,133,69,80,30.8,100.4,0.93,195.7
18,Male,Caucasian,34.6,Middle,Sedentary,Moderate,Never,4.4,Good,Moderate,No,No,No,No,No,No,No,None,116,84,65,32.1,100.7,0.96,197.0
63,Male,South Asian,20.3,Low,Active,Moderate,Never,6.5,Poor,Low,No,No,No,No,No,No,No,None,129,81,73,32.3,194.6,1.97,392.1
19,Male,South Asian,32.9,Middle,Sedentary,Moderate,Never,8.5,Average,Moderate,No,No,No,No,No,No,Yes,Insulin,129,87,64,32.9,185.2,1.81,366.2
36,Male,Hispanic,25.2,Middle,Active,Moderate,Current,5.6,Average,High,No,No,No,Yes,No,No,No,None,115,92,60,33.1,159.8,1.59,306.5
34,Female,Caucasian,27.8,Low,Active,None,Current,8.8,Good,Moderate,Yes,No,No,No,No,Yes,No,None,123,84,83,32.3,72.4,0.69,145.7
49,Male,Hispanic,22.6,Low,Moderate,Moderate,Never,9.7,Average,Moderate,No,Yes,No,No,No,No,No,None,113,68,74,32.5,169.1,1.73,355.9
18,Male,Hispanic,26.0,Low,Sedentary,Moderate,Current,8.8,Poor,Low,No,No,No,Yes,No,Yes,No,Metformin,120,65,58,32.1,120.6,1.24,247.2
47,Female,South Asian,28.3,Middle,Sedentary,None,Never,8.0,Good,High,Yes,No,No,No,No,No,No,None,127,87,67,32.7,99.9,1.04,209.7
70,Female,Caucasian,28.3,Middle,Active,Heavy,Former,6.3,Average,Low,No,Yes,No,No,No,No,No,None,106,81,88,31.4,143.5,1.47,294.4
20,Female,South Asian,28.9,Middle,Active,Moderate,Never,7.4,Average,Low,No,Yes,No,No,No,No,No,Other,127,98,68,31.6,107.0,1.13,211.3
43,Female,Other,23.2,Low,Sedentary,None,Never,5.0,Poor,Low,No,No,No,No,No,No,No,None,125,80,81,30.4,91.0,0.82,170.4
30,Male,Caucasian,22.6,Low,Sedentary,Moderate,Current,5.8,Average,Low,Yes,Yes,No,No,No,No,Yes,None,98,63,68,33.7,157.5,1.66,333.4
46,Female,South Asian,18.0,Low,Active,Moderate,Current,5.9,Average,Moderate,No,Yes,No,Yes,No,No,No,None,109,67,77,31.4,185.0,1.82,366.3
40,Female,South Asian,27.6,Low,Moderate,None,Never,7.1,Average,Moderate,No,Yes,No,Yes,No,No,No,None,110,72,80,33.1,116.8,1.24,237.8
30,Female,Caucasian,30.4,Middle,Active,Moderate,Current,6.4,Good,Moderate,Yes,No,No,Yes,No,Yes,No,None,113,97,68,33.3,73.7,0.76,147.3
47,Male,South Asian,33.1,High,Active,Moderate,Former,7.4,Good,Low,No,No,No,No,No,No,No,Steroids,106,92,74,30.5,106.4,1.08,221.3
67,Male,South Asian,26.5,Low,Active,Moderate,Never,8.3,Good,Low,No,No,No,Yes,No,No,No,None,134,75,78,32.1,83.4,0.98,194.6
37,Female,Hispanic,21.2,High,Sedentary,None,Never,5.9,Good,High,No,No,Yes,No,No,No,No,Insulin,136,78,69,32.7,124.9,1.28,253.2
51,Male,Hispanic,18.0,Low,Sedentary,None,Never,7.2,Average,High,No,No,No,No,No,Yes,Yes,None,108,66,73,31.4,109.7,1.02,200.7
21,Female,South Asian,30.2,High,Sedentary,None,Former,6.4,Poor,Moderate,No,No,No,No,No,No,No,None,103,66,66,30.6,76.0,0.65,133.8
26,Female,Caucasian,18.0,Low,Active,Moderate,Current,7.3,Average,Moderate,Yes,No,No,Yes,No,No,No,Metformin,120,91,76,33.5,71.0,0.83,159.4
47,Female,Hispanic,23.3,High,Sedentary,Moderate,Never,8.0,Poor,Low,Yes,No,No,Yes,No,No,No,None,140,89,86,32.6,99.7,0.95,188.2
62,Female,South Asian,23.9,Low,Sedentary,None,Former,8.4,Average,High,No,No,No,No,No,No,No,None,152,77,63,32.0,205.8,2.0,395.7
45,Female,Hispanic,24.7,High,Sedentary,None,Former,8.0,Good,High,Yes,No,No,No,No,No,No,Other,110,98,68,31.0,126.9,1.21,240.3
35,Male,South Asian,25.2,Low,Sedentary,None,Never,7.6,Average,Low,No,Yes,No,No,No,No,No,None,90,84,55,31.0,118.4,1.19,244.4
40,Female,African,25.7,Low,Active,Moderate,Never,4.9,Average,Moderate,Yes,No,No,No,No,No,No,Metformin,98,82,80,32.2,97.6,0.93,177.3
21,Female,Caucasian,18.0,Middle,Moderate,Moderate,Never,5.4,Good,Moderate,No,No,No,Yes,No,Yes,No,Metformin,93,82,59,31.5,116.2,1.18,232.9
49,Male,Caucasian,25.1,Low,Moderate,None,Never,5.8,Good,Low,No,No,No,Yes,No,No,No,None,126,69,80,32.2,110.2,1.17,231.5
53,Male,Hispanic,18.0,Middle,Sedentary,None,Current,7.5,Average,Moderate,No,Yes,No,Yes,No,No,No,Insulin,121,89,81,32.4,104.5,1.09,224.6
33,Male,South Asian,28.7,High,Active,None,Never,5.1,Average,Moderate,No,No,No,Yes,No,No,No,None,123,90,84,31.5,93.4,0.9,180.5
33,Female,South Asian,22.2,Middle,Sedentary,None,Never,7.5,Average,Moderate,No,No,No,No,No,Yes,No,Insulin,137,82,79,33.7,84.1,0.84,170.8
44,Male,Caucasian,18.0,Middle,Moderate,Moderate,Former,7.4,Good,Moderate,No,No,No,Yes,No,No,No,Insulin,144,69,60,31.2,79.9,0.76,148.6
33,Female,Hispanic,20.9,Low,Sedentary,None,Never,4.1,Average,High,No,Yes,No,No,No,No,No,None,133,91,74,31.1,100.7,1.06,215.0
39,Male,South Asian,22.1,Middle,Sedentary,None,Never,5.4,Good,Moderate,No,No,No,Yes,No,No,No,None,131,62,77,32.4,89.3,0.89,173.5
71,Male,Hispanic,31.0,Middle,Sedentary,Moderate,Never,8.6,Good,Moderate,Yes,No,No,Yes,No,Yes,Yes,Metformin,98,72,80,32.5,102.3,1.05,214.5
36,Female,South Asian,26.0,Middle,Moderate,Heavy,Never,8.0,Good,Moderate,Yes,Yes,No,No,No,No,No,Other,112,86,81,31.0,91.4,0.86,174.0
35,Male,South Asian,26.7,Low,Moderate,Heavy,Former,5.7,Good,Low,No,No,No,No,No,No,Yes,Other,141,76,71,31.7,124.9,1.29,252.1
30,Female,Hispanic,30.9,Middle,Sedentary,Heavy,Never,5.4,Average,Moderate,No,No,Yes,No,No,No,No,Steroids,112,70,74,30.5,75.3,0.82,163.8
51,Female,South Asian,24.5,Low,Sedentary,Moderate,Current,4.0,Good,High,Yes,No,No,Yes,No,No,No,None,137,94,74,31.4,179.6,1.75,347.9
37,Female,Caucasian,28.8,Low,Active,Moderate,Never,9.2,Good,Low,Yes,No,No,Yes,No,No,No,None,122,91,62,32.8,81.5,0.77,155.0
30,Male,South Asian,28.4,Low,Sedentary,Moderate,Never,7.1,Average,High,No,No,No,No,No,Yes,No,Insulin,132,91,65,30.7,99.6,0.97,192.9
60,Female,South Asian,18.6,Low,Sedentary,Moderate,Never,9.8,Poor,Moderate,Yes,No,No,No,No,No,No,None,107,83,74,30.9,125.4,1.32,267.3
61,Female,African,32.4,Low,Sedentary,Heavy,Current,6.7,Average,Moderate,Yes,No,No,No,No,No,No,Metformin,131,80,67,31.2,152.7,1.57,315.5
31,Female,Caucasian,18.0,Low,Active,None,Never,7.4,Good,High,No,No,No,No,No,Yes,No,Metformin,110,97,60,33.1,79.9,0.81,159.3
18,Male,Caucasian,29.6,Middle,Sedentary,None,Never,8.3,Good,Moderate,Yes,Yes,No,No,No,No,No,Insulin,123,94,60,33.0,100.3,1.01,204.8
55,Female,Caucasian,18.0,Low,Active,None,Former,9.5,Good,Low,Yes,Yes,No,No,No,No,No,None,120,79,82,30.0,99.8,0.98,195.6
30,Female,South Asian,28.0,Middle,Sedentary,Moderate,Never,7.8,Average,Moderate,No,No,No,No,No,No,Yes,Insulin,138,107,79,30.2,137.7,1.32,263.5
52,Female,Caucasian,34.3,Low,Sedentary,Moderate,Never,7.0,Average,High,No,No,No,Yes,No,No,No,None,132,79,76,32.1,89.2,0.9,177.0
18,Male,Other,23.9,Low,Sedentary,Moderate,Never,7.0,Average,Low,No,Yes,No,No,No,No,No,None,94,84,72,30.4,123.1,1.21,238.3
53,Male,Hispanic,23.7,Middle,Moderate,None,Current,5.4,Average,Low,Yes,No,No,Yes,No,No,No,Insulin,108,94,69,33.2,83.4,0.78,161.7
22,Male,South Asian,28.1,Middle,Sedentary,None,Current,6.4,Average,Low,No,No,No,Yes,No,No,Yes,Insulin,110,84,55,30.0,90.6,0.78,160.9
51,Male,South Asian,23.4,Middle,Moderate,Heavy,Never,7.1,Average,Moderate,No,Yes,No,No,No,No,No,None,130,77,81,31.2,113.3,1.16,232.1
40,Male,Other,34.1,Middle,Sedentary,None,Never,9.1,Average,High,Yes,No,No,Yes,No,No,No,Other,113,84,71,32.2,114.5,1.07,222.2
26,Male,Caucasian,26.0,Low,Sedentary,None,Never,6.4,Average,Low,No,No,No,Yes,No,No,No,None,104,80,81,33.5,122.2,1.25,254.2
34,Female,Caucasian,23.4,Middle,Active,Moderate,Former,8.6,Average,High,No,Yes,No,No,Yes,No,No,Steroids,100,60,66,32.0,124.8,1.12,224.8
50,Male,Hispanic,22.3,Middle,Moderate,None,Never,6.9,Average,High,No,No,No,Yes,No,No,Yes,Metformin,131,90,91,32.3,88.8,0.88,177.4
42,Female,South Asian,20.3,Low,Sedentary,None,Never,8.9,Poor,High,No,No,No,No,No,No,No,None,90,74,77,32.2,88.7,0.92,173.0
49,Male,Caucasian,21.9,Middle,Moderate,None,Former,8.0,Good,Low,No,No,No,No,No,No,No,None,136,68,74,32.9,105.4,1.02,196.2
70,Male,Other,23.2,Middle,Moderate,None,Never,7.9,Average,Moderate,Yes,No,No,Yes,No,Yes,No,None,101,92,65,32.3,227.3,2.0,406.1
18,Male,African,22.6,Low,Sedentary,None,Never,8.5,Good,High,Yes,Yes,No,No,No,No,No,None,113,84,77,32.7,146.4,1.54,305.6
64,Male,South Asian,21.7,Middle,Sedentary,None,Current,8.2,Poor,Low,No,No,No,Yes,No,Yes,No,None,102,87,81,32.8,83.1,0.87,166.9
42,Female,South Asian,35.5,High,Sedentary,None,Current,8.6,Average,Low,No,No,No,No,Yes,No,No,None,106,79,53,33.1,97.2,0.95,184.2
27,Female,South Asian,19.8,Middle,Sedentary,None,Never,10.0,Good,High,No,No,No,No,No,No,No,None,117,82,74,30.0,125.5,1.21,256.3
20,Male,Hispanic,25.7,Low,Moderate,Moderate,Never,9.4,Poor,Moderate,No,No,No,No,No,Yes,No,Metformin,118,77,74,30.5,97.5,0.96,194.3
37,Male,South Asian,28.0,High,Sedentary,None,Never,7.7,Good,Moderate,Yes,Yes,No,No,No,No,No,None,97,71,80,32.7,105.1,1.01,200.5
54,Male,South Asian,28.2,Low,Sedentary,None,Never,6.3,Poor,High,No,No,No,No,No,No,No,Insulin,114,87,58,34.0,90.4,0.93,187.3
38,Female,Other,24.7,Low,Sedentary,None,Current,7.5,Poor,Moderate,No,No,No,No,No,No,No,Steroids,122,82,83,32.3,122.7,1.16,231.9
63,Female,South Asian,23.8,Low,Active,None,Former,4.1,Good,Moderate,No,No,Yes,No,No,No,No,Steroids,127,97,82,31.7,76.6,0.84,174.2
18,Female,South Asian,27.3,Middle,Moderate,None,Former,8.2,Good,Moderate,Yes,No,No,No,No,No,Yes,None,90,60,83,33.0,95.9,0.98,191.3
40,Female,South Asian,26.3,High,Sedentary,None,Never,5.4,Poor,Low,Yes,No,No,No,No,No,No,None,113,92,68,33.3,131.3,1.31,262.0
21,Female,South Asian,23.7,Middle,Sedentary,Heavy,Never,8.7,Good,Moderate,No,No,No,No,No,No,No,Insulin,90,76,86,32.7,80.9,0.89,173.5
45,Male,Caucasian,18.0,High,Sedentary,Heavy,Never,10.0,Average,Moderate,No,No,No,No,No,No,No,None,112,75,67,32.0,112.5,1.13,217.1
53,Male,Other,22.7,Low,Moderate,Moderate,Never,4.8,Poor,Low,No,No,No,No,No,No,No,None,114,86,54,32.0,106.1,1.12,216.5
34,Female,Hispanic,19.3,Low,Sedentary,None,Never,6.9,Good,High,No,No,No,No,No,No,Yes,Other,129,71,78,32.3,83.1,0.86,173.7
18,Female,Caucasian,21.7,Middle,Active,Moderate,Never,5.4,Average,Low,No,Yes,No,No,Yes,Yes,No,Other,135,76,74,33.3,107.5,1.04,201.4
43,Female,Caucasian,25.2,High,Sedentary,None,Never,4.4,Average,Moderate,No,No,No,No,No,No,No,None,105,86,87,32.4,149.2,1.5,291.8
47,Female,Caucasian,26.8,Middle,Moderate,Moderate,Never,6.8,Good,Moderate,No,No,Yes,No,Yes,No,No,Steroids,124,75,65,32.4,99.6,0.92,179.9
46,Male,South Asian,33.9,Low,Moderate,None,Never,8.0,Good,Moderate,Yes,No,No,No,No,No,No,None,130,73,72,33.0,104.7,1.1,220.5
59,Female,South Asian,22.3,Low,Active,Moderate,Never,8.1,Average,Moderate,No,No,No,No,No,No,No,None,109,73,71,32.0,109.3,1.05,204.9
24,Female,Other,28.9,Low,Sedentary,Heavy,Never,7.2,Good,Moderate,Yes,No,No,No,No,No,Yes,None,132,84,83,32.3,189.5,1.91,381.7
50,Male,South Asian,26.5,Low,Moderate,None,Never,4.5,Good,High,No,No,No,Yes,No,No,No,None,122,68,64,34.0,99.2,1.09,218.3
58,Female,South Asian,31.5,Low,Sedentary,None,Never,7.2,Average,Moderate,No,No,No,No,No,No,No,None,116,88,88,31.4,153.0,1.52,306.3
18,Female,Caucasian,27.9,High,Sedentary,None,Current,4.8,Good,Moderate,Yes,No,Yes,No,Yes,No,No,None,122,101,68,31.4,94.5,0.93,191.5
45,Male,Caucasian,20.0,Middle,Active,None,Never,4.9,Average,High,Yes,No,No,No,No,No,No,Metformin,96,80,71,31.1,98.8,1.0,194.6
32,Male,South Asian,18.0,Middle,Active,Heavy,Former,5.5,Average,Low,No,Yes,No,No,No,No,Yes,None,122,84,75,32.3,108.6,1.02,196.3
39,Male,South Asian,26.6,Low,Moderate,None,Current,8.6,Good,High,No,No,No,No,No,No,No,None,107,83,65,32.4,116.0,1.13,214.3
45,Female,South Asian,22.4,Low,Sedentary,None,Never,7.8,Good,Moderate,No,No,No,Yes,Yes,Yes,No,Metformin,120,71,79,30.1,112.3,1.19,240.4
33,Male,African,20.1,Middle,Active,Moderate,Never,7.5,Average,Moderate,No,No,No,No,No,Yes,No,Other,114,83,78,33.0,98.7,1.07,206.8
30,Female,South Asian,18.7,Middle,Sedentary,None,Never,5.7,Average,Moderate,Yes,No,No,Yes,No,Yes,No,Steroids,124,82,69,30.9,112.5,1.08,214.1
41,Female,Caucasian,25.8,Middle,Sedentary,None,Never,6.4,Average,High,Yes,No,No,No,No,No,No,None,138,98,78,32.5,164.5,1.68,338.6
24,Male,Caucasian,32.5,Middle,Moderate,None,Never,4.9,Poor,Low,No,No,No,No,No,Yes,No,Metformin,122,82,78,32.1,86.6,0.95,191.3
24,Female,Hispanic,23.0,Middle,Sedentary,Moderate,Current,9.0,Good,Moderate,Yes,Yes,No,Yes,No,No,No,None,135,92,81,30.0,110.2,1.02,201.9
50,Other,South Asian,28.0,Low,Active,None,Never,10.0,Good,Moderate,No,No,No,No,No,No,No,Steroids,105,84,86,30.0,125.4,1.25,252.4
23,Male,South Asian,24.5,Low,Sedentary,Moderate,Current,7.8,Good,High,Yes,No,No,No,No,No,No,None,142,75,79,30.9,83.1,0.84,165.0
50,Male,Caucasian,18.6,Middle,Sedentary,None,Former,8.1,Average,Low,No,No,No,No,No,Yes,No,Steroids,105,68,80,33.2,162.1,1.62,323.3
47,Female,African,28.7,Middle,Moderate,None,Never,6.8,Average,Low,Yes,No,No,No,No,No,Yes,Insulin,101,83,64,30.1,74.9,0.75,148.8
18,Female,South Asian,19.5,Low,Moderate,None,Never,4.6,Good,High,Yes,No,No,No,No,No,No,None,116,88,60,33.1,88.5,0.84,166.1
30,Male,Caucasian,25.1,Middle,Sedentary,Heavy,Never,5.7,Average,Moderate,No,No,No,Yes,No,Yes,No,Metformin,113,79,69,30.2,131.4,1.29,252.9
58,Male,South Asian,23.3,Middle,Sedentary,None,Never,6.3,Poor,Low,No,No,No,No,No,No,No,None,96,74,78,30.0,98.0,0.99,196.3
25,Male,South Asian,29.5,High,Moderate,None,Never,6.4,Good,Low,No,No,No,No,No,No,No,None,103,94,79,32.3,183.4,1.79,355.5
33,Other,Caucasian,19.7,Low,Sedentary,Heavy,Current,6.1,Good,Moderate,Yes,No,No,No,No,No,No,Metformin,90,76,50,32.0,83.7,0.84,159.8
47,Male,South Asian,27.0,Low,Sedentary,Heavy,Never,7.1,Average,Moderate,Yes,Yes,No,Yes,No,No,No,None,100,68,76,30.2,100.0,0.94,188.7
52,Female,Hispanic,20.8,Middle,Moderate,Moderate,Never,5.7,Poor,High,No,No,No,Yes,No,No,No,Steroids,110,79,86,30.8,147.4,1.4,287.6
36,Female,African,22.4,Middle,Sedentary,None,Current,10.0,Average,Low,No,No,No,No,No,No,No,None,142,81,98,32.3,99.6,0.98,190.3
31,Male,Caucasian,18.0,Middle,Active,None,Never,5.0,Average,High,Yes,No,No,No,No,No,No,None,131,73,89,31.6,81.2,0.8,157.3
61,Female,Caucasian,35.5,High,Moderate,None,Never,8.3,Average,High,No,No,No,Yes,No,Yes,No,Steroids,125,79,70,32.6,96.8,0.96,197.4
66,Male,Caucasian,27.8,Middle,Active,Moderate,Never,6.6,Good,Moderate,No,No,No,No,No,No,No,None,152,63,69,31.7,75.1,0.85,174.4
55,Female,South Asian,21.2,Middle,Sedentary,None,Never,7.7,Good,Low,No,No,No,No,No,No,No,None,93,84,80,33.0,91.5,0.98,198.6
41,Male,Hispanic,19.4,Low,Active,None,Current,7.8,Average,High,Yes,No,No,No,No,Yes,Yes,Metformin,119,70,83,30.9,81.9,0.72,144.1
28,Female,Other,22.5,Middle,Sedentary,None,Current,7.2,Average,Low,No,Yes,No,No,No,Yes,Yes,Metformin,151,76,86,32.6,89.1,0.95,199.5
28,Female,South Asian,28.6,Middle,Sedentary,None,Never,5.3,Good,Moderate,No,Yes,No,No,Yes,No,No,Metformin,112,73,81,30.7,104.2,0.95,188.5
48,Male,South Asian,18.0,Middle,Sedentary,Moderate,Never,6.5,Good,Moderate,No,Yes,No,Yes,No,No,No,None,108,94,63,32.3,153.8,1.55,306.5
46,Male,South Asian,24.3,High,Sedentary,Moderate,Never,7.3,Good,High,Yes,No,No,Yes,No,No,No,Insulin,132,77,61,32.6,132.0,1.28,258.2
61,Male,African,33.9,Middle,Sedentary,Moderate,Former,7.2,Good,Moderate,No,Yes,No,No,No,No,No,Insulin,112,72,90,30.9,84.5,0.8,156.2
50,Male,African,19.3,Middle,Moderate,None,Former,5.5,Poor,Moderate,No,No,No,No,No,No,Yes,Metformin,139,101,73,32.4,79.8,0.79,150.5
18,Female,Hispanic,25.4,Low,Sedentary,Moderate,Never,8.9,Good,High,No,No,No,No,No,No,No,None,132,98,65,32.6,174.9,1.74,346.9
56,Female,Hispanic,36.0,Low,Sedentary,None,Never,4.0,Average,High,No,No,No,No,No,No,Yes,Insulin,117,88,64,32.5,69.4,0.71,143.6
25,Male,Caucasian,28.2,Low,Moderate,None,Current,6.6,Good,Moderate,Yes,No,No,No,No,No,No,None,135,86,70,31.3,82.7,0.78,150.9
34,Female,African,25.6,Low,Sedentary,None,Never,5.6,Good,Moderate,No,Yes,No,No,No,No,No,None,116,71,91,31.6,99.7,0.88,173.4
44,Female,African,27.5,Middle,Moderate,None,Former,7.3,Average,High,No,No,No,No,No,Yes,No,None,122,91,73,33.7,77.8,0.79,162.6
70,Female,Caucasian,23.0,Low,Moderate,None,Current,8.5,Average,High,Yes,No,No,No,No,No,No,Insulin,129,84,82,31.1,95.0,0.96,191.3
80,Male,Caucasian,31.5,Middle,Active,None,Never,4.9,Poor,Moderate,No,Yes,No,No,No,No,Yes,None,114,74,78,32.1,116.7,1.29,263.8
49,Male,African,23.0,Middle,Sedentary,Heavy,Former,10.0,Poor,Moderate,Yes,No,No,No,No,No,No,None,143,81,74,31.8,178.2,1.76,349.3
37,Male,Caucasian,18.0,Middle,Active,Heavy,Never,7.3,Good,Low,No,No,No,No,No,No,No,None,121,75,55,32.3,92.4,0.89,176.8
48,Female,African,23.0,Middle,Moderate,None,Current,7.6,Average,Moderate,No,Yes,No,No,No,No,No,None,124,65,83,33.4,111.3,1.14,217.2
53,Male,African,20.2,Low,Active,None,Never,4.8,Average,High,No,No,No,No,No,No,No,None,100,94,68,31.4,125.9,1.23,253.6
35,Male,African,23.6,High,Sedentary,None,Never,6.9,Good,Low,No,No,No,No,No,No,No,Metformin,110,62,58,32.4,112.6,1.07,215.8
67,Male,African,23.7,Low,Moderate,None,Never,8.5,Average,Moderate,No,No,No,No,No,No,No,Insulin,122,102,57,32.7,86.8,0.9,177.5
43,Female,Caucasian,31.0,High,Active,None,Former,7.3,Good,Moderate,Yes,Yes,No,No,No,No,No,None,133,78,81,31.7,77.1,0.82,161.9
47,Male,African,28.5,Low,Sedentary,None,Never,7.2,Average,High,No,No,No,No,No,Yes,No,None,141,85,83,31.2,111.3,1.16,238.7
50,Male,Caucasian,26.3,Middle,Moderate,Moderate,Never,6.9,Average,Moderate,Yes,No,No,Yes,No,No,No,Metformin,104,85,52,32.1,79.7,0.75,147.5
46,Male,South Asian,25.0,Low,Active,None,Never,4.9,Good,Moderate,Yes,Yes,No,No,No,No,No,Metformin,108,70,70,32.0,72.3,0.76,156.4
53,Male,South Asian,19.7,Low,Moderate,None,Never,4.9,Average,Low,No,No,No,No,No,No,No,Steroids,102,78,79,30.4,79.0,0.77,157.7
31,Female,Caucasian,18.0,Middle,Sedentary,Moderate,Former,8.8,Poor,Moderate,Yes,Yes,No,No,No,No,No,None,127,79,77,31.2,100.3,0.98,194.0
32,Male,Caucasian,25.6,Middle,Moderate,Moderate,Never,8.3,Average,Moderate,No,No,No,No,No,No,No,Insulin,141,74,70,32.7,95.5,0.95,189.9
23,Male,Other,29.0,Low,Sedentary,None,Former,8.5,Good,Moderate,No,No,No,No,No,No,No,Steroids,118,90,74,31.5,126.0,1.31,257.0
47,Female,South Asian,24.5,Middle,Active,None,Current,5.8,Poor,Moderate,No,Yes,No,No,No,No,No,None,121,68,84,32.5,111.1,1.14,227.6
52,Male,South Asian,22.3,Low,Sedentary,Heavy,Current,6.8,Average,Moderate,No,No,No,Yes,No,No,No,Insulin,122,82,79,30.9,117.2,1.15,236.0
47,Male,South Asian,27.3,Low,Sedentary,Moderate,Former,8.8,Good,Moderate,Yes,No,No,No,No,No,No,None,113,63,81,32.1,178.3,1.77,349.3
65,Female,South Asian,24.6,High,Sedentary,None,Never,5.2,Good,High,Yes,No,No,Yes,No,No,No,Metformin,102,82,71,32.1,77.2,0.69,134.4
40,Male,Hispanic,33.4,Middle,Moderate,Moderate,Never,8.7,Good,High,No,No,No,Yes,No,No,No,Other,136,82,62,32.3,103.1,0.98,203.6
50,Male,South Asian,31.2,Middle,Active,None,Current,6.1,Average,Low,No,Yes,No,No,No,Yes,Yes,None,122,99,77,31.6,120.5,1.2,237.1
24,Male,African,29.8,Low,Sedentary,Moderate,Current,5.7,Average,Moderate,Yes,No,No,No,No,No,No,Metformin,112,74,83,32.2,117.5,1.1,226.9
34,Female,African,28.8,Low,Sedentary,None,Never,7.0,Good,Moderate,No,No,No,No,Yes,No,Yes,Insulin,165,78,68,33.9,97.3,1.01,206.5
50,Female,Caucasian,18.5,High,Sedentary,None,Current,5.3,Poor,Low,No,No,No,No,No,No,No,Metformin,120,78,77,32.4,75.0,0.77,156.6
53,Female,Hispanic,28.3,Low,Active,Moderate,Current,4.2,Average,Moderate,Yes,No,No,Yes,Yes,No,No,Metformin,94,97,75,33.5,90.1,0.92,182.2
36,Female,Caucasian,26.9,Middle,Sedentary,Moderate,Current,7.1,Good,Moderate,Yes,No,No,No,No,No,No,None,130,74,58,31.8,100.1,1.07,205.2
39,Male,South Asian,28.0,Low,Sedentary,None,Former,7.8,Good,Moderate,Yes,No,No,Yes,No,No,No,None,92,82,73,30.0,86.6,0.81,160.8
18,Male,Hispanic,27.5,High,Moderate,None,Current,8.8,Poor,Low,No,Yes,No,Yes,No,No,No,None,127,77,77,32.8,99.8,0.97,197.8
35,Female,Hispanic,27.3,Low,Sedentary,None,Current,7.9,Average,Moderate,No,No,No,Yes,No,No,No,None,127,78,70,34.0,189.0,1.98,400.7
53,Female,South Asian,38.5,Low,Sedentary,None,Never,9.9,Average,Low,Yes,No,No,No,No,No,No,None,141,80,86,32.1,100.7,0.96,197.9
49,Male,South Asian,24.6,Middle,Sedentary,None,Current,9.0,Good,Moderate,No,No,No,No,No,No,No,None,105,91,63,31.4,81.1,0.87,164.2
48,Female,South Asian,29.7,High,Active,Moderate,Never,8.1,Good,High,No,No,Yes,No,No,No,Yes,None,116,95,97,32.1,70.7,0.73,146.5
41,Male,South Asian,22.6,High,Active,None,Never,7.7,Average,Moderate,No,No,No,Yes,No,Yes,No,None,119,66,75,33.2,99.8,1.05,212.0
40,Male,Other,29.0,Middle,Moderate,Moderate,Former,8.8,Poor,Moderate,Yes,No,No,No,No,No,No,None,133,88,73,32.1,86.3,0.9,182.7
30,Male,Caucasian,29.7,Middle,Sedentary,Moderate,Former,4.0,Average,Low,No,No,No,No,No,No,No,None,127,93,84,31.3,135.1,1.46,296.2
50,Male,South Asian,26.8,Middle,Moderate,None,Current,6.3,Good,Moderate,No,No,No,No,No,No,No,None,128,83,60,31.0,69.7,0.67,133.8
46,Female,Hispanic,33.3,Middle,Sedentary,Moderate,Never,4.2,Good,Moderate,No,No,No,Yes,No,No,No,Metformin,138,92,98,32.7,83.6,0.9,181.9
47,Female,Caucasian,20.6,Middle,Moderate,Heavy,Never,8.0,Average,Low,No,Yes,No,No,No,No,No,Metformin,117,68,68,35.0,113.1,1.22,242.0
32,Male,South Asian,22.6,Middle,Moderate,None,Never,5.9,Good,Moderate,No,Yes,No,No,No,No,No,None,142,85,84,30.8,125.1,1.27,257.7
18,Male,Other,26.1,Middle,Active,Heavy,Never,10.0,Average,Low,Yes,No,No,No,No,No,No,Steroids,119,92,75,32.6,135.4,1.33,258.0
56,Female,Hispanic,29.4,Middle,Sedentary,Moderate,Former,6.2,Average,Moderate,No,No,No,No,No,No,No,Metformin,133,74,65,32.7,87.5,0.89,169.8
33,Male,Hispanic,25.9,Middle,Moderate,None,Never,7.2,Poor,Moderate,No,No,No,Yes,No,Yes,No,None,113,67,85,30.9,86.0,0.89,178.9
27,Female,Caucasian,31.4,Middle,Moderate,None,Never,6.4,Good,High,No,Yes,Yes,No,No,No,No,Insulin,129,91,80,32.8,108.4,1.18,240.7
50,Male,Hispanic,21.7,Low,Sedentary,Moderate,Never,6.3,Average,Low,No,No,No,No,No,No,No,Other,137,76,106,34.0,168.7,1.74,341.5
34,Female,South Asian,19.3,Low,Moderate,None,Former,5.1,Average,Low,Yes,No,No,Yes,No,No,No,None,104,74,79,33.0,87.0,0.94,190.3
56,Male,Caucasian,26.5,Middle,Active,Moderate,Never,5.1,Poor,High,Yes,Yes,No,No,No,No,No,None,134,61,69,31.6,105.7,1.02,207.5
49,Male,Other,24.6,Low,Active,Moderate,Former,4.0,Average,Low,No,No,No,No,No,No,No,Steroids,123,75,56,30.6,93.2,0.85,170.3
50,Male,South Asian,27.7,Middle,Moderate,None,Never,7.8,Poor,Moderate,No,No,No,Yes,No,No,No,None,151,73,68,32.4,171.2,1.7,337.8
20,Male,Hispanic,24.9,High,Sedentary,None,Never,6.4,Average,Moderate,No,No,No,Yes,No,Yes,No,None,116,62,78,31.9,90.0,0.93,187.2
58,Male,Caucasian,23.3,Middle,Active,None,Current,9.9,Good,Moderate,No,Yes,No,Yes,No,No,No,Metformin,124,74,71,32.7,114.7,1.11,223.2
44,Female,South Asian,24.6,Middle,Moderate,None,Never,5.1,Poor,Moderate,Yes,No,No,Yes,No,No,No,Metformin,118,92,83,31.7,76.6,0.76,148.7
34,Male,Hispanic,25.1,Low,Sedentary,Moderate,Never,9.2,Average,Moderate,No,No,No,No,No,No,No,None,130,83,79,31.1,93.0,0.9,172.7
42,Male,South Asian,23.5,High,Sedentary,None,Former,9.4,Poor,Low,No,No,No,No,No,Yes,Yes,Insulin,90,64,63,32.1,69.9,0.75,145.6
18,Female,African,24.0,Middle,Sedentary,None,Former,8.9,Good,High,Yes,No,No,No,No,No,No,Metformin,99,84,71,33.2,95.8,1.01,198.0
46,Female,South Asian,23.0,Low,Sedentary,None,Former,7.4,Average,Moderate,No,No,No,Yes,No,No,No,None,130,87,66,32.8,126.0,1.24,247.5
25,Female,Other,29.3,Middle,Moderate,Moderate,Former,6.5,Average,Moderate,No,No,No,Yes,No,No,No,None,120,81,78,31.7,125.6,1.19,238.7
20,Female,South Asian,26.0,High,Sedentary,None,Never,8.9,Good,Moderate,No,No,No,No,No,No,No,Metformin,90,80,79,30.8,115.1,1.04,202.0
18,Male,South Asian,36.3,Low,Sedentary,Heavy,Never,5.8,Good,High,Yes,No,No,No,No,No,No,None,110,72,69,31.7,178.8,1.8,351.3
57,Female,South Asian,25.8,Middle,Sedentary,Moderate,Never,7.4,Good,High,No,Yes,Yes,No,No,No,No,None,114,84,59,31.7,191.6,1.94,393.3
31,Female,Other,22.2,High,Sedentary,Moderate,Current,6.9,Poor,Moderate,No,No,No,No,No,Yes,No,None,113,86,103,31.9,98.6,0.94,181.3
63,Female,African,38.4,Low,Sedentary,None,Current,5.7,Average,Moderate,Yes,No,No,No,No,No,No,Metformin,134,83,78,34.0,90.4,0.89,184.1
32,Male,African,27.1,Middle,Sedentary,None,Never,7.4,Good,Moderate,No,No,No,No,No,No,No,None,139,97,78,31.7,88.1,0.93,180.1
18,Male,Caucasian,30.0,Middle,Sedentary,None,Never,8.1,Good,High,Yes,No,No,No,No,No,No,None,90,78,56,32.1,88.9,0.88,176.3
23,Male,Caucasian,28.0,Low,Moderate,None,Never,5.6,Good,Low,No,No,No,Yes,No,No,No,Insulin,118,67,82,32.8,117.6,1.1,216.7
59,Female,South Asian,28.1,Middle,Sedentary,Moderate,Former,7.7,Average,Moderate,No,No,No,No,No,No,Yes,None,122,97,86,32.5,88.1,0.87,178.4
38,Female,Caucasian,27.7,Low,Moderate,None,Never,4.0,Good,Moderate,No,Yes,No,No,No,No,No,None,98,61,78,33.5,105.4,1.06,206.4
32,Female,South Asian,19.5,Middle,Sedentary,None,Former,5.4,Good,Moderate,Yes,No,No,Yes,No,No,No,None,139,76,76,31.5,108.5,1.09,216.4
42,Male,Other,26.8,Low,Sedentary,Moderate,Current,6.3,Poor,Low,No,No,No,No,No,No,Yes,None,126,71,76,31.3,131.1,1.32,273.1
48,Female,Hispanic,18.4,Low,Sedentary,None,Current,7.5,Average,Low,No,No,No,Yes,No,No,No,None,133,79,66,31.6,155.8,1.52,307.3
57,Female,Caucasian,24.1,Middle,Sedentary,None,Never,8.3,Good,Moderate,No,No,No,No,No,No,No,None,113,79,68,31.1,125.1,1.31,256.6
62,Male,South Asian,21.4,Low,Sedentary,None,Current,7.1,Poor,Low,Yes,No,No,Yes,No,No,No,Metformin,108,70,73,32.1,83.4,0.79,158.9
35,Female,Hispanic,26.8,Low,Sedentary,Moderate,Former,7.8,Average,Low,Yes,No,Yes,Yes,No,No,No,None,111,91,86,32.2,71.1,0.76,159.2
20,Male,South Asian,26.7,Middle,Sedentary,None,Never,6.8,Average,Moderate,No,No,No,No,No,Yes,No,Metformin,118,79,78,31.7,125.7,1.29,261.0
34,Female,South Asian,27.4,High,Moderate,Moderate,Never,7.6,Good,High,No,No,No,Yes,Yes,Yes,No,Insulin,114,92,68,32.5,125.7,1.31,257.6
44,Female,South Asian,26.4,Middle,Sedentary,None,Former,7.5,Good,Moderate,No,No,No,No,No,Yes,Yes,Metformin,134,68,69,32.6,80.4,0.86,172.5
26,Female,Caucasian,22.0,Middle,Active,None,Current,6.2,Average,Moderate,Yes,Yes,No,No,Yes,No,No,None,160,69,53,31.3,78.2,0.78,153.7
26,Female,Hispanic,23.7,Middle,Active,Moderate,Never,6.5,Good,Low,No,No,No,No,No,No,No,None,129,69,79,32.6,109.8,1.13,233.8
45,Female,South Asian,29.6,High,Moderate,Moderate,Never,7.9,Average,High,No,No,Yes,No,No,No,No,Insulin,91,85,73,30.8,171.3,1.63,323.5
39,Female,South Asian,30.3,Middle,Sedentary,None,Never,9.7,Good,Low,Yes,No,No,No,No,No,No,None,122,97,77,31.1,124.7,1.17,236.0
40,Male,Caucasian,19.3,Low,Active,Moderate,Current,8.8,Average,Moderate,Yes,No,No,Yes,No,No,No,Steroids,102,77,105,33.4,78.0,0.88,184.0
29,Female,African,18.0,Low,Sedentary,None,Current,5.3,Good,Low,Yes,No,No,Yes,No,No,No,None,114,60,71,31.8,86.4,0.82,168.0
37,Male,South Asian,21.4,Middle,Sedentary,Moderate,Never,5.3,Average,Moderate,No,No,No,Yes,No,No,No,None,119,85,77,31.8,120.3,1.18,237.8
26,Male,South Asian,30.2,High,Sedentary,Moderate,Never,6.2,Poor,Moderate,No,No,No,No,No,No,No,Metformin,116,87,69,33.7,85.5,0.84,167.4
53,Female,Other,31.1,Middle,Active,None,Current,7.1,Average,High,No,No,No,Yes,Yes,No,No,Steroids,104,70,73,32.2,148.5,1.56,303.7
56,Female,Other,20.4,Middle,Sedentary,Heavy,Former,7.1,Average,Low,No,Yes,No,Yes,No,No,No,Steroids,128,86,65,31.7,127.9,1.29,263.0
18,Male,Other,26.5,Low,Active,None,Current,8.9,Good,High,Yes,No,No,No,No,No,No,None,90,88,64,31.1,68.9,0.67,135.4
26,Male,Hispanic,34.2,Low,Sedentary,Moderate,Current,8.9,Average,Moderate,No,No,No,Yes,No,No,No,Steroids,126,60,57,32.5,188.0,1.89,387.5
18,Male,South Asian,27.1,Middle,Active,Heavy,Never,7.0,Poor,Moderate,No,No,No,No,No,No,No,None,106,91,64,33.4,114.3,1.11,226.4
30,Male,South Asian,32.1,High,Active,None,Former,6.7,Good,Moderate,Yes,No,No,No,No,No,No,Other,124,92,77,31.9,149.0,1.6,312.2
39,Male,South Asian,30.0,Low,Active,None,Never,7.8,Average,Moderate,No,No,No,Yes,No,No,No,None,100,77,72,33.3,113.9,1.2,235.1
18,Female,South Asian,20.4,Middle,Sedentary,Moderate,Current,8.6,Good,Moderate,No,Yes,No,No,No,No,No,Metformin,123,86,73,31.9,99.6,0.99,194.8
26,Male,Other,24.1,Low,Active,None,Former,7.8,Good,Low,No,No,No,No,No,No,No,Metformin,141,100,70,31.2,85.2,0.92,185.6
25,Male,Hispanic,25.2,Middle,Active,Moderate,Current,6.4,Average,High,No,Yes,No,No,No,No,No,None,111,73,77,31.5,108.0,1.14,232.7
43,Male,African,25.5,Middle,Sedentary,None,Current,6.1,Poor,Moderate,No,No,No,No,No,No,No,None,111,92,76,31.3,69.3,0.67,145.2
41,Female,South Asian,29.6,Middle,Sedentary,Moderate,Never,5.3,Average,High,No,Yes,No,No,No,No,No,Metformin,126,82,75,33.4,107.1,1.1,217.2
29,Male,Other,27.0,Low,Moderate,None,Never,7.3,Good,Moderate,No,Yes,No,No,No,No,No,Insulin,123,69,72,33.1,100.7,1.15,227.7
43,Male,Hispanic,18.0,Low,Sedentary,None,Never,7.9,Average,Moderate,Yes,No,No,No,No,No,No,None,99,62,82,32.4,97.6,1.02,205.9
32,Male,South Asian,18.4,Low,Moderate,Moderate,Current,8.1,Average,Low,Yes,Yes,No,No,No,No,No,Metformin,137,87,55,30.0,102.0,0.98,187.6
36,Female,Hispanic,18.0,High,Sedentary,Moderate,Current,8.7,Good,Moderate,Yes,Yes,No,Yes,No,No,No,Metformin,132,67,67,33.5,102.2,1.0,203.7
65,Female,South Asian,25.9,Low,Moderate,None,Current,9.2,Average,Moderate,No,No,No,No,No,No,No,None,139,90,67,31.6,181.2,1.82,372.6
60,Male,South Asian,26.2,Low,Sedentary,None,Former,4.9,Poor,Moderate,No,No,No,No,No,No,No,Metformin,128,60,81,31.4,88.5,0.87,170.3
21,Male,African,26.4,Middle,Sedentary,Moderate,Never,7.6,Good,Low,No,No,No,No,No,No,No,None,148,81,70,31.7,82.1,0.81,164.7
52,Male,African,20.2,Middle,Sedentary,Moderate,Never,7.7,Good,Moderate,No,Yes,No,No,No,No,No,None,92,77,65,32.0,100.2,0.96,198.0
52,Female,South Asian,28.4,Middle,Active,Moderate,Never,6.9,Average,Low,No,No,No,No,No,No,No,None,143,97,77,32.4,109.9,1.14,223.3
23,Female,South Asian,28.6,High,Sedentary,Moderate,Former,5.8,Poor,Low,Yes,No,No,No,No,No,No,Other,114,82,83,33.1,188.8,1.92,377.7
52,Male,Other,18.7,Middle,Active,None,Current,9.2,Average,Low,No,No,No,No,No,No,No,None,112,86,82,32.5,115.4,1.14,230.9
63,Male,African,18.0,High,Moderate,Moderate,Never,6.1,Average,Moderate,No,No,No,Yes,No,No,No,None,109,76,84,32.0,133.3,1.35,270.7
23,Male,African,25.0,Middle,Sedentary,Moderate,Current,4.0,Poor,Moderate,No,No,No,Yes,No,No,No,Insulin,128,78,76,31.6,107.4,1.14,227.6
26,Male,South Asian,34.0,Low,Sedentary,None,Never,7.0,Good,High,No,No,No,No,No,Yes,No,None,132,91,78,31.1,132.5,1.3,260.4
55,Female,South Asian,33.5,High,Sedentary,None,Never,6.6,Good,Moderate,No,No,No,No,No,No,No,None,113,80,72,32.4,109.0,1.1,212.5
44,Male,South Asian,27.8,Middle,Sedentary,None,Never,9.8,Average,Moderate,No,No,No,No,No,No,No,None,124,71,72,32.5,106.6,1.04,209.2
48,Male,South Asian,21.4,Middle,Sedentary,Moderate,Never,7.7,Good,Moderate,Yes,No,No,No,No,Yes,No,None,161,91,65,31.2,111.3,1.13,230.9
45,Male,South Asian,29.4,Middle,Moderate,Moderate,Current,6.5,Poor,Moderate,Yes,No,No,No,No,No,No,Steroids,110,97,82,30.9,113.9,1.14,225.5
46,Female,South Asian,22.7,Middle,Active,Moderate,Never,6.7,Average,Moderate,No,No,No,Yes,No,No,No,Steroids,114,95,57,32.8,126.0,1.25,247.9
20,Female,Caucasian,21.2,Low,Sedentary,None,Never,6.7,Poor,Moderate,No,No,No,No,No,Yes,No,Insulin,141,93,62,31.6,110.1,1.13,233.4
56,Male,South Asian,18.0,Middle,Moderate,Moderate,Current,10.0,Poor,Low,No,No,No,No,No,No,No,Steroids,96,77,94,30.8,101.2,1.06,205.3
58,Male,Hispanic,25.5,Middle,Active,Moderate,Current,8.0,Average,Low,Yes,No,No,No,No,No,No,None,124,70,74,31.1,111.9,1.09,214.2
37,Male,South Asian,21.9,Middle,Active,None,Former,4.9,Good,Low,No,No,No,Yes,No,Yes,Yes,None,90,68,76,32.5,100.2,1.01,205.3
39,Male,Caucasian,25.5,Low,Active,None,Never,6.6,Average,Low,No,No,No,Yes,No,No,No,None,99,67,63,33.6,84.9,0.95,199.1
18,Male,South Asian,18.0,High,Active,Moderate,Never,7.0,Average,Moderate,Yes,Yes,No,No,No,No,No,None,102,79,80,33.0,100.5,1.09,224.0
48,Female,Caucasian,25.8,Low,Sedentary,Heavy,Never,5.3,Average,Moderate,Yes,No,Yes,No,No,No,No,Metformin,107,98,89,30.1,115.4,1.16,230.4
49,Female,South Asian,18.0,Low,Active,None,Never,4.3,Good,Moderate,No,No,No,No,No,No,No,Steroids,101,63,90,31.9,113.0,1.19,241.0
39,Female,Other,30.4,Low,Active,None,Current,7.9,Average,Low,No,No,No,No,No,No,No,None,123,80,60,32.8,82.8,0.85,177.2
57,Male,Hispanic,27.6,Low,Sedentary,None,Never,5.8,Poor,Moderate,No,No,No,No,No,Yes,No,None,141,77,87,30.5,84.6,0.88,177.3
35,Female,Caucasian,23.6,Middle,Sedentary,None,Never,8.9,Poor,Low,Yes,Yes,No,No,No,No,No,Metformin,151,68,75,33.6,108.5,1.1,212.2
48,Female,South Asian,27.8,Middle,Sedentary,None,Former,7.0,Poor,Low,Yes,No,No,Yes,No,No,No,Other,105,77,50,30.2,128.5,1.26,251.0
25,Male,Caucasian,20.1,Middle,Sedentary,None,Current,6.3,Average,Moderate,No,No,No,No,No,No,No,Insulin,131,93,60,32.6,95.3,0.91,180.8
40,Male,Hispanic,25.4,High,Sedentary,Moderate,Never,4.0,Poor,Moderate,No,No,No,No,No,No,No,None,138,82,56,31.6,89.4,0.95,195.7
37,Male,South Asian,29.0,Middle,Moderate,Moderate,Never,8.8,Good,Moderate,Yes,Yes,No,No,No,Yes,No,Metformin,122,86,81,32.2,110.6,1.05,209.1
43,Male,Caucasian,18.0,Middle,Moderate,None,Never,7.4,Good,Low,No,No,No,Yes,No,No,No,Steroids,131,91,73,32.1,99.8,0.99,198.9
34,Male,Hispanic,22.8,Middle,Sedentary,Moderate,Never,6.3,Average,High,Yes,No,No,No,No,No,No,Steroids,127,84,68,31.1,78.6,0.75,148.4
38,Female,Hispanic,24.9,Middle,Sedentary,Moderate,Never,5.7,Average,High,No,No,No,No,No,No,No,Metformin,127,76,74,32.5,89.2,0.92,186.2
52,Male,Hispanic,24.0,Middle,Moderate,None,Never,9.4,Average,Moderate,No,No,No,Yes,No,No,No,None,109,81,93,31.8,149.8,1.49,291.2
33,Female,Hispanic,32.3,Middle,Sedentary,None,Never,5.4,Good,High,No,No,No,No,No,No,No,Insulin,90,69,72,32.6,98.7,1.01,196.8
18,Male,Other,19.4,Middle,Sedentary,Moderate,Never,6.4,Poor,Low,No,Yes,No,No,No,No,No,None,115,81,78,31.3,140.5,1.39,282.6
66,Female,Caucasian,21.9,Low,Moderate,Moderate,Never,7.9,Average,Moderate,Yes,No,No,No,No,No,No,None,108,81,81,31.8,99.3,1.0,197.3
61,Male,Caucasian,18.0,Middle,Sedentary,None,Current,9.2,Average,High,No,No,No,No,No,No,No,Metformin,116,93,63,32.6,119.1,1.17,231.2
21,Female,Hispanic,32.6,Middle,Sedentary,None,Never,6.7,Average,Moderate,Yes,No,Yes,Yes,No,No,No,None,134,77,81,31.3,125.4,1.17,240.3
50,Male,African,23.8,Middle,Sedentary,Moderate,Current,5.9,Average,Moderate,No,No,No,No,No,No,No,None,142,77,84,33.2,141.5,1.41,280.4
32,Male,Other,22.8,Low,Moderate,None,Never,6.8,Poor,Low,No,No,No,No,No,Yes,No,None,122,65,85,32.3,120.0,1.27,257.9
44,Female,South Asian,24.7,Middle,Moderate,Moderate,Current,8.4,Average,Low,No,No,No,No,No,No,No,Other,102,86,74,34.0,81.3,0.93,193.5
44,Male,South Asian,28.2,High,Sedentary,Moderate,Never,8.7,Poor,Low,No,No,No,Yes,No,No,No,Metformin,114,65,84,31.8,100.3,0.98,209.0
36,Female,South Asian,26.7,High,Sedentary,None,Never,4.9,Average,Moderate,Yes,No,No,Yes,No,No,No,None,108,75,80,32.3,184.2,1.91,384.5
28,Female,South Asian,38.2,Low,Moderate,None,Former,7.2,Average,Moderate,No,No,No,No,No,No,No,None,122,73,76,31.8,182.7,1.82,367.8
30,Male,South Asian,27.3,Low,Active,None,Former,4.8,Average,Low,No,No,No,Yes,No,No,No,Steroids,113,89,84,32.0,71.7,0.77,154.4
26,Female,African,22.7,Middle,Moderate,None,Current,8.3,Average,Moderate,Yes,No,No,No,No,Yes,No,Insulin,134,85,92,32.6,83.6,0.82,165.8
28,Female,South Asian,22.2,Middle,Active,None,Former,7.6,Poor,Moderate,No,No,No,No,No,Yes,No,Metformin,107,87,84,33.6,97.1,0.93,193.1
39,Male,African,23.0,Low,Moderate,Moderate,Never,5.6,Poor,Moderate,No,No,No,No,No,No,No,None,153,89,74,33.4,86.0,0.87,177.0
29,Female,African,18.0,Low,Moderate,None,Never,9.3,Good,High,No,No,No,Yes,No,Yes,No,Steroids,98,74,70,32.8,129.4,1.4,281.0
50,Female,South Asian,25.2,Middle,Active,None,Never,7.5,Average,Moderate,Yes,No,No,Yes,No,No,No,None,125,71,80,30.9,112.7,1.18,230.3
62,Male,South Asian,28.9,Middle,Moderate,Moderate,Never,7.3,Good,Moderate,No,Yes,No,Yes,No,No,Yes,Steroids,96,63,77,31.6,131.8,1.31,266.3
31,Male,African,21.9,Middle,Active,Moderate,Former,6.7,Good,Moderate,No,Yes,No,Yes,No,No,No,None,136,81,86,32.6,111.3,1.02,201.2
44,Female,Hispanic,21.0,Middle,Sedentary,Heavy,Never,7.0,Poor,Low,No,No,No,Yes,No,No,Yes,Metformin,121,72,65,31.2,85.2,0.82,164.8
47,Male,Hispanic,32.6,Middle,Active,None,Current,6.4,Good,Moderate,Yes,Yes,No,No,No,No,No,Steroids,123,85,85,32.0,147.1,1.51,299.6
47,Male,Hispanic,18.0,Low,Moderate,None,Never,5.9,Average,Moderate,No,Yes,No,No,No,No,No,Metformin,107,92,61,32.2,167.8,1.7,339.7
41,Male,Other,18.0,Middle,Active,None,Never,8.8,Average,Moderate,No,No,No,No,No,Yes,No,Metformin,136,89,73,33.8,118.8,1.26,259.9
51,Female,Caucasian,19.2,Low,Sedentary,None,Never,6.3,Good,Low,No,No,No,Yes,No,No,No,Metformin,130,81,81,31.8,94.4,0.89,171.1
47,Male,Other,18.0,Middle,Moderate,Moderate,Never,6.2,Average,Low,No,No,No,No,No,No,No,None,112,81,74,30.4,113.8,1.06,210.3
21,Male,Hispanic,26.9,Low,Active,None,Current,6.8,Good,Moderate,Yes,No,No,No,No,No,No,None,120,80,79,32.8,81.2,0.87,184.7
53,Female,Hispanic,23.2,Middle,Sedentary,Moderate,Current,9.1,Average,Moderate,No,No,No,Yes,No,No,No,None,107,101,89,33.0,146.3,1.49,294.3
53,Male,South Asian,23.9,Middle,Moderate,None,Never,8.7,Good,High,No,No,No,Yes,No,No,No,Insulin,105,74,69,34.3,106.0,1.11,222.5
29,Male,Other,30.8,Low,Active,None,Current,6.4,Average,High,No,No,No,No,No,No,No,None,111,81,61,31.6,117.0,1.15,223.9
41,Other,Caucasian,21.5,Low,Sedentary,Moderate,Former,8.8,Poor,Moderate,Yes,Yes,No,No,No,Yes,Yes,Metformin,116,78,64,30.6,113.8,1.07,203.0
50,Female,Hispanic,28.9,Low,Sedentary,None,Current,7.2,Average,High,No,Yes,Yes,No,No,No,No,None,120,72,74,32.4,132.1,1.31,260.7
37,Female,South Asian,32.6,Middle,Moderate,None,Never,5.7,Good,Moderate,No,No,No,No,No,No,No,Steroids,119,76,87,32.5,88.2,0.87,175.4
56,Male,South Asian,22.7,Low,Moderate,None,Never,6.3,Average,Moderate,No,No,No,No,No,No,Yes,Other,107,80,72,32.6,81.3,0.85,168.5
75,Female,South Asian,28.7,Low,Sedentary,Heavy,Never,9.1,Average,Moderate,No,No,No,Yes,No,No,No,Metformin,131,68,97,31.6,84.0,0.83,168.3
28,Male,South Asian,23.8,Middle,Sedentary,None,Never,10.0,Average,Low,No,No,No,Yes,No,No,No,None,136,96,62,32.4,126.3,1.25,252.0
19,Male,South Asian,29.6,Middle,Sedentary,None,Never,7.5,Poor,Moderate,No,No,No,No,No,No,No,None,134,87,58,32.1,104.2,1.03,213.4
45,Male,Hispanic,18.0,Low,Sedentary,Moderate,Never,6.2,Poor,Low,No,Yes,No,No,No,No,Yes,Insulin,131,91,77,31.4,115.0,1.16,238.3
51,Male,South Asian,18.0,Middle,Sedentary,Moderate,Former,6.8,Average,High,No,No,No,No,No,Yes,No,Insulin,90,78,69,30.9,100.0,1.0,194.9
37,Female,South Asian,23.0,High,Moderate,Moderate,Never,5.9,Average,Moderate,No,No,No,No,No,No,No,Insulin,105,77,67,31.7,99.2,1.0,205.8
62,Male,South Asian,20.6,High,Moderate,None,Former,6.1,Good,Low,No,No,No,Yes,No,No,No,None,98,78,75,31.9,102.5,1.02,203.3
20,Female,Caucasian,22.4,Low,Moderate,Heavy,Former,5.9,Average,High,Yes,Yes,No,No,No,No,No,None,93,73,63,32.7,117.2,1.19,240.1
50,Female,South Asian,23.9,Middle,Sedentary,Moderate,Current,6.9,Average,High,Yes,Yes,Yes,No,No,No,No,None,137,93,80,32.0,122.7,1.23,238.8
31,Female,South Asian,28.6,Middle,Sedentary,None,Never,7.2,Average,High,No,No,No,Yes,No,No,No,None,145,94,77,31.5,78.5,0.8,157.7
66,Male,Caucasian,23.0,High,Sedentary,None,Never,6.8,Good,Moderate,No,No,No,No,No,Yes,No,None,120,85,71,32.5,87.4,0.86,164.9
70,Female,African,20.9,Middle,Active,Heavy,Never,6.7,Average,Moderate,Yes,No,No,No,Yes,No,No,Metformin,127,97,77,31.9,97.9,0.93,187.7
29,Male,South Asian,23.2,Middle,Moderate,Moderate,Never,8.1,Poor,Moderate,No,No,No,No,No,Yes,No,None,115,104,94,31.3,112.5,1.07,221.5
32,Male,South Asian,21.2,Middle,Active,Moderate,Former,6.7,Average,Low,No,No,No,No,No,Yes,No,Insulin,138,98,73,32.3,114.1,1.17,237.6
53,Other,South Asian,20.3,Middle,Sedentary,Moderate,Never,6.8,Good,Low,No,Yes,No,No,No,Yes,No,Metformin,124,75,70,32.7,124.8,1.31,261.6
34,Male,Other,18.0,Middle,Moderate,None,Never,6.7,Good,Moderate,Yes,No,No,No,No,No,No,None,112,60,82,31.9,78.3,0.74,147.4
39,Male,South Asian,25.3,Low,Moderate,None,Never,9.3,Good,Moderate,Yes,Yes,No,No,No,No,No,None,128,87,68,33.6,100.1,0.98,192.7
40,Female,Caucasian,22.2,Low,Active,None,Never,6.3,Average,Moderate,No,Yes,No,No,No,No,No,None,117,84,80,33.2,100.6,1.08,204.8
18,Male,South Asian,29.8,Middle,Moderate,None,Current,7.9,Good,Low,No,No,No,No,No,Yes,No,None,123,81,83,32.5,121.6,1.24,250.2
40,Female,Caucasian,18.0,High,Moderate,None,Current,5.9,Average,Low,No,No,No,No,No,No,No,None,130,78,89,31.6,97.8,0.98,200.0
30,Male,South Asian,22.3,Middle,Sedentary,None,Never,7.5,Poor,Moderate,No,Yes,No,No,No,No,No,None,176,94,72,30.2,107.8,1.05,212.8
33,Male,South Asian,34.1,Middle,Moderate,Moderate,Never,7.8,Average,Low,No,No,No,Yes,No,No,No,None,147,65,62,30.8,109.7,0.89,175.4
62,Male,Caucasian,20.3,Middle,Sedentary,None,Current,8.6,Poor,Low,Yes,Yes,No,No,No,No,No,None,122,95,72,32.9,126.7,1.32,259.3
21,Male,South Asian,23.8,Low,Sedentary,None,Current,6.4,Average,Moderate,No,Yes,No,No,No,No,No,Other,106,97,77,31.1,100.0,0.96,187.9
52,Male,South Asian,18.9,Low,Sedentary,Moderate,Current,5.3,Good,Low,No,No,No,No,No,No,Yes,None,90,82,69,32.4,100.6,1.01,200.2
36,Female,African,18.3,Middle,Active,Moderate,Never,5.8,Good,High,No,No,No,No,No,No,No,None,139,83,76,31.1,86.3,0.84,168.9
36,Female,Other,32.7,High,Sedentary,None,Never,8.4,Average,Moderate,Yes,No,Yes,No,Yes,No,No,None,137,68,92,31.8,89.3,0.91,191.2
52,Female,South Asian,25.9,Low,Active,Moderate,Never,10.0,Average,Moderate,No,No,No,No,No,No,No,None,111,90,69,31.5,79.5,0.78,152.1
45,Male,African,25.7,Middle,Active,Moderate,Current,8.3,Good,Low,Yes,No,No,Yes,No,No,No,None,119,93,67,32.8,99.3,1.05,211.7
49,Female,Other,18.0,Low,Active,None,Current,5.1,Average,Moderate,No,Yes,No,Yes,No,No,No,None,123,88,84,32.9,125.4,1.28,251.7
55,Female,Hispanic,26.8,Low,Active,None,Never,8.2,Good,Moderate,Yes,No,No,Yes,No,No,No,Metformin,129,68,63,30.4,118.5,1.08,210.2
35,Female,Caucasian,30.8,Low,Active,None,Never,5.6,Good,High,No,No,No,No,No,Yes,No,None,145,64,75,33.3,92.1,1.0,201.2
31,Male,African,30.7,Middle,Sedentary,Moderate,Former,6.5,Average,Moderate,No,Yes,No,No,No,No,No,None,100,78,70,31.7,114.4,1.11,223.8
24,Female,South Asian,28.3,Low,Sedentary,None,Current,7.3,Poor,Moderate,No,No,No,No,No,No,No,Insulin,130,81,58,33.1,99.1,1.05,208.5
28,Female,Caucasian,19.4,Low,Moderate,None,Former,7.5,Average,Low,No,No,Yes,No,Yes,Yes,No,None,123,90,74,33.3,95.2,0.9,180.2
80,Male,South Asian,26.6,Middle,Sedentary,Moderate,Former,7.1,Good,Moderate,No,No,No,Yes,No,No,No,None,112,78,69,31.4,82.6,0.78,157.1
59,Female,South Asian,28.3,High,Sedentary,None,Never,6.1,Good,Low,No,No,No,No,No,No,No,Other,132,91,80,33.6,126.0,1.24,245.9
20,Male,Caucasian,18.0,Low,Moderate,None,Never,8.6,Average,Low,No,No,No,No,No,No,No,None,118,91,77,30.2,125.7,1.23,242.3
20,Female,South Asian,19.4,Middle,Moderate,None,Former,6.2,Poor,Moderate,No,No,No,No,No,No,No,Insulin,119,85,77,31.0,85.8,0.94,192.2
47,Female,African,29.4,Low,Active,None,Current,8.9,Poor,Low,No,No,No,No,No,No,No,Metformin,125,89,66,31.6,74.3,0.75,142.0
48,Female,Caucasian,29.4,High,Moderate,Moderate,Never,5.0,Good,Moderate,No,No,No,No,No,No,No,None,113,76,69,31.0,87.4,0.94,187.0
48,Male,Caucasian,18.0,Middle,Moderate,Moderate,Never,7.3,Average,High,No,Yes,No,No,No,No,No,None,130,69,78,30.6,205.3,2.0,405.2
36,Male,South Asian,29.0,Middle,Sedentary,None,Former,5.2,Average,Moderate,No,No,No,No,No,No,No,None,114,74,66,33.0,150.3,1.56,309.5
38,Female,South Asian,25.5,Low,Sedentary,None,Never,5.7,Good,Moderate,No,No,Yes,No,No,No,No,None,145,72,75,31.6,82.7,0.78,161.3
45,Male,Caucasian,28.9,Middle,Active,None,Never,6.2,Good,Low,No,No,No,No,No,Yes,No,Other,123,92,78,32.1,80.8,0.88,167.7
41,Male,Other,21.8,Middle,Sedentary,Heavy,Former,9.3,Average,Moderate,Yes,Yes,No,No,No,No,No,None,110,89,82,32.7,113.7,1.22,244.4
18,Female,South Asian,28.2,Low,Sedentary,Moderate,Former,9.0,Average,Moderate,No,No,No,Yes,No,No,No,Steroids,125,60,70,33.1,121.5,1.2,251.8
37,Male,South Asian,29.2,Low,Moderate,None,Current,8.3,Good,Moderate,No,No,No,No,No,No,No,Metformin,135,82,71,33.6,80.3,0.84,169.7
27,Male,Hispanic,23.2,Middle,Sedentary,None,Never,7.0,Average,Moderate,No,No,No,No,No,No,No,Steroids,96,62,77,31.1,87.5,0.79,150.5
43,Male,South Asian,25.1,Middle,Sedentary,None,Never,7.3,Average,Moderate,No,No,No,No,No,No,No,Steroids,139,69,68,33.5,217.5,2.0,391.5
80,Male,Hispanic,21.8,Low,Sedentary,None,Never,8.9,Poor,Low,No,Yes,No,Yes,No,No,No,Metformin,125,88,61,32.2,125.4,1.34,269.7
46,Female,Caucasian,33.3,Middle,Sedentary,Heavy,Current,8.1,Good,Moderate,Yes,No,No,Yes,No,No,No,None,120,63,79,32.2,103.9,1.05,220.6
35,Female,Caucasian,24.4,Low,Sedentary,Moderate,Current,7.0,Good,High,Yes,No,No,No,No,No,No,Metformin,110,66,72,31.7,87.6,0.94,193.4
54,Female,South Asian,20.4,Low,Active,Moderate,Never,9.2,Good,Low,No,No,No,Yes,No,No,No,None,125,70,80,32.3,100.7,1.03,203.8
47,Female,South Asian,21.4,Middle,Moderate,None,Never,8.2,Average,Moderate,No,Yes,No,Yes,No,No,No,None,107,64,69,33.5,99.9,1.02,201.8
46,Female,South Asian,25.6,Low,Sedentary,None,Never,7.4,Average,Moderate,Yes,No,No,No,No,No,No,None,90,66,76,32.7,99.2,1.05,213.7
49,Female,Hispanic,28.8,Middle,Sedentary,None,Never,6.3,Average,Moderate,No,No,No,No,No,No,No,Metformin,109,79,57,33.1,94.0,1.09,218.6
71,Male,African,18.3,Low,Sedentary,None,Never,6.2,Average,Moderate,Yes,Yes,No,No,No,No,No,Insulin,116,63,81,31.1,112.6,1.14,218.8
23,Female,African,34.2,Middle,Active,None,Former,6.5,Average,High,No,Yes,No,No,No,No,No,None,129,78,70,31.6,210.3,2.0,404.6
47,Male,Hispanic,26.5,Middle,Sedentary,None,Former,7.7,Good,Moderate,No,No,No,No,No,No,No,None,117,80,74,32.1,78.5,0.82,166.8
26,Female,South Asian,27.3,High,Active,None,Former,8.3,Poor,Moderate,No,No,Yes,No,No,No,No,None,103,88,73,32.5,97.7,0.86,174.6
48,Female,African,24.5,Low,Sedentary,None,Current,4.8,Average,Moderate,No,No,No,No,No,No,No,None,110,89,72,32.3,100.3,0.96,188.3
26,Male,Caucasian,25.1,Middle,Active,Heavy,Never,4.1,Average,High,No,Yes,No,No,No,No,No,None,120,66,76,33.8,108.4,1.17,236.5
34,Female,Hispanic,24.3,Low,Sedentary,Heavy,Current,5.6,Average,High,Yes,Yes,No,No,No,No,No,None,130,67,75,31.3,155.5,1.57,316.1
36,Male,South Asian,30.1,Middle,Sedentary,None,Never,6.4,Poor,High,No,No,No,No,No,No,Yes,None,132,66,77,32.5,199.8,2.0,401.1
55,Female,African,25.0,Middle,Sedentary,None,Never,8.8,Average,Low,No,No,No,No,No,No,No,Insulin,100,88,62,32.5,80.1,0.76,163.9
54,Male,Hispanic,28.8,Low,Moderate,None,Never,6.6,Average,Low,No,No,No,No,No,Yes,No,Steroids,121,83,83,31.6,120.9,1.22,248.6
21,Female,Caucasian,22.8,Middle,Sedentary,Moderate,Never,7.4,Average,Moderate,No,No,Yes,Yes,No,No,No,None,132,76,74,31.9,137.9,1.33,268.0
41,Male,South Asian,26.0,Low,Sedentary,Heavy,Never,7.6,Average,Low,No,No,No,No,No,No,No,Metformin,107,68,78,31.3,100.9,1.08,217.0
29,Male,Caucasian,21.0,Low,Active,Moderate,Never,5.5,Average,Moderate,Yes,No,No,No,No,No,No,None,147,82,74,32.3,106.1,1.08,216.4
21,Male,South Asian,31.1,Low,Sedentary,Moderate,Never,9.2,Average,Low,Yes,No,No,Yes,No,No,No,Steroids,113,94,64,30.7,125.8,1.26,247.1
37,Male,African,20.8,Middle,Sedentary,None,Current,6.0,Poor,Moderate,No,No,No,Yes,No,No,Yes,None,135,93,100,33.7,72.6,0.75,146.9
35,Male,Other,23.4,Middle,Active,None,Never,9.3,Poor,Moderate,Yes,Yes,No,No,No,No,No,Steroids,130,65,76,31.8,108.0,1.0,205.0
76,Female,Caucasian,23.4,Low,Sedentary,None,Never,6.8,Good,Moderate,No,Yes,No,Yes,No,No,No,Insulin,110,91,59,31.3,149.6,1.45,289.2
46,Male,Caucasian,23.2,Middle,Active,Moderate,Current,6.5,Poor,Low,Yes,No,No,No,No,No,No,Insulin,120,65,74,30.3,85.4,0.85,161.7
19,Male,African,28.6,Low,Sedentary,None,Former,5.3,Poor,High,No,No,No,No,No,No,No,Steroids,140,76,71,31.6,78.2,0.72,142.8
32,Male,South Asian,23.4,Low,Sedentary,Moderate,Never,7.3,Poor,Moderate,No,No,No,No,No,No,No,None,112,75,73,31.8,78.2,0.81,158.1
55,Female,South Asian,32.0,Middle,Sedentary,Moderate,Never,10.0,Average,Moderate,Yes,No,No,Yes,No,No,Yes,None,123,83,59,32.3,104.1,0.93,181.1
71,Female,Other,20.9,Middle,Active,None,Former,7.6,Average,Moderate,No,Yes,No,Yes,No,No,No,Insulin,97,70,75,31.8,83.8,0.95,186.3
18,Female,African,25.8,Low,Active,Heavy,Never,7.4,Poor,Moderate,No,Yes,Yes,No,No,No,No,Insulin,125,81,66,34.9,103.6,0.98,189.6
18,Female,South Asian,21.1,Low,Active,None,Never,6.0,Poor,Moderate,Yes,No,No,Yes,No,No,No,None,114,69,90,30.7,97.7,1.03,199.6
68,Male,South Asian,27.1,Middle,Sedentary,Heavy,Never,7.9,Good,Low,No,Yes,No,No,No,No,No,None,128,82,74,32.6,103.4,0.96,191.1
46,Male,African,24.9,Low,Active,Heavy,Former,7.2,Good,High,Yes,No,No,No,No,No,No,Insulin,107,67,82,32.4,106.0,1.08,220.4
27,Male,Hispanic,24.2,Low,Sedentary,None,Never,6.9,Good,Moderate,No,No,No,No,No,No,No,Other,125,76,84,30.7,125.8,1.12,226.8
48,Female,Hispanic,30.9,Middle,Sedentary,None,Never,7.7,Average,Moderate,No,Yes,No,No,Yes,No,No,None,115,80,79,31.7,108.8,1.14,230.9
18,Female,South Asian,21.7,Middle,Active,None,Never,4.3,Average,Low,Yes,No,Yes,No,No,Yes,No,None,90,77,77,34.3,137.7,1.5,307.2
40,Male,Other,27.9,Middle,Sedentary,Moderate,Former,6.8,Average,Moderate,No,No,No,Yes,No,No,Yes,None,121,88,86,31.5,235.5,2.0,399.4
45,Male,Caucasian,21.2,Middle,Sedentary,None,Former,5.2,Average,Low,No,No,No,No,No,No,No,Insulin,139,60,69,34.0,87.7,0.88,172.1
54,Male,African,25.6,Low,Sedentary,Heavy,Former,7.0,Average,Moderate,No,No,No,Yes,No,No,No,None,104,82,82,31.9,100.3,1.04,203.8
25,Male,Caucasian,19.0,Middle,Moderate,None,Never,5.9,Average,High,No,No,No,No,No,No,No,None,110,72,71,32.0,91.6,0.96,182.5
41,Female,South Asian,21.7,Low,Sedentary,Moderate,Current,6.0,Average,Moderate,Yes,Yes,No,Yes,No,No,No,None,140,86,76,31.6,228.1,2.0,396.3
26,Male,Other,24.6,Middle,Sedentary,Heavy,Never,5.0,Average,Moderate,No,No,No,No,No,No,No,Insulin,128,80,63,31.0,98.7,1.0,200.2
44,Female,South Asian,34.1,Middle,Active,Moderate,Never,8.7,Average,Moderate,No,No,No,No,Yes,No,No,None,115,91,62,30.8,100.9,1.02,203.2
27,Male,South Asian,25.5,Middle,Sedentary,None,Current,6.0,Good,Moderate,No,No,No,No,No,No,No,None,124,78,74,31.4,83.8,0.76,154.2
34,Female,Hispanic,33.3,Middle,Sedentary,None,Current,6.1,Good,Low,No,No,Yes,No,No,No,No,Metformin,111,92,86,32.8,125.6,1.21,246.0
25,Female,African,26.1,Middle,Moderate,None,Former,9.3,Average,Low,Yes,Yes,No,Yes,No,No,No,Other,157,82,73,32.5,99.6,1.1,214.7
50,Female,Hispanic,23.1,Low,Active,None,Current,7.9,Average,Moderate,No,No,No,No,No,No,Yes,Insulin,133,67,92,31.6,99.8,0.99,195.2
53,Female,Caucasian,32.7,Middle,Sedentary,None,Never,4.0,Good,High,No,No,No,Yes,No,Yes,No,None,146,72,79,33.9,82.7,0.84,177.1
36,Female,South Asian,27.2,High,Moderate,None,Never,9.1,Good,Moderate,Yes,No,No,No,No,No,No,None,121,74,73,31.2,117.5,1.16,229.9
41,Female,Other,21.8,Middle,Sedentary,Moderate,Never,9.5,Average,Moderate,Yes,No,No,No,No,No,No,None,101,81,90,32.5,98.8,0.98,184.7
18,Female,South Asian,27.4,Low,Moderate,None,Never,9.3,Average,Moderate,No,No,No,No,No,No,No,None,128,89,88,30.7,160.6,1.63,328.1
36,Female,Hispanic,23.5,Low,Sedentary,Moderate,Former,8.0,Good,High,Yes,No,No,Yes,No,Yes,No,None,139,86,61,32.3,88.1,0.89,178.7
39,Female,South Asian,18.0,Low,Sedentary,None,Never,5.3,Average,Moderate,No,No,No,No,Yes,No,No,None,139,87,75,32.5,105.4,1.03,211.0
79,Female,Hispanic,29.7,Low,Sedentary,None,Current,6.9,Good,Moderate,No,No,Yes,Yes,No,No,No,Steroids,95,73,80,31.8,126.6,1.26,252.3
23,Female,South Asian,30.5,Middle,Active,None,Never,4.8,Good,Low,Yes,No,No,No,No,Yes,No,Steroids,123,89,82,32.0,100.7,1.0,199.7
62,Female,Caucasian,34.2,Low,Moderate,None,Never,5.7,Good,Moderate,No,No,No,No,Yes,Yes,No,None,96,81,81,31.5,134.4,1.31,266.8
55,Male,Hispanic,27.1,Low,Active,None,Never,5.3,Average,Low,No,No,No,Yes,No,Yes,No,None,111,88,73,32.9,123.9,1.2,247.3
44,Male,Caucasian,23.8,Middle,Moderate,Moderate,Current,6.1,Poor,High,No,Yes,No,No,No,No,No,Steroids,129,65,72,32.9,129.6,1.38,267.6
66,Male,African,29.2,Middle,Sedentary,Heavy,Current,7.2,Average,Moderate,No,No,No,No,No,No,No,None,140,85,74,32.4,93.8,0.83,163.1
46,Female,Hispanic,29.2,Middle,Sedentary,None,Former,6.3,Poor,Moderate,No,No,No,No,No,No,No,None,123,74,68,32.7,114.5,1.12,231.2
46,Female,African,33.2,Middle,Active,None,Current,6.3,Average,High,No,No,No,Yes,No,Yes,No,None,103,67,61,32.6,167.4,1.71,350.2
39,Male,Other,24.8,Low,Moderate,None,Current,6.6,Good,High,No,Yes,No,No,No,No,No,None,129,86,80,31.6,116.2,1.17,242.6
58,Female,Caucasian,24.2,Low,Active,Moderate,Current,9.2,Average,Moderate,No,No,No,Yes,No,No,No,Insulin,107,76,81,32.4,125.0,1.25,251.3
56,Female,South Asian,21.4,Low,Sedentary,Moderate,Never,10.0,Poor,Low,No,No,Yes,No,No,Yes,No,Steroids,116,85,93,32.8,85.1,0.86,166.9
31,Male,South Asian,27.7,Middle,Sedentary,Moderate,Never,6.3,Average,Low,No,Yes,No,Yes,No,No,No,None,121,70,69,31.8,100.3,1.09,213.5
20,Female,South Asian,18.0,Low,Sedentary,None,Never,7.5,Poor,Low,Yes,Yes,No,No,No,Yes,No,Steroids,110,100,79,32.6,146.1,1.49,310.3
37,Female,South Asian,28.9,Middle,Sedentary,None,Current,5.7,Good,Moderate,Yes,Yes,Yes,No,No,No,No,None,130,79,72,30.7,121.8,1.18,240.8
28,Male,Caucasian,27.9,Low,Sedentary,None,Current,8.2,Good,Moderate,No,No,No,No,No,No,No,None,131,75,74,30.8,82.0,0.75,151.4
39,Female,South Asian,27.9,High,Sedentary,Moderate,Former,6.3,Good,Low,No,No,No,No,Yes,Yes,No,Steroids,135,90,69,32.1,120.8,1.14,220.4
59,Female,South Asian,25.7,Middle,Moderate,None,Never,5.9,Poor,Moderate,No,No,No,No,No,No,No,Insulin,141,79,75,31.7,115.5,1.04,206.2
33,Male,South Asian,32.7,Middle,Sedentary,Moderate,Never,10.0,Poor,Low,Yes,Yes,No,No,No,No,No,None,118,112,89,33.1,124.9,1.37,278.7
39,Male,Hispanic,29.4,Middle,Sedentary,None,Never,5.0,Good,Moderate,No,No,No,Yes,No,Yes,No,None,102,92,71,31.8,189.3,1.81,357.6
41,Female,Caucasian,22.0,Middle,Moderate,None,Never,4.0,Poor,Moderate,No,Yes,No,No,No,No,No,None,103,75,79,33.1,110.3,1.18,233.0
53,Male,South Asian,22.1,Middle,Sedentary,None,Never,8.1,Average,Moderate,No,Yes,No,Yes,No,No,No,None,146,81,69,32.0,106.7,1.04,207.3
18,Male,Hispanic,20.6,High,Moderate,Moderate,Never,6.4,Good,High,No,No,No,No,No,No,No,None,144,81,60,32.4,88.5,0.84,166.1
31,Male,South Asian,27.8,Middle,Sedentary,None,Current,6.0,Average,Moderate,No,No,No,No,No,No,No,None,140,69,73,31.6,85.1,0.85,161.2
43,Female,Other,20.0,Middle,Active,Heavy,Never,10.0,Average,Moderate,Yes,Yes,No,No,No,No,No,Steroids,111,93,94,31.9,114.5,1.12,226.6
58,Female,African,30.4,Low,Moderate,None,Current,8.1,Average,Low,No,No,No,No,No,No,No,Insulin,145,76,67,31.3,100.7,0.97,188.6
33,Female,South Asian,31.6,Middle,Active,None,Former,6.9,Good,Moderate,No,Yes,No,No,No,No,No,None,117,78,65,30.9,114.7,1.17,228.7
18,Male,African,20.6,Low,Moderate,None,Never,5.9,Average,High,No,No,No,No,No,No,No,None,125,82,66,32.9,75.4,0.7,136.8
49,Female,Hispanic,24.1,Low,Sedentary,Moderate,Never,7.7,Average,High,Yes,No,No,No,No,No,Yes,Metformin,132,71,93,33.1,114.7,1.2,227.3
30,Male,Caucasian,25.1,Middle,Sedentary,None,Current,4.4,Average,High,Yes,No,No,No,No,Yes,No,Steroids,139,82,86,32.9,157.4,1.59,315.6
22,Male,Hispanic,29.4,Low,Moderate,None,Former,6.2,Poor,Moderate,No,No,No,No,No,Yes,No,None,128,75,81,33.1,177.0,1.75,338.1
31,Male,South Asian,33.0,Low,Moderate,None,Never,6.9,Average,Moderate,No,No,No,No,No,No,Yes,Insulin,141,75,89,32.2,227.6,2.0,402.0
37,Male,South Asian,18.0,Low,Moderate,None,Never,7.3,Average,Moderate,No,No,No,No,No,No,No,Metformin,120,78,84,31.6,71.8,0.76,151.4
31,Female,South Asian,23.4,Middle,Sedentary,Moderate,Former,6.8,Poor,Moderate,No,No,No,No,No,Yes,No,None,117,73,74,31.3,95.2,0.96,183.3
18,Female,South Asian,23.7,Middle,Moderate,None,Never,6.0,Poor,Low,No,No,Yes,Yes,No,No,No,Steroids,115,64,70,30.2,124.9,1.23,238.0
53,Male,South Asian,18.0,Middle,Moderate,Moderate,Never,8.4,Poor,Low,Yes,No,No,Yes,No,No,No,None,103,82,85,32.5,126.2,1.31,271.8
59,Female,Other,22.6,Middle,Moderate,Moderate,Former,4.5,Poor,Moderate,No,No,No,Yes,No,No,No,None,90,60,76,32.1,84.9,0.92,180.9
50,Female,South Asian,27.1,Middle,Sedentary,Moderate,Former,6.6,Average,Low,Yes,Yes,No,Yes,No,No,No,None,136,60,66,32.4,100.2,1.01,198.3
23,Female,Caucasian,23.6,Low,Active,None,Never,6.2,Good,High,No,No,No,No,No,Yes,No,None,116,80,80,32.6,80.1,0.9,169.4
37,Male,Caucasian,18.0,Low,Sedentary,None,Current,8.5,Poor,Moderate,No,No,No,No,No,Yes,No,Metformin,131,78,72,33.4,115.5,1.22,234.5
40,Female,Hispanic,39.4,Middle,Sedentary,Heavy,Former,6.3,Poor,Moderate,No,No,No,No,No,No,Yes,Insulin,129,83,86,31.7,98.5,1.0,199.0
49,Male,Other,26.3,Low,Active,Moderate,Current,7.7,Average,Low,No,No,No,No,No,No,No,None,122,87,65,32.5,70.6,0.68,133.0
50,Female,Hispanic,25.6,Low,Sedentary,None,Never,7.5,Average,Moderate,Yes,No,No,No,No,Yes,No,None,134,60,81,31.5,131.3,1.35,278.6
29,Male,Other,19.5,Middle,Moderate,None,Never,4.2,Good,Moderate,No,No,No,No,No,No,No,Insulin,136,74,77,30.3,79.5,0.69,139.2
41,Female,Hispanic,26.3,Middle,Sedentary,Heavy,Never,6.9,Good,Moderate,Yes,No,Yes,No,No,No,No,None,106,76,77,31.8,178.2,1.72,337.4
47,Male,Other,24.2,Low,Sedentary,None,Never,4.4,Average,Moderate,Yes,No,No,No,No,No,No,None,143,83,78,33.5,78.3,0.78,147.7
62,Male,African,18.0,Middle,Sedentary,Moderate,Current,7.5,Poor,High,Yes,Yes,No,Yes,No,No,Yes,None,133,82,73,31.8,160.0,1.57,307.1
51,Female,South Asian,19.6,Middle,Sedentary,None,Current,5.9,Average,Moderate,No,No,No,Yes,No,No,No,None,107,76,80,31.1,106.4,1.05,212.1
52,Female,Caucasian,29.0,Middle,Sedentary,None,Former,8.8,Average,Moderate,No,No,No,No,No,Yes,No,Steroids,110,80,78,32.4,91.7,0.85,171.5
41,Female,African,34.7,High,Sedentary,None,Never,6.7,Good,Low,No,No,No,No,No,No,No,None,101,77,76,32.9,100.7,1.15,230.2
61,Female,South Asian,26.8,Low,Moderate,None,Former,5.8,Average,Moderate,No,No,No,No,No,No,No,None,129,71,87,32.5,125.9,1.19,239.8
46,Male,South Asian,30.5,Middle,Moderate,None,Never,8.8,Average,High,No,No,No,No,No,No,Yes,None,117,81,62,33.4,196.5,1.93,386.7
27,Female,Caucasian,24.2,Middle,Active,Moderate,Never,5.7,Good,High,No,Yes,No,No,Yes,No,No,None,90,60,81,31.1,120.7,1.19,232.5
61,Male,Other,24.6,Middle,Active,Moderate,Never,8.3,Good,Low,No,No,No,Yes,No,No,No,Insulin,112,82,77,33.4,81.5,0.79,156.1
50,Male,South Asian,30.5,Middle,Sedentary,Moderate,Never,7.7,Good,Moderate,No,No,No,No,No,No,No,None,114,94,80,30.0,73.7,0.75,143.4
33,Female,Hispanic,33.3,Middle,Active,Moderate,Never,6.5,Average,Low,No,No,No,Yes,No,No,No,None,122,77,81,30.0,159.7,1.52,297.9
33,Female,African,31.5,Middle,Moderate,None,Never,5.0,Poor,Moderate,Yes,No,No,No,No,No,No,None,97,101,82,30.5,125.1,1.25,247.5
44,Female,Other,19.7,Low,Sedentary,None,Never,8.9,Poor,High,Yes,No,No,No,No,No,No,None,122,86,71,32.5,97.4,1.04,202.6
47,Female,Other,24.7,High,Moderate,Heavy,Former,7.8,Average,Moderate,No,No,No,No,No,No,No,None,143,95,68,30.5,80.2,0.81,167.8
43,Female,Hispanic,26.4,Middle,Sedentary,None,Never,5.8,Average,Moderate,No,No,No,Yes,No,Yes,No,Other,123,84,80,31.4,120.3,1.24,235.4
45,Male,Caucasian,23.7,Middle,Moderate,None,Former,7.4,Good,Moderate,No,No,No,No,No,No,No,Insulin,129,86,90,31.6,120.3,1.33,266.0
65,Male,South Asian,26.9,Middle,Sedentary,Heavy,Never,8.5,Average,Moderate,No,No,No,Yes,No,No,No,Metformin,143,81,73,32.7,99.6,1.01,207.6
56,Female,Caucasian,29.1,Low,Sedentary,None,Never,7.2,Average,High,No,Yes,No,No,No,No,No,None,119,64,65,33.3,98.5,0.92,192.8
43,Male,Hispanic,30.0,Low,Sedentary,Moderate,Current,7.4,Good,High,No,No,No,Yes,No,Yes,No,Insulin,118,60,83,32.9,96.3,1.05,205.4
54,Male,Hispanic,33.4,Middle,Sedentary,Moderate,Never,8.5,Average,High,No,No,No,No,No,No,No,Metformin,125,78,67,30.6,155.1,1.51,299.3
25,Male,Hispanic,23.4,Low,Active,None,Never,9.3,Average,Low,No,No,No,No,No,Yes,No,None,107,74,78,32.2,80.5,0.79,157.8
46,Female,South Asian,18.2,Low,Active,None,Current,6.8,Average,Moderate,Yes,No,No,No,No,No,No,Metformin,110,74,65,31.6,76.3,0.83,178.5
67,Male,Caucasian,26.8,Middle,Sedentary,Heavy,Never,5.0,Good,Low,No,No,No,Yes,No,No,No,None,90,67,72,31.8,83.8,0.84,163.4
37,Female,South Asian,34.4,Middle,Sedentary,None,Current,5.0,Good,Low,No,Yes,No,No,Yes,No,No,Insulin,154,91,75,31.9,117.5,1.19,242.2
27,Female,South Asian,22.6,Middle,Sedentary,None,Never,6.0,Good,Moderate,No,No,No,No,No,No,No,Insulin,132,70,72,31.5,69.8,0.75,149.8
30,Male,South Asian,28.4,Middle,Active,None,Never,5.6,Good,Moderate,No,No,No,No,No,Yes,No,None,106,69,77,31.3,92.1,0.94,188.3
24,Female,South Asian,28.5,Middle,Sedentary,Moderate,Former,4.5,Average,Low,No,No,No,Yes,No,No,No,Other,135,80,78,31.6,118.5,1.13,230.8
28,Female,Hispanic,26.0,Middle,Active,Moderate,Never,9.8,Poor,Low,No,No,No,No,No,No,No,Metformin,108,91,70,31.3,95.5,0.89,176.5
34,Female,South Asian,25.0,Low,Moderate,Heavy,Never,7.8,Good,Moderate,Yes,No,No,No,No,No,No,Steroids,121,88,69,33.0,169.6,1.68,335.6
19,Female,South Asian,20.4,Low,Active,Heavy,Never,6.2,Good,Moderate,No,No,No,No,No,No,No,None,121,74,88,31.9,96.5,1.01,208.4
40,Male,Other,18.0,Middle,Moderate,Heavy,Never,7.0,Average,Low,Yes,No,No,No,No,No,No,None,113,78,73,33.0,86.8,0.99,195.9
54,Female,South Asian,19.4,High,Moderate,None,Former,4.3,Average,Moderate,Yes,No,No,No,No,No,No,None,108,96,78,33.1,214.8,2.0,400.7
26,Male,South Asian,23.0,Low,Moderate,Moderate,Current,8.7,Average,Moderate,No,No,No,Yes,No,No,No,Metformin,138,91,61,33.4,125.0,1.23,244.2
63,Female,South Asian,30.5,Low,Active,None,Current,4.1,Good,Moderate,No,No,No,No,No,No,No,None,121,89,93,30.7,69.4,0.67,142.1
48,Female,South Asian,24.5,Middle,Active,None,Never,7.8,Poor,High,No,No,No,No,No,No,No,Steroids,145,84,80,32.3,93.3,0.92,184.4
55,Female,South Asian,22.4,Middle,Moderate,Moderate,Former,4.2,Good,Moderate,No,No,No,No,No,No,No,Steroids,104,81,55,30.8,89.3,0.95,183.7
30,Male,South Asian,20.5,High,Moderate,None,Never,6.4,Good,High,Yes,No,No,No,No,Yes,No,None,113,100,65,33.8,79.0,0.84,169.6
53,Male,Caucasian,28.3,Middle,Active,Heavy,Former,8.9,Good,Low,Yes,No,No,Yes,No,No,Yes,None,119,91,68,32.6,92.6,0.93,191.0
24,Male,South Asian,31.8,Middle,Active,None,Current,4.5,Average,Low,No,No,No,No,No,No,No,None,137,81,92,31.5,160.0,1.62,324.1
53,Male,South Asian,30.3,Middle,Moderate,Moderate,Never,6.8,Good,Moderate,No,No,No,No,No,No,No,None,108,87,100,31.7,126.0,1.23,240.2
43,Male,Hispanic,28.0,Low,Sedentary,None,Current,7.9,Poor,Moderate,No,Yes,No,No,No,No,No,Metformin,129,78,80,32.8,104.6,1.06,206.8
48,Female,Caucasian,18.0,Middle,Sedentary,None,Current,7.7,Average,Moderate,No,No,No,No,No,No,No,None,125,64,86,31.6,86.8,0.86,172.8
22,Male,Other,23.2,Middle,Active,None,Former,7.1,Average,Low,Yes,No,No,No,No,No,No,None,141,70,87,30.6,85.2,0.85,168.2
27,Female,Caucasian,34.7,Low,Sedentary,None,Former,7.7,Poor,Moderate,No,No,No,No,No,No,No,None,127,75,64,32.4,90.4,0.91,185.4
49,Male,South Asian,30.6,Low,Sedentary,None,Former,6.1,Average,High,No,No,No,No,No,No,No,None,93,75,74,33.2,98.6,0.89,181.1
26,Female,Hispanic,18.0,High,Sedentary,Heavy,Current,9.9,Poor,High,No,No,No,No,No,No,No,Steroids,105,73,74,31.9,124.9,1.27,258.6
47,Female,South Asian,24.7,Middle,Moderate,Moderate,Former,4.6,Good,Moderate,No,No,No,No,No,No,No,None,106,73,89,32.8,112.0,1.15,231.7
19,Female,South Asian,26.8,Middle,Moderate,None,Never,8.7,Average,Moderate,Yes,No,No,No,No,No,No,None,113,93,96,31.4,107.7,1.09,219.6
53,Female,African,21.2,Low,Sedentary,None,Former,7.3,Good,High,Yes,No,No,No,Yes,No,No,Metformin,140,98,97,32.1,99.7,1.0,200.3
22,Male,Caucasian,18.0,Middle,Sedentary,None,Never,7.9,Average,Moderate,No,No,No,Yes,No,No,No,Steroids,116,93,80,32.1,74.3,0.7,138.1
48,Female,Hispanic,25.5,Middle,Moderate,None,Current,8.2,Poor,High,Yes,Yes,No,No,No,No,No,None,121,60,79,31.6,111.0,1.05,205.5
49,Male,Other,21.1,Low,Active,Moderate,Current,7.8,Poor,High,Yes,No,No,Yes,No,No,No,Other,117,91,71,31.1,111.2,1.02,214.1
30,Male,South Asian,21.1,Middle,Sedentary,None,Never,5.8,Average,Moderate,Yes,No,No,No,No,No,No,Metformin,128,87,76,31.3,93.5,0.86,169.8
49,Female,Caucasian,23.2,Low,Sedentary,Moderate,Former,6.6,Poor,Moderate,No,Yes,No,No,No,No,No,None,109,80,86,31.3,112.3,1.09,223.5
44,Female,Caucasian,24.3,Middle,Moderate,None,Current,4.8,Average,Moderate,No,No,No,Yes,No,No,Yes,Metformin,117,75,85,31.5,93.0,0.9,175.5
32,Female,Other,25.0,High,Active,None,Never,6.6,Average,High,Yes,Yes,No,No,No,No,No,None,117,77,81,31.9,119.5,1.09,224.0
25,Male,Hispanic,20.6,Middle,Moderate,Moderate,Never,7.5,Average,Moderate,Yes,No,No,Yes,No,No,No,Metformin,119,90,67,32.1,106.2,1.08,213.8
18,Male,Other,23.9,High,Moderate,None,Never,7.9,Average,Low,No,No,No,Yes,No,Yes,No,Other,112,84,94,32.1,134.2,1.35,274.0
45,Male,South Asian,18.0,High,Active,Moderate,Former,7.6,Poor,Moderate,No,Yes,No,No,No,Yes,No,Steroids,100,92,80,31.9,125.7,1.28,252.7
18,Male,Hispanic,26.6,High,Sedentary,Moderate,Never,4.4,Good,High,No,Yes,No,Yes,No,No,No,None,134,88,77,32.0,122.6,1.18,226.9
41,Male,South Asian,18.0,Middle,Sedentary,Moderate,Former,6.2,Poor,Moderate,Yes,Yes,No,No,No,No,No,Metformin,118,94,84,31.1,97.1,0.97,198.3
36,Male,South Asian,23.6,Low,Moderate,None,Never,6.0,Average,Low,No,No,No,No,No,No,No,None,137,86,69,32.2,82.1,0.79,163.8
50,Male,Other,29.6,High,Active,Heavy,Never,5.0,Average,Low,Yes,No,No,Yes,No,No,No,None,127,69,68,30.4,109.9,1.11,226.8
35,Female,South Asian,19.7,Low,Moderate,Moderate,Never,5.7,Good,Moderate,No,No,No,No,No,No,No,None,128,64,71,31.0,87.9,0.85,160.7
35,Male,Other,28.6,Low,Active,None,Never,7.0,Average,Moderate,No,No,No,No,No,No,No,None,137,86,65,31.0,70.4,0.74,147.8
51,Female,South Asian,30.8,Low,Moderate,None,Never,9.1,Average,Low,No,No,No,No,No,No,No,Metformin,159,86,76,31.4,110.9,1.14,226.3
45,Male,Hispanic,18.0,Low,Moderate,None,Never,5.6,Average,High,No,No,No,Yes,No,No,No,Metformin,140,74,55,32.3,85.4,0.89,172.9
45,Female,South Asian,24.2,Middle,Sedentary,None,Former,5.3,Average,Moderate,No,No,Yes,Yes,No,No,No,None,133,82,70,32.2,110.2,1.12,223.1
47,Male,South Asian,18.0,Middle,Sedentary,Heavy,Never,6.1,Poor,Moderate,No,Yes,No,No,No,No,No,None,124,75,55,32.3,165.3,1.65,326.0
18,Male,South Asian,24.4,Low,Moderate,None,Former,7.5,Average,High,Yes,No,No,No,No,No,No,None,139,75,72,32.8,105.2,1.13,225.9
51,Female,Caucasian,25.0,Middle,Sedentary,Moderate,Never,8.8,Good,Moderate,Yes,No,No,Yes,Yes,No,No,Steroids,109,66,73,32.2,122.6,1.19,237.3
49,Male,South Asian,18.0,Middle,Sedentary,None,Never,6.9,Average,Moderate,No,No,No,Yes,No,No,No,Metformin,129,80,87,31.0,102.6,0.97,201.6
25,Female,African,34.6,Middle,Active,None,Never,4.8,Average,Moderate,No,Yes,No,No,No,No,No,None,139,75,78,32.0,70.2,0.71,143.7
36,Male,South Asian,26.4,Low,Active,Heavy,Former,5.2,Poor,High,No,Yes,No,No,No,No,No,None,134,84,67,31.1,108.7,1.08,218.1
39,Other,South Asian,20.8,Low,Sedentary,None,Never,7.3,Good,Low,No,No,No,No,No,No,No,None,119,62,71,31.7,179.9,1.75,342.8
38,Male,South Asian,32.3,Low,Moderate,None,Never,8.5,Poor,Moderate,Yes,No,No,Yes,No,No,No,None,127,86,89,32.4,113.4,1.14,231.3
45,Male,Caucasian,18.0,Low,Sedentary,Heavy,Current,9.7,Poor,Moderate,No,Yes,No,No,No,No,No,None,115,75,64,31.8,103.8,0.94,190.5
61,Female,Hispanic,18.9,Middle,Sedentary,Heavy,Former,5.2,Average,High,Yes,No,Yes,No,No,No,No,None,108,69,96,32.6,94.8,0.84,172.8
56,Male,Hispanic,18.0,Middle,Moderate,Moderate,Never,7.2,Average,High,Yes,No,No,No,No,No,No,None,142,76,79,32.0,123.1,1.2,234.1
20,Female,South Asian,34.0,Low,Moderate,Moderate,Former,5.5,Good,Low,Yes,Yes,No,No,No,Yes,Yes,None,113,64,62,30.5,200.0,1.97,385.4
49,Male,Caucasian,26.7,Low,Sedentary,Moderate,Current,5.7,Poor,Low,No,No,No,No,No,No,No,Other,113,77,65,31.6,91.3,0.88,178.2
60,Female,Hispanic,28.3,Low,Sedentary,None,Current,5.5,Average,Low,No,No,No,Yes,No,No,No,Metformin,114,81,83,32.6,70.1,0.71,148.9
46,Male,South Asian,26.5,High,Sedentary,Moderate,Never,6.5,Average,Moderate,Yes,No,No,No,No,No,No,Insulin,110,81,82,32.5,119.5,1.16,223.5
56,Female,Caucasian,27.9,Low,Active,Heavy,Never,5.7,Good,High,No,No,No,No,No,Yes,No,None,109,85,79,30.9,108.4,1.1,214.0
70,Female,Caucasian,25.4,Middle,Moderate,None,Former,10.0,Average,Low,No,Yes,No,No,No,No,No,Metformin,94,74,76,31.5,78.3,0.73,154.4
55,Male,South Asian,26.4,Middle,Sedentary,None,Never,6.3,Average,Moderate,Yes,No,No,No,No,No,No,Other,97,88,74,32.2,125.6,1.25,263.2
44,Male,South Asian,25.5,Low,Sedentary,None,Current,8.5,Average,High,Yes,No,No,No,No,No,No,None,117,83,67,31.5,99.3,0.95,186.5
56,Male,South Asian,22.0,High,Moderate,Moderate,Never,6.0,Average,High,Yes,No,No,Yes,No,No,No,None,127,88,79,31.7,79.9,0.8,169.8
42,Female,African,24.8,Middle,Moderate,None,Never,10.0,Average,Moderate,No,No,No,No,No,No,No,Insulin,95,97,91,32.2,84.4,0.84,169.9
40,Male,South Asian,26.4,Middle,Active,Moderate,Current,7.5,Average,High,No,Yes,No,Yes,No,No,Yes,Steroids,123,64,75,33.8,105.0,1.06,205.3
35,Male,South Asian,25.6,Middle,Sedentary,None,Never,8.3,Average,Moderate,No,No,No,Yes,No,No,No,Metformin,139,76,78,32.3,86.4,0.85,170.7
63,Male,South Asian,18.0,Middle,Active,Moderate,Never,6.1,Average,Low,Yes,No,No,No,No,No,No,None,113,72,85,32.7,101.1,1.14,228.9
28,Male,South Asian,18.3,Low,Sedentary,None,Former,8.5,Good,Low,No,No,No,Yes,No,No,No,None,105,101,70,31.1,82.1,0.85,158.5
63,Female,South Asian,30.4,Low,Sedentary,None,Never,7.5,Average,Moderate,No,No,No,Yes,No,No,No,None,119,86,79,30.8,113.0,1.15,235.0
47,Female,Other,23.5,Middle,Sedentary,Moderate,Former,6.4,Good,Moderate,No,No,No,Yes,No,No,No,None,128,83,83,31.1,81.9,0.81,160.3
19,Female,South Asian,27.9,Middle,Moderate,None,Never,5.4,Average,Moderate,Yes,No,No,No,No,No,No,None,112,92,68,31.8,111.1,1.2,236.0
46,Female,African,19.5,Low,Active,None,Never,6.6,Poor,Low,No,No,No,No,No,No,No,None,134,80,62,32.2,84.9,0.78,155.0
18,Female,South Asian,18.0,Middle,Moderate,None,Never,6.5,Average,Low,No,No,No,No,Yes,No,No,None,127,85,73,32.5,115.8,1.08,210.8
49,Male,African,20.8,Middle,Moderate,None,Former,8.3,Poor,Low,No,No,No,Yes,No,No,No,None,146,75,84,32.9,98.0,0.98,191.7
53,Male,Caucasian,23.9,Low,Sedentary,None,Never,6.7,Average,High,No,No,No,Yes,No,No,No,Insulin,95,66,60,33.3,80.1,0.86,166.5
31,Female,South Asian,21.7,Middle,Sedentary,Heavy,Never,4.1,Average,High,No,No,Yes,No,No,No,No,None,99,89,77,30.0,175.1,1.68,329.5
42,Female,Hispanic,31.5,Middle,Moderate,Moderate,Current,8.0,Good,Low,Yes,No,No,No,No,No,Yes,Steroids,114,70,73,31.0,124.2,1.16,233.6
69,Female,Caucasian,25.9,Middle,Moderate,Moderate,Current,8.9,Average,Low,No,No,No,Yes,No,Yes,No,None,100,87,73,33.7,124.4,1.27,264.7
32,Male,Hispanic,34.2,Middle,Moderate,None,Former,4.5,Average,High,Yes,No,No,No,No,No,No,None,144,91,78,32.3,76.8,0.78,158.2
24,Male,Caucasian,27.0,Low,Sedentary,None,Never,9.7,Good,Low,Yes,No,No,No,No,No,No,None,123,60,58,31.9,101.5,1.04,207.4
62,Male,Other,18.0,Middle,Sedentary,None,Never,9.1,Poor,High,No,No,No,No,No,No,No,Other,115,90,87,30.0,124.3,1.25,246.9
69,Female,Hispanic,30.3,Middle,Sedentary,Moderate,Former,6.1,Good,Moderate,No,No,No,Yes,No,No,No,None,143,83,66,30.7,116.0,1.07,215.1
40,Female,Other,18.0,Middle,Active,None,Current,5.3,Average,Moderate,Yes,No,No,No,No,No,Yes,None,124,70,79,32.9,103.5,1.02,200.4
55,Female,Caucasian,26.2,Low,Moderate,Moderate,Current,8.6,Poor,Moderate,No,No,No,No,No,No,No,Steroids,117,63,82,31.5,109.1,1.11,222.7
60,Male,Caucasian,21.1,Middle,Sedentary,None,Current,4.9,Good,Low,No,No,No,No,No,No,Yes,None,108,79,90,32.5,114.9,1.09,211.1
29,Female,Hispanic,35.7,Middle,Sedentary,None,Current,6.0,Average,Low,No,No,No,No,No,Yes,No,Metformin,128,78,75,31.6,124.0,1.34,276.6
33,Male,Hispanic,32.2,Low,Sedentary,None,Never,5.0,Average,High,No,No,No,No,No,Yes,No,Metformin,128,91,60,34.2,88.8,0.95,193.3
58,Male,Other,21.3,Middle,Sedentary,Moderate,Former,7.0,Good,High,No,No,No,No,No,No,No,Metformin,130,81,59,32.0,114.8,1.11,216.6
65,Female,South Asian,24.4,Middle,Moderate,None,Current,9.2,Good,Moderate,No,Yes,No,No,No,No,No,Insulin,132,69,88,30.5,118.5,1.16,232.5
48,Male,Hispanic,26.2,Low,Active,None,Current,7.6,Good,High,No,No,No,Yes,No,No,No,None,142,64,69,32.6,82.7,0.72,146.9
27,Male,South Asian,29.3,Middle,Moderate,Heavy,Current,8.5,Average,High,No,No,No,No,No,No,No,None,108,81,71,32.1,125.5,1.28,261.4
70,Female,Caucasian,25.1,Low,Sedentary,Moderate,Never,6.5,Good,Low,Yes,No,No,No,No,No,No,None,154,80,64,31.4,184.3,1.86,364.9
32,Female,South Asian,19.9,Low,Moderate,None,Former,7.1,Average,Moderate,No,No,No,No,No,No,No,Metformin,147,93,71,32.2,83.4,0.89,184.7
35,Male,South Asian,21.4,Low,Moderate,None,Never,5.2,Good,Low,No,No,No,Yes,No,No,No,Steroids,146,75,92,33.0,99.7,0.99,196.5
45,Female,Other,25.0,Low,Sedentary,None,Never,6.9,Average,Low,Yes,Yes,No,No,No,No,No,Other,117,84,75,31.8,110.6,1.1,216.2
63,Male,South Asian,31.2,Low,Active,None,Never,5.9,Average,Moderate,No,No,No,No,No,No,No,Steroids,109,79,67,31.0,115.7,1.21,251.5
53,Female,African,27.1,Middle,Active,Moderate,Current,6.8,Good,Low,No,No,Yes,Yes,No,No,No,None,122,60,85,32.2,86.2,0.91,176.7
46,Female,Caucasian,21.1,Low,Sedentary,None,Current,6.7,Good,Low,Yes,No,No,No,Yes,No,No,None,124,87,50,31.4,99.4,1.04,203.1
47,Female,South Asian,28.2,High,Moderate,Moderate,Former,6.5,Good,Moderate,No,No,No,No,No,No,No,None,133,76,75,32.3,72.8,0.73,156.5
41,Female,South Asian,23.1,Middle,Moderate,None,Never,10.0,Average,Low,Yes,Yes,No,No,No,No,No,None,118,87,71,33.3,108.1,1.15,215.9
48,Male,Caucasian,29.5,Middle,Moderate,None,Never,9.7,Poor,Low,Yes,No,No,No,No,No,No,Steroids,134,82,72,30.9,191.6,1.96,393.2
18,Male,South Asian,37.6,Middle,Sedentary,Heavy,Former,9.1,Good,Low,No,Yes,No,Yes,No,No,No,None,115,70,61,30.2,115.4,1.13,224.0
36,Male,Hispanic,23.2,Middle,Sedentary,None,Never,9.7,Average,High,No,No,No,No,No,Yes,No,Insulin,121,78,74,34.3,83.5,0.85,166.6
44,Male,Other,29.0,Middle,Sedentary,Moderate,Never,9.1,Good,Moderate,No,No,No,Yes,No,No,No,Steroids,131,80,71,32.1,138.8,1.33,262.8
23,Female,South Asian,21.3,Low,Moderate,Moderate,Current,7.0,Good,High,No,No,No,No,Yes,No,No,Insulin,122,82,65,30.8,98.8,0.9,175.7
46,Male,South Asian,24.4,Middle,Sedentary,None,Never,6.8,Good,High,Yes,No,No,No,No,Yes,No,Other,110,85,71,31.0,89.0,0.9,174.8
37,Male,Caucasian,25.1,Middle,Moderate,None,Never,7.4,Average,High,Yes,Yes,No,No,No,No,No,Steroids,106,80,56,31.5,113.7,1.29,255.4
66,Male,African,24.0,Low,Moderate,None,Never,6.7,Good,Low,No,No,No,No,No,No,No,Insulin,136,97,97,32.3,99.9,1.04,210.4
64,Female,South Asian,37.3,Middle,Sedentary,Heavy,Current,5.4,Poor,High,Yes,Yes,No,No,No,No,No,None,127,88,50,30.0,99.8,1.05,206.4
33,Male,South Asian,23.5,Middle,Moderate,None,Current,7.4,Good,Moderate,No,No,No,No,No,No,No,Metformin,141,90,74,32.7,94.9,0.93,191.6
38,Female,Caucasian,27.9,Low,Sedentary,None,Current,4.7,Poor,Low,Yes,No,No,No,No,No,No,None,137,88,73,31.3,93.0,1.02,202.1
39,Male,Other,18.0,Middle,Sedentary,None,Former,7.2,Poor,Moderate,No,No,No,No,No,No,No,None,116,81,69,33.5,139.7,1.43,283.5
33,Male,South Asian,27.2,Middle,Sedentary,Moderate,Never,5.5,Average,Moderate,No,No,No,No,No,No,Yes,Other,135,87,73,32.4,70.4,0.7,135.8
43,Male,Caucasian,30.7,Middle,Active,None,Current,6.9,Good,Low,Yes,No,No,Yes,No,No,No,None,125,92,81,32.9,136.4,1.35,274.5
29,Female,Other,22.4,Middle,Moderate,None,Never,7.3,Good,Low,No,No,Yes,No,Yes,No,No,None,118,81,62,31.8,70.6,0.72,149.6
23,Female,African,18.0,High,Sedentary,Heavy,Never,6.5,Average,Moderate,No,Yes,No,No,No,No,No,None,160,91,57,32.2,137.1,1.42,276.5
49,Female,African,24.8,Low,Active,None,Never,4.5,Good,High,No,Yes,No,Yes,No,No,No,None,155,67,70,33.4,75.4,0.79,160.5
49,Male,Caucasian,25.1,Middle,Moderate,None,Current,5.2,Good,Moderate,No,Yes,No,No,No,No,No,Steroids,130,91,50,31.1,125.9,1.29,248.5
28,Male,Other,28.6,Low,Sedentary,Moderate,Current,7.7,Average,Moderate,Yes,No,No,Yes,No,No,No,None,107,72,66,32.4,105.8,1.05,198.1
53,Female,African,35.1,Middle,Sedentary,Moderate,Never,6.2,Average,Low,No,No,Yes,Yes,No,No,No,None,113,67,70,32.5,108.9,1.13,228.7
31,Male,Hispanic,23.1,Low,Sedentary,None,Never,7.8,Average,Moderate,No,No,No,No,No,No,No,Metformin,112,77,76,33.4,73.2,0.8,158.3
44,Female,African,20.7,Low,Moderate,None,Current,7.0,Good,Low,No,Yes,No,No,No,No,No,None,132,82,88,31.4,102.5,1.04,207.2
52,Female,African,19.2,Middle,Moderate,None,Never,6.7,Good,High,No,No,No,Yes,Yes,No,No,None,126,83,78,31.2,120.4,1.21,237.6
39,Male,South Asian,26.0,Middle,Sedentary,None,Former,7.5,Poor,High,Yes,No,No,No,No,No,No,None,115,93,78,33.2,100.6,1.03,207.5
47,Female,South Asian,27.4,Low,Sedentary,Moderate,Never,6.0,Poor,Moderate,Yes,Yes,No,No,No,No,No,None,151,74,68,31.8,125.1,1.23,252.4
32,Male,Hispanic,22.3,Middle,Sedentary,None,Never,7.6,Poor,High,No,No,No,No,No,No,No,None,114,96,69,31.1,94.2,0.94,184.3
37,Male,South Asian,28.9,Middle,Sedentary,Moderate,Never,6.4,Average,Moderate,No,No,No,Yes,No,No,No,Metformin,148,96,69,31.5,83.1,0.84,168.3
37,Male,Caucasian,27.3,Low,Moderate,None,Never,10.0,Average,Low,No,No,No,No,No,No,No,None,138,82,74,30.6,89.4,0.89,182.2
29,Female,South Asian,25.2,Low,Sedentary,Moderate,Former,5.3,Average,Moderate,No,Yes,Yes,No,No,No,No,None,130,72,71,32.0,120.3,1.25,254.2
37,Male,Hispanic,20.5,High,Moderate,None,Current,6.5,Average,High,No,Yes,No,No,No,No,Yes,Steroids,108,105,78,30.0,199.1,1.98,397.1
18,Female,South Asian,22.6,Middle,Active,Heavy,Never,6.5,Average,Moderate,Yes,No,No,No,No,No,No,None,144,97,81,32.3,117.4,1.22,242.7
33,Female,Hispanic,18.0,Low,Sedentary,None,Current,5.0,Average,Moderate,No,No,No,Yes,No,No,No,None,150,82,88,30.5,85.4,0.85,168.8
36,Female,African,26.2,Middle,Sedentary,Moderate,Former,8.1,Average,Moderate,No,No,No,Yes,No,No,No,None,124,66,78,33.3,115.1,1.21,239.4
36,Female,South Asian,25.1,Middle,Sedentary,None,Never,6.4,Poor,Moderate,No,No,No,No,No,No,No,None,139,86,78,31.3,78.7,0.92,192.3
36,Male,Caucasian,25.9,Low,Sedentary,None,Never,4.0,Good,Low,Yes,No,No,No,No,No,No,None,121,74,87,31.2,81.4,0.82,163.0
39,Male,South Asian,27.5,Low,Moderate,Moderate,Former,8.0,Average,Moderate,Yes,No,No,No,No,Yes,No,Steroids,143,89,82,32.0,83.2,0.81,160.9
47,Male,South Asian,26.9,Low,Moderate,None,Never,6.0,Average,Moderate,Yes,No,No,No,No,Yes,No,None,106,82,71,32.4,95.5,0.93,176.3
53,Female,South Asian,24.4,Middle,Sedentary,None,Never,6.8,Average,Moderate,No,Yes,No,Yes,No,No,No,Steroids,135,64,65,32.0,99.8,0.97,200.7
30,Female,South Asian,25.2,Low,Sedentary,Moderate,Current,8.0,Average,Moderate,Yes,No,No,No,No,No,No,Metformin,90,68,70,30.4,71.4,0.64,127.5
22,Female,Other,18.0,Low,Sedentary,Moderate,Former,6.5,Average,Moderate,No,No,No,No,No,No,No,Insulin,102,72,67,32.1,85.9,0.78,167.0
24,Female,South Asian,22.1,Middle,Sedentary,None,Never,6.4,Average,Low,Yes,No,No,No,No,No,No,Metformin,104,96,76,31.9,96.8,1.06,210.7
33,Female,African,25.3,Low,Moderate,None,Never,10.0,Average,High,Yes,No,No,No,No,No,No,None,120,74,80,31.9,85.7,0.81,161.4
35,Male,South Asian,21.3,Middle,Sedentary,None,Never,4.0,Poor,Moderate,No,No,No,No,No,No,No,Other,107,60,71,32.6,98.7,1.04,206.9
28,Female,African,29.3,Low,Moderate,Heavy,Never,5.1,Average,Moderate,No,No,No,Yes,No,No,No,None,107,78,71,31.2,107.9,1.02,210.1
21,Female,South Asian,21.7,Middle,Moderate,None,Never,5.4,Good,Low,Yes,No,Yes,No,Yes,No,No,None,117,77,50,30.9,79.7,0.8,165.5
33,Male,African,26.1,Low,Sedentary,Moderate,Never,9.7,Average,Low,Yes,No,No,No,No,Yes,No,None,118,96,69,32.6,77.0,0.7,139.7
43,Female,African,25.6,Low,Moderate,None,Never,6.0,Good,Low,No,No,No,No,No,No,No,Insulin,103,95,106,30.1,84.7,0.78,152.4
49,Male,African,28.7,Middle,Active,None,Former,7.4,Average,Moderate,Yes,No,No,No,No,No,No,Other,100,67,86,32.3,102.0,1.13,225.7
32,Female,South Asian,29.5,Middle,Sedentary,None,Never,6.3,Poor,Moderate,No,No,No,No,No,No,No,None,107,84,88,30.8,82.1,0.77,154.3
34,Female,African,28.5,Middle,Sedentary,Moderate,Never,7.9,Poor,Moderate,No,No,No,Yes,No,Yes,No,None,135,88,80,33.4,79.5,0.75,151.1
26,Female,South Asian,18.0,Middle,Sedentary,None,Never,7.0,Average,High,No,No,Yes,No,No,No,No,None,160,79,84,30.5,99.7,1.02,207.8
40,Male,South Asian,31.0,Middle,Moderate,None,Never,7.4,Average,Low,Yes,No,No,No,No,Yes,No,None,142,82,72,30.6,135.7,1.35,273.8
27,Female,Caucasian,32.6,Middle,Sedentary,None,Never,8.9,Average,Low,Yes,No,No,No,No,No,No,None,115,91,67,34.3,94.6,1.02,208.9
49,Female,Caucasian,22.6,Middle,Active,None,Never,7.7,Good,Low,No,No,No,No,No,No,No,None,126,83,90,33.3,81.7,0.83,162.5
18,Male,Caucasian,26.2,Middle,Moderate,None,Never,5.9,Good,Moderate,Yes,No,No,No,No,No,No,Metformin,120,87,64,31.2,84.5,0.79,162.0
35,Female,African,20.5,Middle,Active,None,Never,7.5,Average,High,No,No,Yes,No,No,No,No,None,118,94,80,30.8,100.6,0.98,192.9
45,Female,South Asian,18.0,Middle,Sedentary,Moderate,Current,10.0,Average,High,No,No,No,Yes,No,Yes,No,None,122,76,93,31.1,100.4,1.03,212.6
43,Female,South Asian,21.3,Low,Active,None,Never,7.8,Average,Moderate,Yes,No,No,Yes,No,No,No,None,124,88,85,32.4,94.4,0.94,193.5
80,Male,South Asian,22.3,Low,Sedentary,None,Never,7.2,Average,Moderate,No,Yes,No,No,No,No,No,Metformin,94,76,72,32.3,181.6,1.84,365.7
45,Male,African,23.2,Low,Sedentary,Heavy,Never,4.9,Average,High,No,No,No,No,No,No,No,Steroids,111,91,88,31.6,79.6,0.79,160.4
25,Female,Caucasian,20.2,High,Active,None,Current,8.1,Average,Moderate,No,No,No,No,No,No,No,None,119,74,77,33.7,126.5,1.34,270.5
39,Male,South Asian,21.3,Middle,Sedentary,Heavy,Current,8.3,Good,Low,No,Yes,No,No,No,No,No,Steroids,156,84,74,31.2,100.3,1.05,210.5
18,Male,African,24.9,Middle,Active,None,Never,7.5,Average,Moderate,Yes,No,No,No,No,No,No,None,130,78,82,30.1,121.3,1.2,238.4
39,Female,Caucasian,21.1,Low,Sedentary,None,Never,7.2,Poor,Moderate,No,No,No,No,No,Yes,No,None,137,86,66,34.7,77.9,0.84,170.8
28,Female,Caucasian,27.7,Low,Active,None,Never,10.0,Good,Moderate,Yes,No,No,No,No,Yes,No,None,118,72,61,32.9,70.0,0.7,139.5
54,Female,Caucasian,28.4,Middle,Moderate,None,Never,8.3,Average,Low,No,No,No,No,No,No,No,Metformin,142,77,73,31.8,99.2,1.04,205.6
32,Male,African,36.9,Middle,Moderate,None,Never,8.9,Good,Moderate,Yes,No,No,No,No,No,Yes,Metformin,124,79,68,32.2,114.2,1.17,226.3
38,Male,African,30.6,Low,Sedentary,None,Never,7.1,Good,Moderate,No,Yes,No,No,No,No,No,None,132,69,60,32.1,109.9,1.13,220.8
30,Male,South Asian,26.2,Middle,Sedentary,Moderate,Never,6.8,Average,Low,No,No,No,No,No,No,No,Steroids,123,74,75,30.4,90.4,0.89,172.6
66,Male,South Asian,21.9,Middle,Moderate,None,Never,7.9,Poor,Moderate,No,No,No,No,No,No,No,Steroids,128,64,70,32.0,74.7,0.73,147.4
35,Female,South Asian,26.5,Low,Moderate,None,Never,6.8,Good,Low,No,No,No,No,No,No,No,Metformin,113,84,65,32.4,85.1,0.8,160.6
67,Female,African,26.6,Middle,Sedentary,None,Current,6.9,Average,Moderate,No,No,No,No,No,No,No,None,147,88,75,32.4,88.2,0.85,161.6
52,Female,Hispanic,22.4,Middle,Sedentary,Moderate,Never,7.7,Average,Low,No,No,No,Yes,No,No,No,None,113,66,66,30.0,89.8,0.87,169.5
47,Male,Caucasian,28.9,Middle,Sedentary,None,Former,6.2,Average,High,No,No,No,No,No,No,Yes,None,106,68,87,32.2,79.3,0.89,176.2
46,Female,South Asian,18.0,Low,Sedentary,None,Never,7.3,Average,Low,No,No,No,No,No,No,No,None,122,70,93,32.5,87.2,0.84,174.0
46,Male,Hispanic,23.8,Low,Sedentary,Moderate,Never,7.1,Average,Moderate,No,No,No,No,No,No,No,Metformin,148,67,82,31.9,87.5,0.79,158.8
18,Male,Hispanic,27.8,Low,Active,Heavy,Current,8.5,Poor,Low,No,Yes,No,No,No,No,No,None,110,84,71,30.8,113.6,1.1,215.0
36,Female,Hispanic,23.6,Low,Sedentary,None,Never,6.1,Average,Low,No,No,No,No,No,No,No,None,117,73,79,33.3,97.3,1.02,198.4
53,Female,African,24.0,Middle,Sedentary,Heavy,Never,4.0,Poor,Moderate,No,No,No,No,No,No,No,Metformin,124,83,68,32.0,84.0,0.9,177.8
39,Female,Hispanic,24.3,Low,Active,None,Never,6.5,Poor,Low,Yes,No,No,Yes,No,No,No,Insulin,100,73,82,31.8,105.1,1.15,225.8
19,Male,South Asian,20.8,Middle,Sedentary,Heavy,Never,7.6,Poor,Moderate,No,No,No,No,No,No,Yes,None,99,77,82,31.8,137.6,1.4,277.5
39,Female,South Asian,30.9,Low,Moderate,Moderate,Never,8.4,Poor,Low,No,Yes,No,No,No,Yes,No,None,137,90,83,30.5,165.8,1.69,334.4
66,Female,South Asian,19.9,Middle,Moderate,Moderate,Never,6.0,Average,Moderate,Yes,No,No,Yes,Yes,No,No,None,121,68,71,34.0,159.7,1.68,352.7
59,Female,African,26.6,Middle,Moderate,Moderate,Never,7.8,Good,Moderate,Yes,Yes,Yes,No,Yes,Yes,No,None,104,74,82,33.1,103.4,1.06,216.9
39,Male,South Asian,27.1,Middle,Moderate,None,Never,8.7,Average,High,Yes,No,No,Yes,No,Yes,No,Insulin,115,84,80,31.3,77.4,0.81,174.7
54,Female,Caucasian,20.3,Low,Moderate,None,Never,8.1,Average,Moderate,No,Yes,No,Yes,No,Yes,No,None,112,77,78,30.1,112.3,1.05,213.5
35,Female,Caucasian,25.4,Low,Sedentary,None,Never,5.8,Average,High,No,Yes,No,Yes,No,No,No,None,120,82,76,32.5,125.5,1.24,250.1
18,Female,South Asian,20.5,Low,Moderate,None,Former,6.0,Poor,High,Yes,No,No,No,No,No,No,None,123,80,64,32.7,129.2,1.29,262.9
26,Male,Hispanic,32.0,Low,Moderate,None,Never,7.7,Good,Low,No,No,No,Yes,No,No,No,Insulin,90,65,79,32.1,96.1,0.95,183.9
63,Male,South Asian,19.3,Low,Sedentary,Heavy,Former,9.4,Average,High,No,No,No,No,No,No,No,Metformin,140,94,72,31.7,125.3,1.14,222.9
36,Male,South Asian,21.7,Low,Sedentary,None,Current,7.0,Average,Moderate,No,No,No,No,No,No,Yes,None,121,79,62,30.3,97.3,0.87,177.7
36,Male,Hispanic,18.9,Middle,Active,None,Never,6.8,Good,Low,Yes,No,No,No,No,No,No,None,110,96,68,32.6,86.3,0.9,179.0
36,Female,South Asian,18.2,High,Moderate,None,Never,4.9,Good,High,No,No,No,No,No,No,No,Metformin,133,83,79,30.3,118.6,1.11,217.2
69,Male,African,33.0,Low,Sedentary,Moderate,Never,6.5,Average,Low,No,No,No,Yes,No,No,No,None,104,93,70,32.3,69.7,0.64,129.4
64,Male,Hispanic,27.7,Middle,Active,None,Never,5.9,Good,Moderate,Yes,Yes,No,No,No,No,No,None,115,90,69,32.7,197.0,1.95,389.7
73,Male,Other,25.7,Low,Moderate,None,Former,7.0,Good,Moderate,No,No,No,No,No,No,No,None,102,92,54,31.7,135.6,1.37,276.3
38,Male,Hispanic,21.7,Middle,Active,Moderate,Never,4.7,Good,Moderate,Yes,No,No,No,No,No,No,None,131,78,86,31.7,103.3,1.12,225.0
44,Male,South Asian,29.5,Middle,Active,Moderate,Never,6.5,Poor,Moderate,No,No,No,No,No,No,Yes,None,138,98,64,30.0,72.4,0.68,136.9
18,Female,Caucasian,20.9,High,Sedentary,Moderate,Never,5.5,Good,Low,No,No,No,Yes,No,No,No,None,126,75,76,31.1,85.4,0.79,159.8
62,Female,South Asian,29.0,Low,Moderate,Moderate,Former,8.4,Average,Moderate,No,No,No,Yes,No,Yes,No,Metformin,117,84,70,31.5,134.2,1.32,263.6
22,Male,South Asian,20.6,Low,Moderate,None,Never,5.7,Average,Low,No,No,No,No,No,No,No,None,101,89,78,30.4,104.9,1.04,212.9
43,Male,South Asian,21.8,Low,Active,Moderate,Current,6.1,Average,Low,No,No,No,Yes,No,Yes,No,None,113,112,77,33.3,186.6,1.87,384.8
24,Male,South Asian,28.8,Middle,Moderate,None,Former,7.4,Poor,High,No,No,No,No,No,Yes,No,Insulin,123,91,73,31.2,99.0,0.93,189.3
31,Male,Hispanic,29.3,High,Sedentary,None,Never,6.3,Poor,Moderate,Yes,No,No,Yes,No,No,No,Steroids,111,75,78,31.5,96.8,1.02,207.8
27,Female,South Asian,28.0,Middle,Sedentary,None,Never,10.0,Average,Moderate,No,No,No,Yes,No,No,No,Other,113,83,75,33.8,78.2,0.82,168.5
31,Female,Caucasian,19.8,Middle,Sedentary,None,Never,8.4,Average,Low,No,No,No,No,No,No,No,Other,103,67,61,33.0,106.9,1.11,221.3
32,Female,Caucasian,22.8,Middle,Active,None,Never,7.0,Poor,Moderate,Yes,No,No,No,No,No,No,None,109,95,87,33.8,81.9,0.83,171.9
32,Female,Caucasian,25.8,Middle,Active,None,Current,7.6,Good,Low,Yes,No,No,Yes,No,No,No,Insulin,98,60,90,33.3,88.9,1.03,210.0
53,Male,Other,20.8,Middle,Sedentary,None,Never,4.0,Good,Moderate,No,No,No,Yes,No,Yes,No,None,124,78,66,32.7,145.8,1.45,293.4
23,Female,South Asian,31.9,Low,Moderate,None,Never,8.8,Average,Low,Yes,No,No,No,No,Yes,No,None,121,102,60,31.2,122.2,1.18,237.2
43,Female,African,18.0,Middle,Active,Moderate,Never,7.8,Good,Moderate,No,No,No,No,No,No,No,None,121,88,88,30.5,98.9,0.98,192.7
58,Female,Caucasian,21.1,Low,Sedentary,None,Never,6.9,Average,Moderate,No,Yes,No,Yes,No,No,No,Steroids,115,85,64,32.8,170.0,1.76,356.4
32,Male,South Asian,22.5,Low,Sedentary,Heavy,Never,7.8,Poor,High,No,Yes,No,No,No,No,No,None,111,68,88,31.5,118.5,1.16,223.7
29,Female,Caucasian,18.0,Low,Sedentary,None,Never,8.0,Average,Low,No,No,No,No,No,Yes,No,None,116,93,87,30.0,98.2,0.88,169.5
37,Female,Hispanic,18.0,Middle,Active,Moderate,Never,6.4,Average,Low,No,No,No,No,No,No,No,None,114,71,73,32.4,84.2,0.86,176.8
58,Female,South Asian,28.1,Middle,Moderate,Moderate,Never,7.6,Average,High,Yes,No,No,Yes,No,No,No,Insulin,122,71,73,32.2,107.5,1.12,230.3
43,Male,South Asian,25.2,Low,Sedentary,Heavy,Never,8.6,Average,Moderate,No,No,No,Yes,No,No,Yes,None,147,93,65,30.7,90.7,0.85,167.3
32,Female,South Asian,32.9,Middle,Sedentary,None,Never,7.7,Average,Moderate,No,Yes,No,No,No,No,No,Insulin,117,71,76,33.4,104.7,1.1,221.2
47,Female,Hispanic,32.7,Middle,Moderate,None,Never,6.6,Average,Moderate,No,No,No,No,No,No,No,Metformin,111,65,80,31.1,99.5,0.98,198.3
23,Female,African,27.2,High,Active,None,Never,7.4,Poor,Moderate,Yes,No,No,No,No,No,No,None,116,70,79,34.2,107.7,1.13,212.1
50,Female,Caucasian,26.6,Middle,Moderate,None,Never,9.1,Good,Low,Yes,Yes,No,No,No,No,No,Insulin,113,82,81,33.3,114.3,1.16,227.6
46,Female,Caucasian,25.3,Middle,Sedentary,None,Never,8.2,Average,Low,Yes,No,No,No,No,Yes,No,None,113,75,86,33.0,113.6,1.18,249.8
35,Male,Hispanic,18.0,Middle,Sedentary,Moderate,Never,5.3,Average,Moderate,No,Yes,No,Yes,No,No,No,Insulin,111,98,75,31.4,124.3,1.14,218.6
27,Female,Hispanic,18.0,Low,Active,None,Never,7.9,Good,High,No,No,No,Yes,No,No,No,None,130,80,103,32.2,93.1,0.91,183.2
27,Male,Hispanic,25.5,Low,Sedentary,None,Never,7.7,Good,Moderate,No,No,No,Yes,No,No,No,Metformin,130,68,79,32.3,81.1,0.86,176.9
48,Female,Hispanic,28.1,Middle,Sedentary,None,Never,8.7,Good,Moderate,Yes,No,No,No,No,No,Yes,Other,134,61,79,31.7,81.5,0.82,153.5
58,Male,African,26.4,Low,Active,None,Never,7.0,Poor,Low,No,No,No,Yes,No,Yes,No,None,137,89,79,32.0,82.7,0.78,155.3
30,Female,Caucasian,20.5,Low,Active,Heavy,Never,6.4,Good,Moderate,No,No,Yes,No,No,No,No,None,115,83,79,33.7,90.4,0.95,202.6
47,Female,Hispanic,29.7,Middle,Moderate,Moderate,Never,4.9,Average,High,No,No,No,No,No,Yes,Yes,Steroids,96,86,79,31.3,84.5,0.82,166.6
18,Female,Other,32.4,Low,Moderate,None,Never,6.0,Good,High,No,No,No,Yes,No,No,No,None,150,76,85,32.5,166.0,1.53,308.7
31,Female,South Asian,29.7,Low,Sedentary,None,Former,8.8,Good,Moderate,No,No,No,No,Yes,No,No,Other,90,82,50,31.4,173.2,1.73,342.6
40,Female,South Asian,29.9,Middle,Sedentary,Heavy,Never,7.3,Average,Moderate,Yes,Yes,No,Yes,No,No,No,Metformin,115,92,73,30.4,105.6,1.01,204.1
26,Female,Other,22.2,Middle,Sedentary,None,Never,6.9,Average,Moderate,No,No,No,No,No,No,No,Metformin,99,80,59,33.1,108.5,1.07,210.7
26,Male,South Asian,30.4,Middle,Moderate,Moderate,Never,8.9,Average,Moderate,Yes,No,No,No,No,No,Yes,Insulin,126,69,89,32.4,100.0,0.99,202.0
30,Male,Hispanic,25.7,Middle,Sedentary,Heavy,Never,8.6,Average,Moderate,No,No,No,No,No,No,No,None,106,87,61,33.0,83.8,0.81,163.9
44,Male,South Asian,27.6,Middle,Active,None,Never,5.9,Average,Moderate,No,No,No,Yes,No,No,No,Metformin,137,77,67,31.0,110.7,1.05,210.9
37,Male,South Asian,26.8,Low,Sedentary,None,Never,8.8,Average,Low,No,No,No,No,No,Yes,Yes,None,123,90,68,31.4,102.9,0.95,188.9
18,Female,South Asian,24.4,Low,Moderate,None,Never,4.5,Average,Low,Yes,No,No,No,No,No,No,None,143,80,63,32.4,129.7,1.26,253.4
18,Female,South Asian,20.7,Low,Moderate,Heavy,Current,7.7,Good,Low,No,Yes,No,No,No,Yes,No,None,122,89,72,32.8,117.6,1.23,243.7
31,Female,South Asian,24.6,Middle,Moderate,None,Never,7.5,Average,Low,Yes,No,No,No,Yes,No,No,None,137,85,54,33.2,149.5,1.53,316.4
47,Male,Caucasian,29.9,Middle,Sedentary,None,Current,8.7,Good,Low,No,No,No,No,No,No,No,None,104,93,90,31.9,110.4,1.07,216.0
18,Male,African,22.8,Middle,Active,Moderate,Current,7.6,Good,Low,No,No,No,Yes,No,No,No,Steroids,135,90,79,32.5,79.5,0.87,162.4
33,Female,Other,29.5,Middle,Sedentary,Moderate,Current,6.6,Good,Low,Yes,No,No,No,No,No,No,Steroids,118,67,67,33.8,94.8,0.97,191.1
32,Female,Caucasian,28.7,Low,Moderate,None,Current,6.8,Good,Low,No,No,No,No,No,No,No,None,124,61,81,31.6,77.4,0.66,132.3
61,Male,Caucasian,23.5,Middle,Moderate,None,Never,10.0,Average,Moderate,No,No,No,Yes,No,No,No,Other,134,79,78,32.3,121.6,1.18,238.5
34,Female,Caucasian,31.9,Middle,Sedentary,None,Never,7.1,Average,Moderate,No,No,No,No,No,Yes,No,Steroids,126,86,66,31.9,100.2,1.0,201.2
46,Female,Caucasian,23.2,Middle,Moderate,None,Never,7.9,Good,High,No,No,No,No,Yes,No,No,None,108,73,82,32.2,114.4,1.16,229.3
42,Male,Caucasian,32.5,Middle,Moderate,None,Never,4.0,Average,Moderate,No,Yes,No,No,No,No,Yes,None,113,84,73,33.4,125.0,1.27,256.9
18,Female,South Asian,27.2,High,Active,Moderate,Never,5.8,Average,Low,No,No,No,No,No,No,No,None,104,84,86,31.4,81.0,0.82,158.2
52,Male,South Asian,24.9,Middle,Active,None,Current,7.8,Good,Moderate,No,No,No,No,No,No,No,None,131,79,70,31.2,99.2,1.01,203.8
43,Female,South Asian,20.6,High,Sedentary,None,Never,4.6,Good,High,No,No,No,No,No,No,No,None,115,74,61,32.9,85.1,0.89,173.3
48,Male,South Asian,24.6,Low,Sedentary,None,Never,7.8,Average,Moderate,Yes,Yes,No,No,No,No,No,None,113,70,85,33.5,124.4,1.3,268.4
80,Male,African,24.0,Low,Sedentary,None,Former,5.9,Average,Low,Yes,No,No,No,No,No,No,None,123,105,73,30.5,100.0,0.93,189.8
18,Female,South Asian,18.7,Low,Active,Moderate,Never,5.4,Average,High,Yes,No,No,No,No,Yes,No,Other,116,60,75,31.7,126.2,1.28,252.8
66,Male,Hispanic,23.9,Low,Sedentary,Moderate,Never,5.9,Average,Low,Yes,No,No,Yes,No,No,No,None,138,68,78,32.3,115.7,1.19,240.0
36,Female,Other,21.0,Middle,Moderate,Moderate,Never,9.3,Good,High,No,No,No,Yes,No,No,No,None,132,106,65,32.0,97.6,1.01,197.8
44,Male,Other,27.9,Middle,Moderate,Moderate,Current,7.5,Good,High,Yes,No,No,Yes,No,Yes,No,Insulin,131,70,72,32.1,80.5,0.81,172.4
39,Male,Other,31.5,Middle,Moderate,Moderate,Never,5.6,Average,Moderate,No,No,No,No,No,No,No,None,114,74,70,32.1,108.0,1.04,203.0
34,Male,South Asian,18.9,High,Sedentary,None,Former,8.2,Average,Moderate,No,No,No,No,No,No,No,Steroids,131,87,71,31.3,86.0,0.86,165.2
31,Female,Caucasian,33.6,High,Sedentary,None,Never,8.2,Good,Low,No,No,No,No,No,No,No,Steroids,128,85,87,30.0,162.6,1.59,317.8
45,Female,South Asian,24.4,Low,Sedentary,Moderate,Current,6.4,Poor,Moderate,No,No,No,No,No,No,No,None,102,84,67,32.0,82.8,0.84,169.9
18,Male,Hispanic,20.1,Middle,Sedentary,None,Never,8.4,Average,Moderate,No,Yes,No,Yes,No,No,No,None,116,95,67,31.8,113.0,1.06,213.4
51,Female,Hispanic,28.8,Middle,Sedentary,None,Former,8.5,Average,Moderate,No,No,No,No,No,No,No,None,117,70,89,30.5,84.3,0.74,146.7
34,Female,Hispanic,22.8,Middle,Sedentary,None,Current,8.3,Good,Low,Yes,Yes,No,Yes,No,No,No,Metformin,142,82,65,31.3,117.6,1.23,242.1
23,Female,Caucasian,24.6,Middle,Moderate,None,Never,6.0,Good,Low,Yes,Yes,No,No,No,No,No,Insulin,114,79,76,32.9,113.8,1.22,245.8
33,Male,Hispanic,23.0,Low,Sedentary,None,Never,5.2,Average,Moderate,No,No,No,No,No,No,No,Metformin,127,71,82,31.8,85.6,0.81,165.3
59,Female,South Asian,20.9,Middle,Sedentary,Moderate,Never,4.5,Good,Moderate,Yes,No,No,Yes,Yes,No,No,Metformin,140,81,82,32.2,126.1,1.28,249.2
32,Male,South Asian,28.6,Middle,Sedentary,None,Never,6.0,Good,Moderate,No,Yes,No,No,No,No,No,None,106,86,61,30.9,147.9,1.43,282.2
45,Male,Hispanic,23.6,Middle,Sedentary,Heavy,Current,6.4,Average,Moderate,No,No,No,No,No,No,No,Steroids,124,86,68,32.6,111.1,1.17,235.0
29,Male,Caucasian,18.0,High,Sedentary,None,Never,6.6,Poor,Moderate,No,No,No,Yes,No,No,No,Metformin,150,91,58,34.2,88.5,0.94,191.0
51,Male,Other,27.8,Middle,Sedentary,None,Current,6.9,Good,Moderate,Yes,No,No,Yes,No,Yes,No,Insulin,96,80,83,32.5,98.7,1.01,197.4
50,Male,South Asian,19.0,Low,Moderate,None,Former,9.6,Average,Moderate,No,No,No,No,No,No,No,None,111,70,85,32.4,99.8,0.96,195.0
68,Female,Hispanic,19.2,Low,Sedentary,None,Never,6.5,Average,Moderate,Yes,No,Yes,Yes,No,No,No,None,124,66,85,32.3,89.8,0.9,180.7
37,Male,Caucasian,31.0,Low,Active,Moderate,Never,6.9,Poor,High,No,No,No,Yes,No,No,No,None,125,75,75,31.3,99.5,0.96,199.4
50,Male,Hispanic,19.0,Low,Sedentary,None,Never,4.3,Average,Moderate,No,No,No,No,No,No,No,None,122,66,73,33.0,82.2,0.84,177.0
41,Female,Hispanic,18.0,Middle,Active,None,Never,10.0,Average,High,No,Yes,No,No,Yes,No,No,None,128,73,69,31.9,199.2,2.0,402.4
59,Male,Other,28.1,Low,Active,None,Never,5.0,Average,Moderate,No,No,No,Yes,No,No,No,None,139,68,60,33.7,71.3,0.79,154.5
29,Male,South Asian,23.5,High,Moderate,None,Never,5.9,Poor,Low,No,No,No,No,No,No,No,None,121,73,80,33.8,88.6,0.92,191.6
51,Male,Other,23.9,Middle,Active,None,Current,8.0,Average,Moderate,Yes,No,No,No,No,No,No,Metformin,119,98,65,31.5,73.0,0.69,128.9
37,Female,South Asian,23.4,Low,Sedentary,None,Never,7.4,Good,Low,No,No,No,No,No,No,No,None,129,79,55,32.8,98.7,1.03,210.6
39,Male,South Asian,26.2,Middle,Sedentary,None,Never,9.5,Poor,High,No,No,No,No,No,No,No,None,150,96,88,31.4,118.6,1.16,228.9
41,Male,Caucasian,21.2,Middle,Sedentary,Moderate,Never,8.1,Good,Moderate,No,No,No,No,No,No,No,Metformin,129,84,69,33.2,88.7,0.89,176.3
44,Female,Hispanic,32.4,Middle,Sedentary,Moderate,Former,6.9,Poor,Moderate,No,Yes,No,No,No,No,No,Insulin,136,74,77,31.1,118.6,1.15,229.1
38,Female,Caucasian,18.0,Middle,Sedentary,None,Never,8.6,Average,Moderate,Yes,No,No,No,No,No,No,Insulin,96,79,74,32.2,70.1,0.74,152.5
43,Female,Hispanic,27.2,Low,Moderate,None,Never,8.7,Average,Low,No,No,No,No,No,No,No,Steroids,117,63,86,32.5,127.1,1.28,259.3
64,Female,African,28.2,Middle,Sedentary,Moderate,Current,6.0,Average,Moderate,Yes,No,Yes,Yes,No,Yes,No,Insulin,102,77,60,32.8,126.0,1.29,254.0
55,Male,South Asian,21.2,Middle,Sedentary,Moderate,Current,8.4,Average,Moderate,No,No,No,Yes,No,No,No,Metformin,120,67,83,31.0,84.8,0.8,156.6
53,Male,Other,19.9,Middle,Sedentary,None,Former,6.7,Average,High,No,No,No,No,No,No,No,Metformin,141,86,75,32.5,99.6,0.98,197.1
33,Male,South Asian,30.1,Middle,Moderate,None,Current,6.8,Poor,Moderate,Yes,No,No,No,No,No,No,Steroids,101,76,80,32.2,169.9,1.7,333.6
27,Male,Hispanic,20.0,Low,Active,None,Never,7.2,Good,Moderate,No,No,No,No,No,No,No,None,146,77,71,30.9,92.7,0.85,168.3
54,Male,South Asian,22.0,Low,Moderate,None,Current,6.4,Average,High,No,No,No,Yes,No,Yes,No,None,120,76,71,33.2,77.7,0.73,140.2
53,Male,Caucasian,29.4,Middle,Sedentary,None,Never,6.3,Good,Low,No,No,No,No,No,No,No,Insulin,133,89,84,33.6,85.4,0.86,175.7
62,Female,Caucasian,25.2,High,Sedentary,None,Never,8.5,Good,Low,No,Yes,No,Yes,No,No,No,None,135,71,68,32.1,124.9,1.25,248.1
31,Female,South Asian,18.0,Middle,Moderate,Moderate,Current,4.7,Good,Low,Yes,No,No,No,No,No,No,Metformin,150,70,70,31.9,168.0,1.65,333.9
37,Male,South Asian,33.7,Low,Sedentary,None,Never,5.4,Average,High,No,No,No,No,No,No,No,None,129,83,73,31.6,117.2,1.22,251.8
18,Female,South Asian,22.3,Low,Active,None,Never,8.0,Poor,Low,No,No,No,No,No,No,No,Metformin,107,91,61,34.5,99.9,0.96,183.6
34,Male,South Asian,23.0,Low,Sedentary,Moderate,Never,6.9,Good,Moderate,No,Yes,No,No,No,No,No,None,135,83,72,32.9,155.6,1.52,292.7
55,Male,South Asian,26.3,Low,Sedentary,Moderate,Never,8.5,Poor,Moderate,No,No,No,Yes,No,No,Yes,None,90,102,73,31.3,99.5,0.97,191.1
33,Female,Caucasian,28.1,Middle,Active,None,Never,7.5,Average,Low,No,Yes,Yes,No,No,No,No,None,106,71,82,30.4,112.4,0.98,198.7
50,Male,Hispanic,34.8,Middle,Active,None,Former,5.0,Good,High,No,No,No,No,No,No,No,None,111,60,70,31.6,113.2,1.1,220.5
37,Male,Caucasian,18.0,Low,Moderate,None,Current,7.1,Average,Moderate,No,No,No,Yes,No,No,No,None,90,85,56,31.6,75.0,0.67,129.7
45,Male,Hispanic,29.1,Low,Sedentary,None,Never,7.8,Poor,Moderate,Yes,No,No,No,No,No,Yes,None,145,78,75,32.3,120.4,1.19,241.2
23,Female,African,28.7,Low,Moderate,None,Former,7.4,Average,Low,Yes,No,No,No,No,No,No,Metformin,140,85,70,32.0,106.2,1.11,220.8
41,Female,African,24.3,Middle,Sedentary,None,Never,6.3,Good,Moderate,Yes,No,No,No,No,No,No,None,127,89,63,33.1,70.3,0.78,156.6
18,Male,African,28.9,Middle,Sedentary,None,Never,6.6,Good,Moderate,No,No,No,No,No,No,Yes,Metformin,135,65,78,30.0,80.3,0.75,153.0
37,Female,Caucasian,29.7,High,Sedentary,Moderate,Former,6.2,Good,Moderate,No,No,No,No,Yes,No,No,Other,125,77,79,32.5,115.9,1.14,230.3
18,Female,African,18.1,Middle,Moderate,None,Current,5.0,Good,Moderate,No,No,No,No,No,No,No,None,133,86,81,32.9,70.4,0.7,143.0
58,Female,South Asian,33.7,Low,Moderate,None,Never,4.8,Poor,Low,No,No,No,Yes,No,No,No,Steroids,139,83,79,30.2,103.1,0.96,188.3
52,Female,Hispanic,18.0,Low,Sedentary,None,Never,7.6,Average,High,No,No,No,No,No,No,No,None,98,78,82,31.1,150.2,1.5,297.9
47,Male,Hispanic,19.3,Middle,Active,Moderate,Never,5.7,Average,Moderate,Yes,No,No,Yes,No,Yes,No,None,134,87,78,31.5,87.7,0.88,179.0
63,Male,South Asian,23.7,Middle,Sedentary,Moderate,Current,7.9,Poor,Moderate,No,No,No,No,No,No,No,None,137,90,95,32.5,116.5,1.18,226.1
26,Female,Hispanic,34.6,Middle,Sedentary,Moderate,Never,6.1,Average,Low,No,No,No,Yes,No,No,No,None,111,60,90,31.6,123.7,1.29,256.2
66,Female,South Asian,23.5,Middle,Moderate,Heavy,Never,5.0,Poor,Moderate,Yes,No,No,Yes,No,No,No,Insulin,117,96,77,32.0,168.8,1.76,349.9
54,Female,South Asian,24.8,Middle,Active,None,Current,6.4,Average,Low,Yes,Yes,No,No,No,Yes,No,None,108,68,58,31.2,100.9,0.9,181.1
36,Female,South Asian,32.2,Low,Active,None,Never,10.0,Poor,Moderate,Yes,No,No,No,No,No,No,None,125,86,94,32.1,103.6,1.06,215.4
57,Female,Hispanic,23.5,Middle,Moderate,None,Current,6.9,Average,Moderate,Yes,No,No,No,No,No,No,Metformin,126,77,72,31.4,105.1,1.08,215.4
23,Female,Hispanic,19.1,Middle,Sedentary,None,Current,8.0,Good,High,No,No,Yes,Yes,No,No,No,None,123,93,81,31.1,89.9,0.89,179.2
28,Female,Hispanic,22.9,Low,Active,None,Never,7.3,Average,High,No,Yes,No,No,No,No,No,Insulin,109,87,80,32.1,113.1,1.13,220.2
31,Female,South Asian,31.9,Middle,Active,None,Never,4.9,Poor,Moderate,No,Yes,No,No,No,No,No,Other,141,86,74,32.9,103.7,1.04,202.4
32,Female,Caucasian,25.4,Middle,Sedentary,None,Never,9.2,Average,Moderate,No,No,No,No,Yes,No,No,Steroids,111,82,70,32.3,103.7,1.06,214.0
24,Male,African,34.7,Low,Moderate,None,Current,6.6,Good,Moderate,No,No,No,No,No,No,No,None,128,75,72,31.8,91.1,0.96,193.5
58,Male,South Asian,28.7,Middle,Moderate,Heavy,Never,5.0,Average,Low,No,No,No,No,No,Yes,No,None,132,70,50,33.0,95.1,1.1,220.2
36,Female,African,21.8,Low,Sedentary,None,Former,6.2,Average,High,No,No,No,Yes,No,No,No,None,94,66,63,31.5,99.5,0.97,193.0
45,Female,South Asian,25.3,Low,Active,None,Never,6.7,Poor,Moderate,Yes,No,Yes,No,No,No,No,None,125,74,70,31.9,125.1,1.22,246.6
31,Female,South Asian,20.7,Low,Sedentary,None,Never,8.1,Average,Moderate,Yes,No,No,Yes,No,No,No,Insulin,139,89,76,33.2,80.6,0.81,168.2
18,Female,Caucasian,21.7,Low,Moderate,Moderate,Never,6.0,Average,High,No,No,No,Yes,No,Yes,Yes,Metformin,120,70,81,31.6,82.0,0.72,155.2
44,Male,African,40.0,Low,Sedentary,Moderate,Never,10.0,Average,High,Yes,No,No,No,No,No,No,None,133,92,69,31.5,118.5,1.08,216.8
18,Male,South Asian,30.1,Low,Moderate,None,Never,5.6,Average,Moderate,No,No,No,No,No,No,No,None,110,70,82,32.7,100.5,0.99,199.2
39,Female,South Asian,29.3,Middle,Moderate,None,Never,7.9,Good,Moderate,No,Yes,No,No,No,No,No,Metformin,136,78,73,31.0,93.2,0.85,170.5
19,Male,South Asian,21.9,Low,Sedentary,Moderate,Never,4.0,Poor,High,No,No,No,Yes,No,No,No,Steroids,103,85,71,33.2,111.4,1.14,229.2
70,Male,South Asian,32.8,Middle,Sedentary,None,Never,6.8,Good,Moderate,No,No,No,Yes,No,No,No,None,120,90,76,30.1,77.4,0.72,139.0
54,Male,South Asian,30.5,Low,Active,Heavy,Never,7.6,Poor,High,No,No,No,Yes,No,No,No,Metformin,139,76,82,32.1,81.6,0.79,159.1
42,Male,South Asian,34.4,Middle,Moderate,None,Never,5.3,Average,Low,No,No,No,Yes,No,No,No,Other,138,85,73,31.3,159.5,1.55,310.3
59,Female,African,34.2,Low,Moderate,None,Never,9.2,Average,Moderate,Yes,No,Yes,Yes,No,No,No,None,101,82,79,32.3,126.3,1.21,249.9
27,Male,Caucasian,18.0,Low,Sedentary,Moderate,Never,7.7,Good,Moderate,No,No,No,No,No,No,No,None,117,78,82,33.5,72.9,0.65,122.3
48,Female,Hispanic,19.5,Low,Sedentary,None,Former,6.5,Poor,Moderate,Yes,No,No,No,No,No,No,Metformin,111,70,80,30.8,77.4,0.76,141.1
43,Male,African,20.0,High,Moderate,None,Never,7.6,Average,High,No,No,No,No,No,No,No,None,138,84,68,30.6,110.1,1.06,205.9
44,Female,South Asian,20.3,Middle,Active,None,Current,6.1,Poor,Moderate,No,No,No,No,No,No,No,Metformin,119,80,70,33.2,114.7,1.09,214.8
59,Male,South Asian,26.6,Low,Sedentary,Moderate,Never,8.9,Average,High,Yes,No,No,No,No,No,No,None,122,77,81,31.8,117.9,1.14,229.7
51,Female,Hispanic,22.2,Low,Moderate,None,Current,8.5,Average,Moderate,No,No,No,Yes,No,No,No,None,127,81,74,31.9,116.8,1.14,228.6
44,Female,South Asian,35.4,Low,Sedentary,None,Never,7.6,Poor,Low,Yes,No,Yes,No,No,No,No,None,102,86,67,31.7,124.5,1.35,270.4
18,Male,South Asian,34.5,Low,Sedentary,None,Never,7.9,Good,Low,No,No,No,No,No,No,Yes,None,124,63,75,31.6,116.2,1.15,226.1
26,Female,South Asian,25.0,Middle,Moderate,Moderate,Never,4.8,Good,Low,No,No,No,No,No,No,No,None,105,75,83,31.1,119.4,1.21,255.8
38,Female,African,34.8,Middle,Sedentary,None,Never,9.2,Average,Moderate,No,Yes,No,No,No,Yes,No,None,113,70,84,31.8,125.4,1.18,238.8
41,Male,Caucasian,32.4,Middle,Sedentary,None,Never,6.9,Average,Low,No,Yes,No,No,No,No,No,None,113,71,85,31.2,126.0,1.27,245.4
23,Male,Other,22.7,Low,Moderate,None,Former,8.5,Average,Moderate,No,Yes,No,No,No,No,No,None,127,72,75,33.0,125.1,1.22,249.3
76,Female,Hispanic,18.0,Middle,Sedentary,Moderate,Never,8.1,Good,Moderate,No,No,No,Yes,No,No,No,None,108,91,79,31.4,121.6,1.2,240.9
63,Female,Caucasian,23.9,Low,Moderate,Moderate,Never,8.5,Average,Low,Yes,No,No,Yes,No,No,No,None,113,83,86,33.3,72.5,0.73,142.7
49,Male,South Asian,21.8,Low,Moderate,None,Former,5.4,Poor,Low,No,No,No,No,No,No,No,Other,125,69,69,32.7,74.1,0.78,149.3
41,Male,South Asian,26.0,Middle,Moderate,Moderate,Never,5.6,Good,Moderate,Yes,No,No,No,No,No,Yes,None,141,82,85,31.0,99.0,1.03,206.6
37,Female,South Asian,25.4,Low,Sedentary,None,Never,10.0,Poor,Moderate,No,Yes,No,No,No,No,No,Steroids,127,84,82,30.9,110.4,1.04,211.7
26,Female,South Asian,25.3,Middle,Sedentary,None,Never,4.7,Poor,High,No,No,No,No,No,No,No,None,137,76,82,31.8,72.5,0.82,164.5
41,Female,South Asian,27.6,Middle,Moderate,Moderate,Never,5.4,Good,Moderate,No,No,Yes,Yes,No,No,No,None,90,67,58,31.3,107.0,1.08,219.2
44,Male,South Asian,18.9,Low,Sedentary,None,Never,7.1,Poor,High,Yes,Yes,No,No,No,No,No,None,142,69,70,31.3,125.1,1.21,252.3
21,Female,South Asian,27.1,Middle,Active,Moderate,Never,7.1,Poor,Low,No,No,No,No,No,No,Yes,None,107,64,69,32.8,98.6,0.93,172.0
45,Male,South Asian,22.8,Low,Moderate,Heavy,Never,6.2,Average,Moderate,Yes,No,No,No,No,No,No,Steroids,111,101,89,32.3,143.8,1.47,303.0
38,Male,Other,26.0,Low,Sedentary,None,Never,7.9,Good,High,No,No,No,No,No,No,No,Other,149,63,66,33.2,87.6,0.88,177.6
18,Female,Caucasian,29.8,Middle,Moderate,None,Never,8.4,Poor,High,No,No,No,No,No,No,No,None,123,67,64,30.9,110.5,1.09,218.8
27,Female,Other,18.9,Middle,Active,Moderate,Current,7.0,Average,Moderate,No,Yes,No,Yes,No,No,No,None,109,80,63,30.2,121.5,1.2,246.7
34,Male,South Asian,23.6,Low,Sedentary,None,Current,6.6,Average,Moderate,No,No,No,No,No,No,Yes,None,111,62,71,31.3,110.3,1.07,208.5
68,Male,Caucasian,24.4,Middle,Sedentary,None,Never,7.0,Average,Low,No,No,No,Yes,No,No,No,Metformin,99,68,79,33.1,81.7,0.83,169.7
48,Female,South Asian,22.4,High,Active,None,Never,6.3,Good,Low,No,No,No,No,No,No,No,None,120,81,93,31.4,84.0,0.83,169.4
20,Female,South Asian,29.5,Low,Sedentary,None,Never,4.5,Average,Low,Yes,No,No,No,No,No,No,Steroids,115,82,71,33.6,100.6,1.07,212.4
47,Female,South Asian,21.4,Middle,Sedentary,Moderate,Never,7.5,Good,Low,No,No,No,No,No,No,No,None,130,84,67,31.5,86.1,0.81,154.9
18,Female,Other,22.2,Middle,Sedentary,None,Never,8.1,Average,Moderate,No,No,No,No,No,No,No,None,146,87,91,32.6,97.1,1.02,201.9
56,Male,Other,21.5,High,Sedentary,Moderate,Never,6.8,Average,Low,Yes,No,No,No,No,No,No,None,101,80,92,32.0,93.5,0.96,191.8
33,Other,South Asian,30.5,Low,Moderate,Moderate,Never,4.0,Average,Moderate,Yes,No,No,No,No,No,No,Metformin,129,73,57,30.0,99.8,0.95,195.0
39,Female,South Asian,22.5,Middle,Moderate,None,Current,6.1,Good,High,Yes,No,No,No,Yes,No,No,Insulin,97,85,70,31.3,101.1,0.93,179.6
60,Female,Caucasian,27.3,Low,Active,None,Current,8.4,Average,Moderate,Yes,No,No,Yes,No,No,No,None,127,94,77,32.5,118.0,1.19,239.7
21,Female,South Asian,34.9,Middle,Moderate,Moderate,Current,4.8,Good,Low,Yes,No,No,Yes,No,No,No,None,102,86,77,32.0,99.3,0.9,178.0
19,Female,South Asian,24.6,Middle,Active,Moderate,Never,8.0,Good,Moderate,Yes,Yes,Yes,Yes,No,No,No,None,100,71,97,31.6,106.4,1.01,199.6
31,Male,South Asian,30.6,Low,Sedentary,None,Current,6.3,Good,High,Yes,Yes,No,No,No,No,No,None,158,86,69,31.8,112.0,1.16,224.8
56,Male,Caucasian,33.4,Low,Sedentary,None,Never,7.0,Good,Low,No,No,No,Yes,No,No,No,None,152,86,64,32.2,69.9,0.66,131.8
18,Female,South Asian,30.1,Middle,Active,None,Never,6.0,Average,High,No,No,No,No,No,Yes,No,Metformin,109,68,67,30.0,107.1,0.99,195.2
18,Male,South Asian,24.9,Middle,Sedentary,None,Current,5.3,Poor,Low,No,No,No,No,No,Yes,No,None,149,78,86,31.4,77.3,0.75,144.7
33,Male,South Asian,28.2,Low,Moderate,None,Current,9.2,Average,Moderate,Yes,No,No,No,No,No,No,Metformin,119,86,75,31.2,134.2,1.23,256.5
48,Female,Caucasian,18.6,Middle,Sedentary,Moderate,Former,8.2,Average,Low,No,No,No,No,Yes,No,No,Insulin,99,92,91,32.7,200.3,1.96,392.6
58,Female,Other,21.1,Middle,Moderate,None,Never,8.0,Average,Moderate,No,No,No,Yes,No,No,No,None,130,74,81,32.8,93.3,0.95,185.2
33,Male,South Asian,22.0,Low,Active,Heavy,Never,8.4,Average,Moderate,No,No,No,No,No,No,No,Insulin,134,65,68,32.2,108.2,1.03,209.3
34,Female,Hispanic,36.2,Low,Sedentary,Moderate,Former,7.8,Average,Moderate,No,No,No,Yes,No,No,No,None,131,85,84,32.1,173.4,1.88,381.0
57,Female,Hispanic,20.9,High,Sedentary,None,Current,8.4,Average,Moderate,No,No,No,No,Yes,Yes,No,None,95,78,87,30.0,104.3,0.99,198.9
18,Female,Other,20.9,Low,Sedentary,None,Former,6.0,Average,High,No,No,No,No,No,No,No,Insulin,103,82,90,31.1,100.5,0.93,189.5
34,Female,Hispanic,19.8,Low,Sedentary,Moderate,Never,9.1,Average,Low,Yes,No,Yes,No,No,No,Yes,None,134,82,61,31.6,113.8,1.13,227.2
43,Male,African,27.8,Low,Sedentary,Moderate,Never,8.9,Poor,Moderate,No,No,No,No,No,No,No,None,103,81,78,31.9,192.2,1.98,394.5
47,Male,Hispanic,25.7,Middle,Moderate,Heavy,Never,7.6,Good,Low,Yes,No,No,No,No,No,No,None,135,76,64,32.0,92.3,0.96,184.0
32,Male,South Asian,30.4,Low,Sedentary,None,Current,6.6,Average,Moderate,No,Yes,No,No,No,No,No,Metformin,115,89,72,30.1,119.5,1.19,248.8
41,Female,Caucasian,28.4,Middle,Sedentary,None,Never,5.2,Good,Moderate,Yes,No,No,No,No,No,Yes,Other,95,72,73,33.0,75.9,0.7,143.0
18,Female,Other,18.1,Middle,Sedentary,Heavy,Never,7.3,Good,Low,No,Yes,No,No,No,No,No,Steroids,100,83,78,31.0,137.4,1.32,261.5
30,Female,Hispanic,21.0,Low,Moderate,None,Current,9.5,Good,Low,Yes,No,No,Yes,Yes,No,No,Other,127,84,80,30.0,76.5,0.73,141.9
47,Female,Other,31.8,Middle,Sedentary,Moderate,Never,5.3,Average,High,No,No,No,No,No,No,No,Metformin,128,78,69,32.8,89.8,0.98,191.9
25,Female,Hispanic,24.0,Middle,Moderate,None,Current,8.5,Good,Low,Yes,Yes,No,No,No,No,No,None,143,88,87,31.1,101.1,1.01,201.5
41,Female,Hispanic,30.9,Middle,Active,Moderate,Current,6.3,Poor,Moderate,No,No,No,Yes,No,Yes,No,None,120,75,88,32.7,82.3,0.93,187.4
47,Male,African,24.3,Low,Sedentary,None,Never,6.4,Average,Moderate,Yes,No,No,No,No,No,No,Steroids,117,103,77,30.3,87.9,0.79,161.0
35,Male,Hispanic,20.2,Middle,Sedentary,Moderate,Never,5.2,Average,Low,No,No,No,Yes,No,No,No,None,147,82,92,31.6,98.7,0.97,197.0
43,Female,Caucasian,23.5,Low,Moderate,None,Former,5.9,Average,Low,No,No,No,No,No,No,No,None,107,92,74,31.0,93.1,0.95,182.3
26,Male,Other,20.2,Low,Sedentary,Heavy,Never,8.0,Good,Moderate,No,No,No,No,No,No,No,Insulin,116,89,56,32.4,70.6,0.73,147.7
37,Male,Hispanic,22.2,High,Sedentary,None,Never,8.2,Average,Low,No,No,No,No,No,No,No,None,127,94,66,31.1,83.1,0.77,157.2
49,Female,Hispanic,26.0,Low,Moderate,None,Never,7.4,Average,High,No,Yes,No,No,No,No,No,Metformin,107,81,71,32.4,100.2,1.0,192.8
42,Male,African,27.6,Middle,Sedentary,None,Never,6.2,Average,High,Yes,Yes,No,No,No,No,Yes,None,127,91,84,31.6,113.5,1.21,241.4
31,Female,South Asian,18.0,Low,Sedentary,Moderate,Never,5.3,Average,Moderate,Yes,No,No,No,No,No,No,None,120,95,65,31.3,103.6,1.02,205.4
43,Male,South Asian,24.9,Low,Active,None,Never,7.1,Average,Low,No,No,No,No,No,Yes,No,None,137,83,74,32.9,97.7,1.04,206.4
51,Male,Other,22.1,Middle,Sedentary,None,Never,6.5,Average,Moderate,No,No,No,No,No,No,No,Steroids,114,73,100,34.0,82.9,0.84,165.9
18,Male,Caucasian,21.8,Low,Active,None,Never,7.3,Average,Low,No,Yes,No,No,No,No,No,None,110,98,77,31.6,103.1,1.07,209.8
57,Female,South Asian,25.7,Middle,Sedentary,None,Never,6.5,Average,Moderate,No,No,No,No,No,No,No,None,149,80,91,31.2,70.0,0.71,142.5
35,Male,South Asian,22.2,Middle,Active,None,Never,6.6,Average,Low,Yes,No,No,No,No,No,No,Steroids,133,81,63,31.9,103.5,0.94,192.3
46,Female,Hispanic,31.9,Low,Moderate,None,Former,7.2,Average,Moderate,Yes,No,No,No,No,No,No,None,136,83,55,32.1,158.4,1.67,335.4
58,Female,Hispanic,30.9,Middle,Sedentary,Moderate,Never,7.5,Average,Low,No,No,No,Yes,No,No,No,Metformin,133,72,59,30.2,112.8,1.0,206.4
19,Female,Hispanic,30.9,Low,Moderate,None,Current,8.8,Poor,Moderate,No,No,No,No,No,No,No,None,110,83,86,31.0,100.4,0.95,188.5
29,Male,African,22.5,Low,Active,Moderate,Never,6.5,Poor,Low,No,No,No,Yes,No,No,No,Other,106,83,73,30.5,88.0,0.84,170.9
36,Male,South Asian,20.2,Middle,Sedentary,Moderate,Never,7.8,Average,Moderate,Yes,No,No,No,No,Yes,No,None,106,80,72,30.8,88.0,0.94,198.7
28,Female,South Asian,25.4,Low,Moderate,Heavy,Former,9.7,Good,Low,No,No,No,No,No,No,No,None,111,79,92,33.5,100.3,1.05,219.4
66,Female,South Asian,24.2,Low,Sedentary,Moderate,Never,7.9,Poor,High,No,No,Yes,Yes,No,No,No,Steroids,138,78,86,30.0,95.6,0.91,186.5
27,Other,Hispanic,22.0,Middle,Moderate,None,Never,8.7,Average,Moderate,No,No,No,Yes,No,No,No,Insulin,120,76,80,32.4,109.9,1.12,223.2
32,Male,South Asian,19.1,Middle,Moderate,Moderate,Never,6.1,Good,Low,Yes,Yes,No,No,No,No,No,None,134,87,87,31.6,126.0,1.35,271.2
43,Female,African,24.8,Middle,Sedentary,None,Never,5.9,Poor,Moderate,No,Yes,No,No,Yes,No,No,Steroids,132,83,73,32.2,166.8,1.73,345.5
22,Male,Caucasian,23.0,Middle,Sedentary,None,Never,6.8,Average,Low,No,Yes,No,No,No,Yes,No,None,144,89,78,30.8,102.8,1.12,218.2
34,Male,Caucasian,28.4,Middle,Sedentary,Moderate,Never,6.9,Good,Moderate,No,No,No,No,No,Yes,No,Other,132,75,63,31.5,175.9,1.77,353.5
45,Male,Other,28.3,Middle,Active,Moderate,Never,8.6,Poor,Low,No,No,No,Yes,No,No,No,None,123,91,67,33.2,105.7,1.07,221.3
35,Male,South Asian,30.5,Middle,Sedentary,None,Current,5.9,Average,Moderate,No,No,No,No,No,No,No,None,101,89,72,31.5,215.2,2.0,389.6
39,Male,Hispanic,18.7,High,Moderate,None,Former,6.9,Average,Moderate,No,No,No,No,No,No,Yes,None,149,78,75,33.4,209.3,2.0,395.0
32,Male,South Asian,27.0,Low,Sedentary,None,Never,8.6,Poor,Moderate,Yes,Yes,No,Yes,No,No,No,Metformin,136,73,85,30.0,119.8,1.22,242.3
18,Female,South Asian,21.4,Middle,Moderate,None,Current,7.3,Poor,Moderate,No,No,No,No,No,No,No,Metformin,126,86,87,32.5,84.9,0.88,177.7
45,Male,Caucasian,18.9,Middle,Moderate,Moderate,Never,7.0,Average,High,No,No,No,No,No,No,No,None,123,64,104,32.0,83.3,0.85,173.6
66,Female,South Asian,22.9,Middle,Moderate,None,Never,7.4,Good,High,No,No,Yes,Yes,Yes,No,Yes,None,93,76,98,30.6,146.3,1.35,264.9
40,Male,Hispanic,30.3,Middle,Active,None,Former,5.3,Poor,High,No,No,No,No,No,No,No,None,126,83,86,32.9,98.8,1.03,203.6
43,Male,Caucasian,23.1,Low,Sedentary,None,Never,5.3,Average,Low,No,Yes,No,Yes,No,No,No,Insulin,112,79,60,31.3,117.6,1.26,251.0
50,Male,South Asian,32.8,Low,Sedentary,Moderate,Never,4.6,Average,Moderate,No,Yes,No,No,No,Yes,No,Steroids,95,69,89,32.2,100.4,0.93,185.2
21,Male,South Asian,27.7,Middle,Active,Moderate,Never,7.3,Average,Moderate,Yes,No,No,No,No,No,No,Metformin,113,81,94,31.0,95.2,0.91,183.3
66,Female,African,23.0,Low,Sedentary,Moderate,Never,8.4,Average,Moderate,No,Yes,No,No,No,No,No,Insulin,124,70,76,31.5,86.9,0.89,181.1
43,Male,Hispanic,30.8,Middle,Moderate,None,Never,8.1,Poor,High,No,No,No,No,No,No,No,None,126,83,58,32.7,125.3,1.3,264.7
64,Female,Caucasian,27.2,Low,Moderate,Moderate,Former,8.7,Average,Low,No,Yes,No,No,No,No,Yes,None,102,76,77,34.4,198.0,2.0,398.9
29,Male,Caucasian,20.3,Middle,Moderate,None,Never,9.2,Average,Moderate,No,Yes,No,No,No,Yes,No,Steroids,100,79,84,31.1,99.5,0.95,188.1
67,Female,Hispanic,34.3,Middle,Sedentary,Moderate,Never,7.2,Average,Moderate,No,No,No,Yes,No,No,No,None,115,72,77,33.2,116.3,1.22,246.5
52,Female,African,26.3,Low,Sedentary,None,Never,6.9,Average,Low,Yes,No,No,No,No,No,No,Metformin,129,88,71,33.3,69.6,0.66,138.5
48,Male,South Asian,25.1,Middle,Moderate,None,Current,9.2,Good,High,No,No,No,No,No,No,No,None,108,79,74,32.6,95.9,0.99,204.4
44,Male,African,20.7,Middle,Sedentary,None,Never,5.9,Average,Moderate,No,No,No,No,No,No,No,None,113,73,88,32.8,124.2,1.27,255.6
36,Male,African,30.9,Low,Moderate,None,Never,5.2,Average,Moderate,Yes,No,No,No,No,No,No,None,123,79,80,31.3,105.3,1.07,212.2
58,Female,African,27.6,Middle,Sedentary,None,Former,6.5,Good,High,No,No,No,Yes,No,Yes,No,None,108,97,90,31.0,125.0,1.2,237.0
42,Male,African,28.1,Middle,Sedentary,Heavy,Never,6.3,Good,Moderate,Yes,Yes,No,No,No,No,No,None,90,83,86,31.5,98.8,0.96,186.0
18,Female,Other,22.5,Low,Sedentary,None,Never,7.1,Average,High,No,No,Yes,No,No,No,No,None,125,91,73,32.3,126.9,1.2,237.9
23,Female,South Asian,29.2,Middle,Active,None,Never,5.7,Average,Low,Yes,No,Yes,No,No,No,No,None,94,64,83,31.7,125.9,1.27,259.8
37,Female,Other,29.6,Low,Moderate,None,Never,7.6,Good,Moderate,No,Yes,No,No,No,No,No,None,125,78,90,31.3,98.9,0.94,193.2
45,Female,Caucasian,21.7,Low,Moderate,None,Never,6.1,Poor,Moderate,No,Yes,No,No,No,No,No,None,117,70,77,31.3,99.6,1.03,205.5
39,Female,African,18.0,Middle,Active,Moderate,Never,8.8,Average,Moderate,No,No,Yes,No,No,No,No,None,117,75,82,31.7,85.7,0.91,177.3
58,Male,South Asian,27.9,Middle,Moderate,None,Never,5.2,Average,Low,No,No,No,No,No,Yes,No,None,103,72,60,32.9,87.1,0.88,175.5
18,Female,South Asian,18.0,High,Active,Moderate,Current,6.8,Good,Moderate,Yes,No,Yes,No,Yes,Yes,No,Metformin,115,93,71,30.9,85.1,0.82,173.3
42,Female,Hispanic,25.8,Low,Sedentary,None,Never,6.5,Good,Low,Yes,No,No,No,No,No,No,Insulin,107,87,74,32.6,120.9,1.21,241.5
18,Male,African,22.8,Low,Active,Heavy,Never,7.3,Good,Low,No,No,No,No,No,No,No,Metformin,163,72,65,32.5,95.1,0.94,187.7
51,Female,South Asian,31.1,Low,Sedentary,None,Current,8.4,Average,Moderate,No,No,No,Yes,No,No,No,Other,108,75,76,31.5,109.2,1.14,222.7
39,Male,Caucasian,23.0,Middle,Active,Heavy,Never,7.4,Average,Moderate,No,Yes,No,No,No,No,No,None,136,84,92,32.3,103.2,1.0,199.0
46,Female,South Asian,30.5,Middle,Active,None,Never,6.8,Average,High,Yes,No,No,No,No,No,No,Steroids,112,89,78,33.2,104.6,1.06,209.2
27,Female,Other,22.4,Middle,Sedentary,Moderate,Never,8.0,Good,Moderate,Yes,No,No,No,No,No,No,None,124,90,88,31.7,161.5,1.63,321.5
59,Male,Hispanic,30.0,Low,Sedentary,None,Never,8.3,Good,Moderate,No,No,No,Yes,No,No,Yes,Metformin,120,86,82,31.2,98.2,0.92,194.3
56,Female,South Asian,35.3,Middle,Moderate,None,Never,7.4,Good,Low,Yes,No,No,Yes,No,No,No,None,118,98,92,31.0,103.7,1.06,210.3
49,Male,Hispanic,19.7,Middle,Sedentary,None,Never,7.6,Poor,Low,Yes,Yes,No,No,No,No,No,None,117,84,74,31.2,80.5,0.79,156.0
38,Male,Other,26.5,High,Moderate,Moderate,Current,8.0,Average,Moderate,Yes,No,No,Yes,No,No,No,Other,124,76,68,32.8,69.7,0.77,149.2
49,Male,South Asian,38.7,Low,Sedentary,None,Never,4.5,Average,Low,No,No,No,Yes,No,No,No,Metformin,141,72,83,31.9,157.6,1.59,317.8
29,Female,African,25.3,Middle,Active,None,Never,6.5,Poor,Moderate,No,No,Yes,Yes,No,No,No,None,103,69,59,30.4,87.2,0.78,149.6
53,Male,Caucasian,25.3,Middle,Sedentary,Moderate,Never,7.6,Average,Low,Yes,No,No,Yes,No,No,No,None,93,68,81,33.3,144.4,1.5,296.9
65,Male,African,28.9,Middle,Moderate,Moderate,Former,6.6,Poor,Moderate,No,No,No,No,No,No,No,Metformin,108,87,53,31.8,83.8,0.8,155.7
56,Female,South Asian,25.2,Low,Sedentary,Heavy,Never,6.6,Good,Moderate,No,No,No,No,No,No,No,None,122,96,66,32.5,69.8,0.75,150.2
29,Male,South Asian,18.0,High,Sedentary,None,Former,7.6,Good,High,No,No,No,No,No,No,No,Metformin,116,81,79,32.6,95.1,0.96,189.2
45,Male,Caucasian,30.7,Low,Sedentary,None,Former,7.6,Average,Moderate,No,No,No,No,No,No,No,Metformin,143,98,62,31.2,121.7,1.18,238.3
21,Male,South Asian,18.0,Low,Sedentary,None,Never,7.7,Average,Low,No,No,No,No,No,No,No,None,141,80,71,30.8,74.9,0.73,153.5
49,Male,Hispanic,22.9,Middle,Sedentary,Moderate,Never,5.8,Average,High,No,No,No,No,No,No,No,None,113,86,62,31.0,115.6,1.23,253.4
47,Male,South Asian,31.0,Middle,Active,Heavy,Never,4.9,Poor,Moderate,No,No,No,No,No,No,Yes,None,143,64,82,31.8,118.3,1.17,231.7
18,Male,Caucasian,23.2,Middle,Sedentary,Heavy,Never,8.2,Average,High,No,No,No,No,No,No,No,None,126,88,86,32.4,85.4,0.88,181.7
23,Female,Hispanic,21.5,Low,Moderate,Heavy,Never,5.9,Good,Low,No,No,No,No,No,No,No,None,109,74,75,33.9,88.9,0.88,182.4
36,Female,Caucasian,29.4,Middle,Sedentary,Moderate,Current,5.8,Poor,Moderate,No,No,No,Yes,No,No,No,Insulin,118,88,97,32.9,95.2,0.99,199.9
35,Male,Caucasian,20.7,Middle,Moderate,Heavy,Former,5.6,Poor,Low,No,No,No,No,No,No,No,None,117,93,73,30.0,95.7,0.89,183.5
22,Male,Other,18.9,Low,Sedentary,None,Never,8.7,Average,Low,No,No,No,No,No,No,No,None,109,83,62,31.8,111.2,1.2,242.0
46,Male,Hispanic,26.4,High,Moderate,Heavy,Former,7.3,Good,Low,No,Yes,No,No,No,No,Yes,None,110,84,61,30.0,102.3,1.05,209.8
44,Female,South Asian,24.1,Middle,Moderate,Moderate,Former,7.5,Good,Moderate,No,Yes,No,No,No,No,No,None,127,81,74,33.0,102.4,1.02,205.2
37,Male,Caucasian,18.8,Middle,Sedentary,None,Never,8.0,Good,High,No,No,No,No,No,Yes,No,None,114,86,78,31.8,101.5,0.96,186.7
29,Male,Other,28.2,Low,Sedentary,None,Never,6.9,Average,Moderate,No,No,No,No,No,No,No,Metformin,116,99,100,32.0,76.7,0.83,169.8
56,Female,South Asian,27.3,High,Sedentary,None,Never,8.5,Poor,Moderate,Yes,No,No,Yes,No,No,No,None,117,80,64,31.8,91.7,0.81,160.5
65,Male,South Asian,23.2,Low,Sedentary,Moderate,Never,5.2,Good,High,No,No,No,No,No,No,No,Metformin,117,82,69,32.1,84.4,0.8,163.9
33,Male,South Asian,23.5,Low,Sedentary,Moderate,Never,5.4,Poor,Low,Yes,No,No,No,No,No,No,None,134,62,80,31.3,112.3,1.11,217.7
31,Female,South Asian,27.4,Low,Sedentary,None,Current,5.3,Average,Low,Yes,No,No,No,No,No,No,Metformin,108,84,76,32.1,88.4,0.85,170.6
47,Female,African,31.0,Low,Moderate,Moderate,Never,7.6,Average,Low,No,No,Yes,Yes,No,No,No,None,123,72,69,31.0,107.6,1.06,210.0
35,Male,Hispanic,23.6,Middle,Sedentary,None,Current,7.8,Average,High,Yes,Yes,No,No,No,No,No,Metformin,97,78,75,32.3,84.3,0.85,167.6
38,Female,Other,28.3,Middle,Sedentary,Moderate,Never,6.3,Average,Moderate,No,No,No,No,No,Yes,No,Metformin,112,85,64,32.3,83.6,0.9,191.9
51,Male,Hispanic,27.8,High,Sedentary,Moderate,Never,6.7,Good,Moderate,No,Yes,No,No,No,No,No,Insulin,100,64,71,32.5,94.3,0.92,185.1
18,Female,South Asian,29.4,Low,Moderate,Heavy,Current,8.9,Poor,High,Yes,No,No,No,No,No,No,None,144,85,64,31.9,89.2,0.9,172.4
60,Male,South Asian,25.2,Middle,Sedentary,None,Never,6.0,Good,Low,Yes,No,No,Yes,No,No,No,None,122,83,85,33.0,126.3,1.31,263.9
41,Female,Other,20.4,High,Moderate,Heavy,Current,7.4,Good,Low,No,No,No,No,No,No,No,None,114,87,82,33.8,163.1,1.67,334.2
34,Female,South Asian,22.7,Middle,Moderate,None,Never,6.0,Average,Moderate,Yes,No,No,No,No,No,No,None,94,74,74,30.5,198.4,1.9,377.3
39,Female,South Asian,26.7,Middle,Moderate,None,Current,8.6,Poor,Moderate,No,Yes,No,No,No,No,No,Insulin,100,91,75,30.7,165.0,1.61,324.4
39,Female,Other,34.1,Low,Sedentary,None,Never,7.9,Average,Low,Yes,No,No,Yes,No,No,No,Insulin,133,83,77,31.8,126.3,1.21,233.5
18,Female,Caucasian,22.6,Middle,Moderate,Moderate,Never,4.9,Good,Low,No,Yes,No,No,No,No,No,None,125,73,70,31.5,90.4,0.93,188.8
62,Male,South Asian,29.0,Low,Sedentary,Heavy,Former,6.6,Average,Moderate,Yes,No,No,Yes,No,No,No,None,98,66,58,32.5,126.8,1.25,242.3
41,Male,Hispanic,23.4,Middle,Active,None,Former,4.0,Good,Low,No,No,No,No,No,No,No,None,98,75,72,32.5,122.6,1.17,234.4
47,Female,Other,25.6,Middle,Moderate,Heavy,Never,8.4,Average,Moderate,No,No,No,No,No,No,No,Steroids,148,89,80,32.3,111.4,1.09,217.9
54,Female,South Asian,32.6,Middle,Sedentary,None,Current,10.0,Good,Moderate,No,Yes,No,No,No,No,No,None,140,84,85,30.3,174.8,1.69,338.5
25,Male,Hispanic,28.8,Middle,Active,None,Former,4.0,Good,Moderate,No,No,No,No,No,No,Yes,None,124,60,76,32.2,79.1,0.74,145.4
47,Female,South Asian,18.8,Middle,Moderate,None,Never,4.9,Average,High,Yes,No,No,No,No,No,No,None,122,77,69,33.9,115.6,1.24,249.2
36,Female,Caucasian,22.1,Low,Sedentary,None,Never,7.3,Average,Moderate,Yes,No,No,Yes,No,No,No,None,117,81,81,32.5,126.3,1.21,245.9
53,Female,Other,31.3,Middle,Sedentary,Heavy,Never,7.0,Poor,Low,No,No,No,No,No,No,Yes,Metformin,101,99,77,31.9,84.8,0.83,161.9
18,Female,Other,25.7,Middle,Moderate,Moderate,Never,6.4,Poor,Moderate,No,No,No,No,No,No,No,Metformin,133,93,65,32.6,80.2,0.86,168.3
39,Male,South Asian,19.3,Low,Active,None,Never,4.4,Good,Moderate,No,No,No,No,No,No,No,None,117,78,57,31.1,81.4,0.79,161.9
31,Male,South Asian,20.9,Low,Active,Moderate,Former,7.5,Good,High,No,No,No,No,No,No,No,Insulin,131,82,70,32.4,108.5,1.15,233.5
46,Male,South Asian,28.5,Low,Moderate,None,Former,8.3,Good,Moderate,No,No,No,No,No,No,No,Metformin,114,66,90,32.0,75.5,0.7,140.1
47,Male,Caucasian,30.0,Middle,Sedentary,None,Never,10.0,Average,Moderate,No,No,No,No,No,Yes,No,None,125,60,81,30.9,125.6,1.26,245.6
29,Female,South Asian,25.1,High,Moderate,None,Never,9.0,Average,High,No,Yes,Yes,No,No,No,No,None,113,76,90,32.2,159.4,1.52,298.4
29,Female,Caucasian,37.4,Low,Moderate,Moderate,Current,5.1,Average,Moderate,No,No,No,No,No,No,No,Metformin,121,90,75,32.0,82.4,0.75,154.0
38,Female,South Asian,29.1,Middle,Sedentary,Heavy,Never,7.0,Average,High,No,No,Yes,Yes,No,No,No,Other,132,82,75,32.8,154.6,1.62,328.6
27,Female,Caucasian,23.8,Middle,Sedentary,None,Never,7.9,Average,Low,Yes,No,No,Yes,No,No,No,None,112,73,50,32.1,75.7,0.76,156.8
53,Male,South Asian,20.9,Low,Moderate,None,Former,6.0,Good,Low,Yes,No,No,Yes,No,No,No,Insulin,150,89,56,32.2,112.4,1.11,227.3
34,Male,Hispanic,20.1,High,Active,None,Former,8.2,Good,Moderate,No,No,No,Yes,No,Yes,No,None,111,98,80,32.1,143.9,1.44,292.7
18,Male,South Asian,26.7,Low,Moderate,None,Current,8.1,Good,Low,No,No,No,Yes,No,No,No,None,122,65,77,32.1,80.7,0.77,155.5
34,Male,South Asian,22.6,Middle,Sedentary,Moderate,Current,8.9,Average,Moderate,Yes,Yes,No,Yes,No,No,No,None,141,79,52,33.1,125.2,1.32,263.4
24,Female,Hispanic,33.4,Low,Sedentary,None,Current,8.2,Average,Moderate,No,No,No,No,No,No,No,None,142,75,76,32.7,198.2,1.99,399.5
18,Male,African,32.3,Low,Active,Moderate,Never,7.4,Good,Moderate,No,No,No,No,No,No,No,None,127,80,85,31.1,99.0,1.09,221.6
21,Male,South Asian,28.2,Low,Active,None,Never,6.0,Average,High,Yes,Yes,No,Yes,No,Yes,Yes,None,124,75,78,31.9,111.2,1.03,211.6
42,Male,South Asian,19.1,Low,Sedentary,None,Never,5.1,Good,Moderate,No,No,No,Yes,No,No,No,None,121,108,70,30.6,100.6,1.01,209.6
60,Female,African,21.6,Middle,Moderate,None,Never,7.3,Poor,High,No,No,No,No,No,No,Yes,None,140,79,50,33.5,95.4,0.96,193.4
45,Male,South Asian,31.3,Low,Active,None,Never,6.4,Good,Moderate,Yes,No,No,No,No,No,No,Metformin,134,83,79,31.3,126.3,1.28,252.3
31,Female,Hispanic,22.2,Middle,Active,Moderate,Never,6.5,Good,Moderate,No,No,No,No,No,No,No,None,136,82,66,31.2,99.3,0.89,183.0
47,Male,Caucasian,30.6,Low,Moderate,None,Never,8.7,Average,Moderate,No,No,No,Yes,No,No,No,None,145,67,80,33.8,198.7,2.0,395.0
33,Female,South Asian,27.4,Middle,Sedentary,None,Never,9.1,Good,High,No,No,No,No,No,No,Yes,Steroids,127,82,82,31.4,122.0,1.28,255.7
30,Male,Caucasian,25.3,Middle,Moderate,Moderate,Never,5.1,Average,Low,No,No,No,No,No,No,No,Insulin,114,65,84,31.1,103.4,0.95,185.4
23,Female,African,21.5,Middle,Sedentary,Heavy,Never,6.7,Average,Moderate,Yes,No,No,No,Yes,No,Yes,None,125,98,79,32.7,83.8,0.79,164.9
18,Female,Other,24.5,Low,Active,Moderate,Current,6.4,Good,Low,No,No,No,Yes,No,No,No,None,121,89,72,32.0,104.6,1.1,219.3
34,Female,South Asian,25.9,Middle,Sedentary,None,Former,7.5,Good,Low,Yes,No,No,No,No,No,No,Metformin,117,74,81,31.1,126.3,1.36,280.1
42,Female,Caucasian,30.2,Low,Moderate,None,Current,4.0,Good,High,Yes,No,No,No,No,No,Yes,None,114,78,65,32.3,156.2,1.5,292.3
39,Male,South Asian,20.6,Low,Moderate,Moderate,Never,4.8,Poor,Low,No,No,No,No,No,Yes,No,None,128,90,88,32.6,77.4,0.72,149.3
34,Male,Caucasian,23.7,Middle,Moderate,Moderate,Never,6.8,Average,Moderate,No,No,No,No,No,No,No,Insulin,130,83,68,32.9,89.8,0.91,173.9
26,Male,Hispanic,25.2,High,Moderate,None,Never,8.2,Good,Moderate,No,Yes,No,No,No,No,No,Insulin,110,63,93,32.3,162.1,1.62,332.4
49,Female,South Asian,28.3,Middle,Sedentary,None,Former,7.1,Average,High,No,Yes,No,Yes,Yes,No,No,Metformin,125,82,73,32.9,107.6,1.13,219.3
20,Male,Other,20.5,Middle,Moderate,None,Current,8.0,Good,Moderate,No,No,No,No,No,No,No,None,144,91,80,32.8,77.2,0.76,156.1
52,Male,African,18.4,Middle,Sedentary,None,Never,7.3,Average,Low,Yes,No,No,Yes,No,No,No,Metformin,109,60,76,31.5,69.0,0.67,130.3
25,Female,Other,28.4,High,Sedentary,None,Current,8.9,Good,Moderate,No,No,No,No,No,No,No,Insulin,141,81,57,33.7,72.0,0.76,152.9
29,Female,Hispanic,18.0,Middle,Active,None,Never,9.2,Good,Low,Yes,Yes,No,No,No,No,No,None,107,72,80,32.7,111.2,1.23,240.3
18,Male,South Asian,31.4,Middle,Moderate,None,Never,5.9,Good,Moderate,No,No,No,No,No,No,No,None,125,93,67,33.4,90.5,0.98,192.4
32,Female,South Asian,24.2,High,Moderate,None,Former,8.3,Good,Moderate,Yes,No,No,No,No,No,No,None,93,75,74,31.9,84.5,0.89,181.2
55,Female,South Asian,18.0,Low,Moderate,None,Never,7.8,Average,Low,No,Yes,No,No,No,No,No,None,130,74,75,32.8,115.0,1.21,240.5
48,Male,South Asian,22.6,Low,Moderate,None,Never,10.0,Average,High,No,Yes,No,No,No,No,No,Other,117,88,65,32.3,126.0,1.31,268.2
55,Male,Caucasian,26.9,Middle,Moderate,None,Never,5.8,Poor,Low,No,No,No,Yes,No,No,No,Insulin,94,71,69,33.0,79.0,0.76,142.2
48,Female,Caucasian,22.3,Low,Moderate,Heavy,Former,6.8,Poor,Low,No,No,Yes,No,No,No,Yes,None,113,81,88,31.6,78.1,0.73,146.6
23,Female,Other,25.1,Low,Active,None,Never,5.5,Average,Low,Yes,No,No,No,No,No,No,Metformin,146,83,62,31.4,86.3,0.91,183.8
35,Male,Caucasian,28.7,Middle,Sedentary,Moderate,Never,5.5,Good,Low,No,No,No,Yes,No,No,No,None,129,78,81,33.2,99.1,0.96,187.4
28,Male,Hispanic,24.0,Middle,Moderate,Moderate,Current,7.6,Average,Moderate,Yes,Yes,No,Yes,No,No,No,None,122,67,71,32.2,124.3,1.21,243.2
60,Female,Other,20.3,High,Moderate,None,Never,7.3,Good,Low,No,No,No,No,No,No,No,None,128,71,85,33.0,92.5,0.91,183.2
22,Female,Hispanic,23.5,Low,Sedentary,None,Never,7.8,Good,High,No,No,No,No,No,No,No,Other,135,79,82,30.6,118.3,1.16,229.5
53,Female,South Asian,32.1,Low,Sedentary,None,Never,7.8,Poor,High,No,No,No,Yes,Yes,Yes,Yes,Metformin,143,61,68,31.2,79.5,0.89,177.9
53,Male,Caucasian,33.4,Low,Active,Moderate,Current,6.6,Poor,Moderate,No,No,No,No,No,Yes,No,Metformin,116,81,82,31.5,84.3,0.88,172.9
67,Male,South Asian,18.0,Middle,Sedentary,None,Never,6.6,Average,Moderate,Yes,No,No,No,No,No,No,None,129,77,69,33.3,89.0,0.96,186.4
34,Female,South Asian,30.5,Middle,Sedentary,None,Former,5.5,Average,High,Yes,Yes,No,No,No,No,No,None,127,86,92,33.3,125.8,1.3,258.9
51,Male,South Asian,26.3,Middle,Sedentary,Moderate,Current,5.9,Poor,Moderate,No,Yes,No,Yes,No,No,No,None,122,86,76,32.1,126.0,1.23,247.7
74,Female,Hispanic,29.6,Low,Sedentary,Moderate,Former,6.9,Good,Low,No,No,Yes,Yes,No,No,No,Metformin,117,69,72,32.5,98.8,0.93,185.6
31,Female,Caucasian,22.2,Middle,Active,None,Never,7.3,Poor,Moderate,No,No,No,No,No,No,No,None,144,75,71,32.2,69.7,0.71,149.7
18,Male,Caucasian,18.0,Middle,Sedentary,Moderate,Former,8.1,Poor,Low,No,No,No,No,No,No,No,None,124,71,71,31.0,81.5,0.78,163.9
18,Female,Other,27.9,Low,Sedentary,None,Former,7.9,Average,Moderate,No,No,No,Yes,No,No,No,None,102,75,72,32.1,83.7,0.87,169.3
51,Male,South Asian,20.3,Middle,Active,Moderate,Never,9.3,Average,Moderate,No,No,No,No,No,No,Yes,Metformin,90,77,82,31.1,89.2,0.89,170.2
18,Female,Caucasian,18.1,Middle,Sedentary,None,Never,5.5,Good,Moderate,No,Yes,No,No,No,No,Yes,Steroids,134,91,70,31.6,120.0,1.19,232.7
34,Male,Hispanic,18.4,High,Moderate,Moderate,Former,6.7,Good,Low,Yes,No,No,No,No,No,No,Insulin,114,74,67,31.8,86.8,0.89,180.5
47,Male,South Asian,28.0,Middle,Active,None,Never,5.7,Good,Low,No,No,No,No,No,No,No,Steroids,118,89,86,33.7,70.0,0.72,138.9
43,Female,African,25.7,Middle,Moderate,None,Never,8.9,Poor,High,No,No,No,No,No,No,No,Steroids,126,83,89,32.2,98.5,0.96,194.5
46,Female,South Asian,28.9,Middle,Moderate,None,Former,6.2,Average,High,No,No,No,No,No,No,No,None,157,94,67,31.6,117.0,1.05,209.5
43,Male,Hispanic,28.3,Middle,Sedentary,Moderate,Current,8.7,Average,Moderate,No,Yes,No,Yes,No,No,No,None,140,76,72,32.6,204.7,2.0,399.2
59,Female,South Asian,22.9,High,Sedentary,None,Never,9.2,Poor,Moderate,Yes,No,No,Yes,Yes,No,No,None,117,72,87,31.3,117.2,1.22,242.5
26,Male,South Asian,24.6,Low,Sedentary,None,Never,7.6,Average,Moderate,No,Yes,No,No,No,No,No,None,131,81,80,34.7,149.0,1.61,320.6
30,Male,Caucasian,22.4,Middle,Sedentary,None,Former,7.4,Average,Moderate,Yes,No,No,No,No,No,No,Steroids,111,64,91,32.4,91.9,0.9,176.4
28,Male,South Asian,23.9,Middle,Moderate,None,Former,7.1,Average,Low,No,Yes,No,No,No,No,No,None,132,82,82,30.0,125.5,1.23,247.4
52,Male,South Asian,20.2,Middle,Sedentary,Moderate,Current,6.5,Poor,Moderate,No,No,No,No,No,No,No,None,108,86,80,31.2,95.3,0.95,197.6
54,Male,Caucasian,27.0,Low,Moderate,Heavy,Former,6.3,Good,High,No,No,No,No,No,No,No,Insulin,123,91,71,33.8,110.0,1.15,225.5
47,Male,South Asian,30.4,Low,Sedentary,Moderate,Former,6.8,Good,High,No,No,No,No,No,No,No,None,123,84,65,32.1,206.3,2.0,396.8
58,Male,Caucasian,20.9,Low,Sedentary,Moderate,Current,9.7,Average,Moderate,No,Yes,No,Yes,No,Yes,No,None,104,79,63,31.5,100.8,0.98,193.5
22,Male,Caucasian,31.4,Low,Sedentary,None,Never,5.4,Good,Low,No,No,No,No,No,No,No,None,111,99,75,32.4,130.6,1.25,247.9
65,Male,Caucasian,25.6,Low,Sedentary,None,Never,7.3,Good,High,No,Yes,No,No,No,No,No,None,90,80,89,30.4,117.5,1.2,238.4
63,Female,African,26.2,Middle,Moderate,None,Never,8.1,Good,Moderate,No,No,No,No,No,No,No,None,114,69,65,31.0,80.7,0.76,157.4
51,Male,South Asian,18.0,Middle,Moderate,Heavy,Never,6.6,Average,Moderate,No,Yes,No,Yes,No,No,No,None,137,80,74,30.6,124.4,1.34,273.1
67,Female,South Asian,18.0,Middle,Active,Moderate,Never,7.6,Average,Low,No,No,No,No,No,Yes,No,Insulin,150,67,58,31.6,120.3,1.28,266.8
18,Female,Hispanic,25.7,Middle,Active,None,Never,4.7,Average,Moderate,No,No,No,No,No,No,No,None,142,68,89,33.6,143.1,1.47,293.2
32,Female,Hispanic,28.9,Middle,Moderate,None,Former,9.0,Average,Moderate,No,Yes,No,Yes,Yes,No,No,None,114,82,67,32.6,140.4,1.45,276.8
29,Female,South Asian,21.6,Middle,Moderate,None,Current,8.7,Good,Moderate,Yes,No,No,Yes,No,No,No,Steroids,120,67,98,32.5,126.1,1.3,264.0
51,Female,Caucasian,33.4,Low,Sedentary,None,Never,6.9,Good,Moderate,No,No,No,Yes,No,No,No,Other,119,74,80,31.3,126.8,1.24,250.0
24,Male,Caucasian,28.7,Low,Sedentary,Moderate,Never,5.7,Average,Moderate,No,No,No,No,No,No,No,Metformin,117,68,90,32.8,96.7,1.0,205.2
51,Female,Caucasian,20.5,High,Active,None,Never,8.2,Average,Moderate,No,Yes,No,Yes,No,No,No,None,135,81,58,31.2,99.3,0.86,170.6
61,Female,African,25.2,Low,Sedentary,Moderate,Former,5.3,Average,Moderate,No,Yes,No,No,No,No,Yes,None,112,73,50,31.8,125.2,1.21,246.3
50,Female,South Asian,37.4,Middle,Sedentary,Heavy,Never,5.5,Good,Low,No,No,No,No,No,No,No,None,142,85,71,32.8,115.7,1.16,230.8
44,Female,African,18.8,Low,Sedentary,Moderate,Current,6.9,Poor,Moderate,Yes,No,No,No,No,No,No,None,122,85,75,31.9,87.1,0.83,167.9
25,Male,South Asian,27.6,High,Sedentary,Heavy,Never,9.3,Good,Low,No,No,No,No,No,No,No,None,103,67,81,32.9,102.4,1.1,220.1
27,Female,Caucasian,23.4,Middle,Moderate,None,Never,8.0,Average,Moderate,No,No,No,No,No,No,No,None,119,89,90,31.8,75.3,0.63,124.5
59,Female,Hispanic,28.5,Middle,Sedentary,Heavy,Never,6.0,Poor,Moderate,Yes,No,Yes,No,No,No,No,None,127,78,72,33.4,112.7,1.2,242.5
52,Male,Caucasian,31.3,Low,Sedentary,None,Never,4.5,Good,Moderate,No,No,No,Yes,No,No,No,None,135,68,71,32.4,105.5,1.11,218.5
39,Male,South Asian,23.1,Low,Sedentary,Moderate,Current,7.1,Average,Moderate,Yes,No,No,No,No,No,No,Metformin,131,84,73,31.1,87.6,0.91,186.9
34,Female,Other,30.6,Middle,Moderate,None,Current,7.4,Good,Moderate,Yes,No,Yes,No,No,No,No,Insulin,115,98,79,31.5,102.8,1.11,222.3
18,Female,Hispanic,36.1,High,Moderate,None,Never,6.9,Poor,Low,No,No,No,No,No,Yes,No,None,112,78,63,31.8,94.7,0.89,178.0
24,Female,Hispanic,25.3,Middle,Sedentary,None,Current,9.7,Good,Moderate,No,No,No,Yes,No,No,Yes,Steroids,146,64,57,33.0,69.1,0.68,129.8
69,Female,Caucasian,28.9,High,Moderate,None,Never,6.8,Good,Low,No,No,No,No,No,Yes,No,None,120,89,78,33.8,83.9,0.97,193.4
21,Male,South Asian,22.0,Middle,Sedentary,Heavy,Never,4.0,Average,Moderate,No,No,No,No,No,No,No,None,103,96,61,30.5,107.7,1.02,203.3
43,Male,Other,25.1,Middle,Moderate,Moderate,Current,6.4,Good,Moderate,No,No,No,No,No,No,No,Steroids,111,69,86,31.6,86.4,0.9,181.1
55,Male,Caucasian,24.1,Middle,Moderate,None,Never,7.7,Poor,Low,No,Yes,No,No,No,No,No,None,91,72,53,33.2,100.4,0.98,196.6
21,Male,Hispanic,29.0,Low,Active,None,Never,7.6,Average,Moderate,No,Yes,No,No,No,No,Yes,None,96,80,67,31.9,116.9,1.15,238.2
43,Male,South Asian,31.0,Low,Sedentary,Moderate,Never,6.7,Poor,High,No,Yes,No,No,No,No,No,None,112,61,61,31.8,117.0,1.11,213.8
54,Male,South Asian,24.5,High,Sedentary,None,Never,6.5,Average,Moderate,No,Yes,No,Yes,No,No,No,None,108,101,68,32.6,168.2,1.75,347.0
40,Female,Other,32.7,High,Sedentary,Moderate,Never,4.0,Good,Moderate,No,No,Yes,Yes,No,Yes,No,Insulin,110,79,66,30.7,103.4,0.99,194.6
80,Female,Caucasian,32.7,Middle,Sedentary,None,Current,7.1,Poor,High,Yes,No,No,No,No,No,No,Metformin,132,80,86,32.6,118.3,1.21,246.0
18,Male,South Asian,29.2,Low,Sedentary,Moderate,Never,6.5,Average,Moderate,No,No,No,Yes,No,No,No,None,133,84,103,32.3,98.9,0.94,188.0
56,Male,South Asian,22.4,Low,Sedentary,Heavy,Never,7.4,Poor,Moderate,Yes,No,No,Yes,No,No,No,None,103,77,63,32.2,119.5,1.26,247.3
37,Male,Caucasian,21.9,High,Sedentary,None,Never,7.7,Average,Low,No,No,No,Yes,No,No,Yes,None,148,75,68,33.1,99.1,1.13,226.2
52,Female,South Asian,20.9,Low,Active,None,Never,8.9,Average,Low,No,No,No,No,No,Yes,No,Metformin,122,71,74,31.9,79.7,0.88,176.8
47,Male,Caucasian,29.7,Middle,Sedentary,Heavy,Former,5.6,Average,Moderate,No,Yes,No,No,No,No,No,None,120,68,64,32.0,155.5,1.54,310.3
29,Male,Caucasian,18.9,Low,Active,Heavy,Current,5.1,Average,Low,No,Yes,No,No,No,No,No,None,108,84,81,32.2,105.1,1.0,203.2
43,Female,Hispanic,28.4,Middle,Active,Heavy,Current,6.1,Average,Moderate,No,Yes,No,No,No,Yes,No,None,115,94,61,30.0,100.6,1.01,197.0
18,Female,South Asian,19.6,Middle,Active,None,Never,5.9,Good,Low,No,Yes,No,No,No,No,No,None,150,89,81,33.0,80.6,0.84,171.7
49,Male,Other,29.1,Low,Active,None,Current,5.8,Good,High,Yes,No,No,No,No,No,No,Metformin,104,77,76,32.6,114.3,1.15,224.4
44,Male,South Asian,25.1,Low,Moderate,None,Never,9.2,Good,High,No,No,No,No,No,No,No,Steroids,124,78,83,32.5,123.4,1.17,244.5
50,Male,Caucasian,31.7,High,Moderate,None,Never,7.2,Poor,High,No,No,No,Yes,No,No,Yes,None,112,96,75,32.3,113.8,1.18,238.3
56,Female,South Asian,30.7,Middle,Sedentary,Moderate,Former,10.0,Average,High,No,No,No,No,No,No,No,Metformin,93,72,82,33.4,80.8,0.8,150.8
46,Female,African,32.2,Middle,Moderate,None,Never,7.0,Average,High,Yes,No,No,Yes,No,No,No,None,97,63,80,32.2,97.4,1.05,200.5
42,Male,Other,32.3,Middle,Active,Moderate,Never,5.2,Good,Moderate,Yes,No,No,No,No,No,No,Metformin,129,83,73,31.8,85.8,0.82,166.2
27,Female,Hispanic,25.7,Low,Sedentary,Heavy,Current,5.8,Average,Moderate,Yes,No,No,No,No,No,No,Insulin,94,89,81,30.3,95.9,0.92,193.3
29,Male,Caucasian,19.2,Low,Sedentary,Heavy,Former,8.5,Average,Low,No,No,No,No,No,No,No,None,101,60,89,30.7,88.8,0.79,155.7
58,Male,Caucasian,19.7,Middle,Moderate,None,Never,5.3,Good,Moderate,No,No,No,No,No,No,No,None,132,84,57,31.7,90.6,0.93,187.4
62,Male,Hispanic,18.0,Low,Moderate,None,Former,7.8,Poor,Moderate,No,No,No,Yes,No,Yes,No,Metformin,131,69,55,32.1,84.3,0.88,180.1
36,Female,Other,19.6,Middle,Active,Moderate,Current,6.5,Good,Moderate,No,No,No,No,No,No,No,None,121,66,88,31.4,99.8,1.06,214.2
41,Male,Other,25.3,Middle,Sedentary,None,Current,5.6,Good,Low,No,Yes,No,No,No,No,No,Other,102,77,84,31.8,146.7,1.49,299.6
26,Male,South Asian,22.2,Low,Moderate,Moderate,Never,9.1,Good,Moderate,Yes,Yes,No,Yes,No,No,No,Metformin,102,68,89,31.1,104.4,0.97,191.6
58,Male,Other,24.1,Middle,Sedentary,Moderate,Former,6.1,Poor,Low,Yes,No,No,No,No,No,No,Insulin,100,62,74,32.9,100.1,0.98,197.2
50,Male,South Asian,27.5,Low,Active,None,Former,5.8,Average,Moderate,No,No,No,No,No,No,No,None,118,81,93,31.7,73.5,0.72,142.0
69,Female,South Asian,23.5,Low,Sedentary,None,Former,6.9,Average,Moderate,No,No,No,Yes,No,No,No,None,130,80,104,33.2,96.1,1.08,211.9
27,Male,South Asian,19.4,Middle,Active,None,Former,6.2,Poor,High,No,No,No,Yes,No,No,No,Steroids,114,63,87,31.7,186.6,1.79,358.8
34,Male,South Asian,24.7,Middle,Sedentary,Moderate,Never,10.0,Average,High,Yes,No,No,Yes,No,No,No,Steroids,133,66,81,32.4,167.8,1.68,329.9
43,Female,Hispanic,20.5,Low,Sedentary,None,Never,8.6,Average,Low,No,No,No,No,No,No,No,None,144,85,82,32.5,110.4,1.16,240.4
50,Female,Hispanic,23.6,Middle,Sedentary,Moderate,Current,6.1,Average,High,Yes,No,No,No,No,Yes,No,Metformin,126,85,77,32.2,119.1,1.19,232.6
37,Female,Hispanic,31.7,Middle,Sedentary,Heavy,Never,6.3,Average,High,No,No,No,Yes,No,No,No,Metformin,101,60,78,30.9,82.1,0.91,179.6
27,Male,African,23.6,Low,Moderate,None,Never,4.0,Poor,Moderate,Yes,No,No,No,No,No,No,None,121,67,79,31.7,86.3,0.79,166.8
53,Male,Caucasian,33.9,Middle,Sedentary,Heavy,Former,7.2,Good,High,No,No,No,Yes,No,No,No,Steroids,140,79,98,30.0,180.2,1.77,362.5
51,Female,African,32.2,High,Sedentary,Moderate,Never,5.9,Good,Low,No,No,No,Yes,No,Yes,No,None,111,84,67,33.6,104.8,1.13,220.5
26,Female,South Asian,22.1,Middle,Sedentary,Moderate,Never,7.1,Good,High,No,No,No,No,No,No,No,None,110,84,73,30.0,125.3,1.17,233.9
60,Male,Hispanic,19.4,Low,Active,None,Never,4.1,Poor,Moderate,No,No,No,No,No,No,No,None,137,86,75,32.8,147.8,1.45,285.9
58,Female,African,24.7,Middle,Sedentary,None,Former,7.0,Average,High,No,No,No,No,No,Yes,No,Insulin,98,73,81,32.1,88.1,0.86,166.5
42,Male,African,30.8,Middle,Sedentary,None,Current,9.5,Poor,Moderate,Yes,No,No,No,No,No,No,None,123,82,77,30.3,100.0,0.95,188.3
41,Female,Caucasian,22.5,Low,Moderate,None,Former,7.1,Average,Moderate,Yes,No,Yes,No,No,Yes,No,Steroids,111,76,62,32.3,72.2,0.74,147.8
48,Female,Hispanic,29.5,Low,Active,None,Never,5.8,Average,Moderate,No,No,No,No,No,No,No,Steroids,114,74,76,30.9,98.5,1.01,204.9
27,Female,South Asian,31.0,Low,Active,Moderate,Current,7.0,Good,Moderate,Yes,No,No,No,No,No,No,None,146,65,74,32.4,125.8,1.22,234.1
40,Female,South Asian,21.1,Low,Active,None,Never,6.9,Average,High,No,No,No,No,No,No,No,None,113,83,75,31.9,125.8,1.19,247.0
18,Female,Hispanic,21.6,Low,Sedentary,Heavy,Never,10.0,Poor,Moderate,Yes,No,No,No,No,No,No,Insulin,122,64,83,32.2,159.7,1.55,309.0
53,Male,Caucasian,28.6,Middle,Active,None,Never,6.5,Good,High,Yes,No,No,Yes,No,No,No,None,135,68,87,31.6,106.7,1.07,208.5
18,Male,Hispanic,25.8,Low,Moderate,None,Current,5.2,Good,Moderate,No,No,No,No,No,No,No,None,101,87,67,33.3,97.6,1.08,219.8
63,Male,South Asian,21.6,Middle,Active,None,Never,7.0,Average,High,No,Yes,No,Yes,No,No,No,None,133,78,94,31.0,120.6,1.13,218.5
35,Male,South Asian,23.2,Middle,Sedentary,Heavy,Former,7.3,Poor,Moderate,No,No,No,No,No,No,No,None,113,91,60,31.3,71.5,0.7,142.7
37,Female,Hispanic,24.6,Middle,Active,None,Never,7.8,Average,Low,No,No,No,No,No,No,No,None,101,77,68,31.8,86.7,0.83,169.3
31,Male,Caucasian,18.0,Middle,Sedentary,None,Never,8.1,Average,Moderate,No,No,No,No,No,No,No,None,113,74,73,31.9,89.4,0.98,205.4
36,Male,Caucasian,28.8,Low,Moderate,Heavy,Current,9.9,Good,Low,No,No,No,No,No,No,No,None,121,91,82,30.9,69.4,0.57,117.8
61,Female,South Asian,22.6,Middle,Sedentary,None,Never,6.1,Good,High,No,Yes,Yes,No,No,No,No,None,124,76,58,30.0,125.4,1.2,233.0
18,Female,South Asian,18.0,Middle,Sedentary,Moderate,Former,6.0,Poor,Moderate,No,No,No,Yes,No,No,No,Steroids,109,83,97,32.4,83.8,0.84,161.5
59,Male,African,24.9,Low,Moderate,None,Never,4.2,Good,Moderate,No,No,No,No,No,Yes,No,None,117,78,57,32.3,152.6,1.59,319.7
45,Male,South Asian,21.3,Low,Sedentary,None,Former,8.0,Poor,Moderate,No,No,No,Yes,No,Yes,Yes,Steroids,99,81,90,33.7,96.7,0.98,203.3
22,Male,Hispanic,33.4,Low,Moderate,None,Current,5.7,Poor,Moderate,No,Yes,No,No,No,No,No,Metformin,109,78,71,33.3,233.8,2.0,406.1
24,Female,Hispanic,22.1,Low,Moderate,Heavy,Never,8.3,Average,Moderate,Yes,No,No,No,No,No,No,None,100,89,76,32.1,76.2,0.66,132.7
65,Male,South Asian,19.5,Low,Moderate,Heavy,Never,6.3,Poor,High,Yes,No,No,Yes,No,No,Yes,Insulin,119,81,53,31.3,70.7,0.78,155.7
26,Female,African,27.5,Low,Sedentary,None,Current,9.6,Good,Moderate,No,No,No,No,No,No,No,None,107,77,82,33.1,83.5,0.9,185.5
23,Male,African,21.7,Low,Active,None,Current,4.8,Average,Moderate,Yes,No,No,No,No,No,No,None,151,83,73,31.2,81.2,0.88,169.1
57,Male,South Asian,21.1,Middle,Moderate,None,Never,8.5,Average,Low,No,No,No,No,No,No,No,Steroids,126,65,87,32.9,126.1,1.32,263.2
45,Female,South Asian,27.5,Low,Sedentary,None,Former,8.4,Average,Moderate,No,No,No,No,No,No,No,Metformin,96,90,61,30.6,182.9,1.78,360.7
26,Male,Caucasian,19.8,Middle,Moderate,None,Former,7.8,Good,Low,No,No,No,No,No,No,No,Steroids,109,65,89,34.0,78.5,0.89,172.6
43,Male,African,18.0,Middle,Sedentary,None,Never,5.3,Good,Moderate,Yes,No,No,No,No,No,No,None,131,73,58,30.9,114.5,1.13,224.0
25,Male,African,33.6,Middle,Sedentary,None,Never,7.8,Good,Moderate,No,No,No,No,No,No,Yes,None,124,75,78,31.0,74.9,0.66,125.4
57,Male,Caucasian,27.9,Low,Moderate,None,Current,7.2,Average,High,Yes,No,No,No,No,No,Yes,None,96,82,60,30.1,170.9,1.61,331.4
56,Female,Hispanic,23.7,Middle,Moderate,Moderate,Current,4.3,Poor,Moderate,No,No,No,Yes,Yes,No,No,Steroids,108,96,95,31.6,112.3,1.05,213.2
48,Male,Hispanic,25.0,Low,Sedentary,Moderate,Current,9.3,Average,Low,Yes,No,No,No,No,No,No,None,130,90,85,32.4,85.8,0.93,190.0
45,Male,African,27.5,Middle,Sedentary,None,Never,6.5,Average,Moderate,No,Yes,No,No,No,No,Yes,None,126,65,91,31.4,125.7,1.25,245.1
66,Male,Hispanic,29.9,Middle,Active,Moderate,Current,9.2,Average,Low,No,No,No,No,No,No,No,Insulin,129,71,72,31.1,86.9,0.8,161.3
40,Female,South Asian,21.2,Low,Sedentary,None,Former,6.9,Poor,Low,No,No,No,Yes,No,No,No,None,116,66,72,30.6,110.7,1.16,240.7
22,Female,Hispanic,26.8,Low,Sedentary,None,Never,8.5,Average,Moderate,No,No,No,No,Yes,No,No,Insulin,107,67,75,32.3,103.7,1.08,207.2
47,Female,African,22.5,Low,Active,Moderate,Former,5.7,Average,Moderate,No,No,No,No,No,No,No,Insulin,101,74,74,32.7,124.9,1.22,239.5
71,Female,Hispanic,24.1,Low,Sedentary,Moderate,Current,7.3,Average,Low,No,No,No,No,No,Yes,No,Metformin,134,93,71,32.2,71.9,0.66,128.3
25,Male,Caucasian,25.8,Low,Moderate,None,Never,7.2,Good,Low,No,No,No,No,No,No,No,None,149,78,73,32.7,89.6,0.9,176.7
35,Male,South Asian,25.0,High,Sedentary,None,Current,6.5,Average,Moderate,No,Yes,No,No,No,No,No,None,124,79,87,30.8,101.3,0.94,189.8
46,Male,Caucasian,28.7,Low,Moderate,Heavy,Current,5.7,Average,Moderate,No,Yes,No,Yes,No,Yes,No,Other,134,82,85,31.4,113.9,1.13,232.4
39,Male,South Asian,27.4,Middle,Sedentary,Moderate,Never,4.0,Average,Moderate,No,Yes,No,No,No,No,No,None,108,71,63,31.8,99.3,1.01,205.6
25,Male,African,18.0,Middle,Active,Moderate,Current,5.7,Good,Low,No,No,No,No,No,No,No,None,120,79,82,33.3,124.8,1.33,269.1
57,Female,Caucasian,18.2,Middle,Sedentary,Moderate,Current,8.1,Poor,Moderate,No,No,No,No,No,No,No,None,119,82,61,33.3,71.9,0.77,145.9
75,Female,Hispanic,23.2,High,Moderate,None,Never,4.9,Average,High,No,Yes,No,Yes,No,No,No,Metformin,126,105,90,32.8,78.4,0.79,158.2
43,Female,African,34.1,Middle,Active,None,Never,5.2,Average,Moderate,No,No,No,No,No,Yes,No,None,121,89,65,32.8,79.1,0.8,164.9
26,Male,African,20.7,Middle,Active,Heavy,Never,4.8,Poor,Low,Yes,No,No,No,No,No,No,None,162,96,83,31.2,94.0,0.79,157.4
18,Female,South Asian,24.0,High,Sedentary,None,Never,7.3,Average,Moderate,Yes,Yes,No,No,No,No,No,None,132,80,81,32.1,124.6,1.2,243.7
44,Female,Other,22.3,Low,Active,None,Former,5.7,Average,High,No,No,No,No,No,No,No,None,139,85,72,30.3,84.7,0.78,148.6
57,Female,Hispanic,22.2,Middle,Sedentary,Moderate,Never,8.8,Average,Low,No,No,No,Yes,No,No,No,Steroids,124,83,71,32.8,109.8,1.05,207.7
47,Male,Hispanic,25.9,Middle,Moderate,None,Current,8.1,Poor,Moderate,No,No,No,Yes,No,No,No,Steroids,90,62,73,31.8,178.8,1.73,350.6
40,Male,South Asian,32.0,Middle,Sedentary,None,Current,7.3,Average,High,No,No,No,No,No,No,No,None,127,60,80,34.0,70.5,0.79,152.6
31,Male,Caucasian,27.3,High,Sedentary,None,Never,7.5,Average,Low,No,Yes,No,No,No,No,No,Metformin,136,69,83,32.3,105.6,0.95,184.7
24,Male,South Asian,21.0,Low,Sedentary,None,Never,5.9,Average,High,Yes,No,No,No,No,No,No,Steroids,141,92,97,31.2,99.9,0.96,186.7
53,Female,Caucasian,38.8,Middle,Moderate,Moderate,Never,5.9,Average,Moderate,Yes,No,No,No,No,No,No,None,119,76,92,31.7,79.1,0.67,125.0
54,Male,South Asian,25.4,High,Moderate,None,Never,8.1,Good,Moderate,No,Yes,No,No,No,No,Yes,None,98,88,81,31.4,197.2,1.95,389.0
18,Male,Caucasian,22.1,Low,Sedentary,None,Never,8.4,Poor,High,No,No,No,No,No,No,No,Insulin,116,93,78,31.4,82.9,0.75,151.6
64,Female,African,32.1,Middle,Moderate,None,Never,8.1,Average,Low,Yes,No,No,Yes,No,Yes,Yes,Insulin,98,67,70,32.0,100.1,0.99,197.5
49,Female,South Asian,22.7,Low,Active,None,Never,6.3,Average,Moderate,No,No,Yes,No,No,Yes,Yes,Metformin,139,95,82,31.0,82.2,0.88,176.8
61,Male,Caucasian,33.3,Middle,Moderate,None,Never,6.4,Average,High,No,No,No,Yes,No,No,No,None,127,68,89,31.9,125.8,1.29,255.6
20,Female,Hispanic,20.6,High,Sedentary,None,Current,5.6,Good,Moderate,No,Yes,No,Yes,Yes,No,No,None,112,78,87,30.0,185.9,1.83,375.9
20,Male,South Asian,32.2,Low,Active,Moderate,Never,8.2,Good,Low,No,No,No,Yes,No,No,No,None,131,69,78,32.2,123.3,1.22,245.1
38,Male,Hispanic,26.0,Low,Moderate,Moderate,Never,4.1,Good,Moderate,No,Yes,No,Yes,No,No,No,None,142,82,69,31.2,162.9,1.57,312.4
48,Male,South Asian,31.5,Low,Sedentary,None,Former,4.0,Poor,Low,Yes,No,No,No,No,No,No,None,132,78,76,30.7,220.6,2.0,404.8
67,Female,South Asian,34.5,Middle,Moderate,None,Never,4.0,Good,Moderate,Yes,No,Yes,No,No,No,No,Metformin,150,88,82,32.7,124.4,1.29,255.2
51,Female,South Asian,19.3,Middle,Sedentary,None,Never,4.0,Average,Moderate,No,No,Yes,No,No,No,No,None,107,90,87,30.2,156.9,1.44,299.0
36,Male,Hispanic,31.4,Low,Moderate,None,Former,9.0,Poor,Moderate,No,No,No,No,No,No,No,None,135,96,77,32.6,143.7,1.43,280.4
25,Female,Caucasian,18.0,Low,Active,None,Never,8.2,Average,Moderate,Yes,No,No,No,No,No,No,Steroids,98,88,85,32.5,148.2,1.43,277.1
58,Male,Hispanic,19.8,Middle,Sedentary,None,Never,5.2,Average,Low,No,No,No,No,No,No,No,None,148,88,86,31.1,89.6,0.9,191.4
26,Female,Caucasian,21.0,Middle,Sedentary,None,Never,6.8,Poor,Low,No,No,No,Yes,Yes,No,No,None,131,76,72,31.7,110.0,1.02,202.2
64,Male,South Asian,27.5,Low,Sedentary,Heavy,Never,9.2,Good,High,Yes,No,No,Yes,No,Yes,No,None,114,78,69,32.3,100.1,0.93,185.8
36,Male,African,25.2,Low,Sedentary,Moderate,Never,7.8,Average,Low,No,Yes,No,No,No,No,No,None,103,83,92,32.2,142.5,1.31,254.8
64,Female,South Asian,24.2,Middle,Moderate,Moderate,Former,10.0,Average,Low,Yes,No,No,Yes,No,No,No,None,112,68,82,32.9,120.4,1.18,247.3
50,Female,Hispanic,25.7,Middle,Moderate,None,Never,6.8,Average,High,Yes,Yes,No,No,Yes,No,No,None,116,91,81,32.7,117.4,1.25,247.6
38,Male,South Asian,28.0,High,Sedentary,None,Never,6.0,Average,Moderate,No,No,No,Yes,No,No,No,None,123,79,70,33.0,99.9,0.99,194.1
32,Male,South Asian,28.3,Middle,Active,None,Former,5.4,Good,Moderate,No,No,No,Yes,No,No,No,None,120,82,54,33.2,166.0,1.71,340.2
35,Male,Hispanic,30.5,Middle,Sedentary,Heavy,Current,7.0,Good,Low,No,No,No,Yes,No,No,No,Insulin,110,65,80,32.1,121.3,1.16,226.7
46,Male,Other,34.1,Middle,Active,None,Current,8.4,Average,Low,No,No,No,No,No,No,No,Other,137,76,80,31.7,103.4,0.98,198.4
41,Female,South Asian,24.9,High,Sedentary,None,Never,7.1,Average,Moderate,No,No,No,No,No,No,No,None,95,89,82,31.9,121.2,1.23,247.3
31,Female,Hispanic,22.4,Low,Moderate,None,Never,6.5,Good,Moderate,No,No,No,No,No,No,No,Insulin,129,84,75,31.7,76.6,0.75,143.5
38,Male,South Asian,28.1,Low,Sedentary,Moderate,Never,8.9,Average,High,No,No,No,No,No,No,No,None,123,88,69,33.4,77.0,0.81,164.4
41,Male,Hispanic,19.3,Low,Sedentary,None,Current,7.8,Poor,Moderate,No,Yes,No,No,No,No,No,None,120,77,78,31.2,100.9,1.06,214.0
18,Female,African,21.6,Middle,Active,None,Current,6.8,Average,Low,No,No,No,No,No,No,No,None,129,81,88,33.1,87.5,0.93,178.7
47,Male,South Asian,30.0,Middle,Sedentary,Heavy,Never,5.9,Average,Moderate,No,No,No,No,No,Yes,Yes,None,110,79,80,31.5,75.8,0.69,139.3
25,Female,South Asian,24.4,Low,Active,None,Never,6.6,Good,Low,No,No,No,No,No,No,No,Steroids,108,87,62,33.1,72.2,0.78,145.7
23,Male,South Asian,19.0,Middle,Moderate,None,Never,7.7,Good,Low,Yes,Yes,No,Yes,No,No,No,None,116,83,73,32.7,120.5,1.2,244.2
18,Female,South Asian,18.0,Low,Active,None,Never,5.8,Average,Moderate,Yes,No,No,Yes,No,Yes,No,Metformin,112,76,69,32.0,133.3,1.23,245.2
18,Female,South Asian,25.2,Low,Active,Moderate,Current,5.1,Poor,Moderate,Yes,No,No,No,No,No,No,None,116,60,91,32.3,73.8,0.75,158.3
20,Female,African,30.7,Low,Sedentary,None,Never,6.3,Average,Low,No,No,No,No,No,No,No,None,131,82,73,30.9,118.2,1.14,233.8
29,Female,Other,30.6,Middle,Moderate,None,Never,6.9,Average,High,No,No,No,No,No,No,Yes,None,122,63,90,32.6,83.2,0.9,183.2
69,Male,South Asian,25.6,Middle,Active,Moderate,Current,9.0,Poor,Moderate,No,No,No,Yes,No,No,No,Metformin,120,87,77,32.9,98.5,0.94,181.4
32,Female,Caucasian,35.0,Middle,Sedentary,None,Never,5.3,Average,Low,Yes,No,No,Yes,No,No,No,Other,123,88,71,33.3,168.9,1.63,318.5
43,Female,Caucasian,24.5,High,Active,Heavy,Never,7.3,Good,Low,No,Yes,No,No,Yes,No,No,None,115,60,65,31.7,100.4,1.07,218.4
46,Male,Other,24.3,Middle,Moderate,Moderate,Never,6.6,Poor,High,No,No,No,No,No,No,No,None,134,83,71,34.2,100.8,1.08,207.7
42,Male,Caucasian,18.0,Middle,Moderate,None,Never,6.7,Good,High,No,No,No,No,No,No,No,None,128,83,75,31.7,98.7,0.97,193.8
39,Male,Caucasian,22.8,Low,Sedentary,None,Never,9.3,Poor,Moderate,No,Yes,No,No,No,No,Yes,Steroids,120,84,64,31.6,198.5,1.96,391.5
22,Male,Caucasian,29.3,Low,Moderate,Moderate,Never,7.1,Poor,Moderate,No,No,No,No,No,Yes,No,Steroids,103,68,81,31.8,113.9,1.11,217.7
62,Male,South Asian,32.8,Low,Sedentary,Moderate,Never,5.6,Poor,Moderate,No,Yes,No,No,No,No,No,None,140,85,67,31.8,154.5,1.51,300.2
67,Female,South Asian,20.8,Middle,Active,Moderate,Never,8.3,Average,High,No,No,No,No,No,No,No,None,130,67,60,30.6,70.5,0.62,122.8
18,Male,Caucasian,27.3,Low,Moderate,None,Never,8.2,Good,Low,Yes,No,No,No,No,No,No,None,129,87,62,30.9,75.2,0.73,145.9
25,Female,South Asian,30.2,Low,Sedentary,Heavy,Current,5.5,Good,High,No,No,No,Yes,No,No,No,Metformin,145,84,70,30.8,119.7,1.15,242.1
36,Male,Caucasian,25.1,Middle,Active,None,Never,5.2,Average,High,No,No,No,No,No,No,No,None,130,77,80,32.2,125.1,1.18,224.4
26,Male,South Asian,18.0,Low,Moderate,None,Never,7.6,Poor,Moderate,Yes,No,No,No,No,Yes,No,Metformin,119,84,91,33.5,92.4,0.92,184.5
48,Male,Caucasian,26.2,Middle,Active,Heavy,Never,7.0,Average,Low,Yes,No,No,No,No,No,No,None,112,71,73,31.3,100.0,0.95,190.0
29,Female,South Asian,28.8,Middle,Sedentary,Moderate,Never,6.3,Poor,Moderate,No,No,No,No,No,No,No,Insulin,112,74,78,31.9,82.3,0.86,174.9
72,Male,Other,20.3,Low,Moderate,None,Never,8.6,Good,Low,No,No,No,Yes,No,No,No,None,124,92,74,31.2,183.4,1.84,374.9
58,Male,Hispanic,23.7,Low,Moderate,Heavy,Former,6.1,Average,Low,No,Yes,No,Yes,No,No,No,Metformin,135,91,54,32.7,101.7,1.05,206.2
43,Male,South Asian,19.2,Low,Moderate,None,Never,7.6,Average,High,No,No,No,No,No,No,No,Metformin,135,69,79,32.3,99.4,0.97,196.1
55,Female,South Asian,18.0,Low,Sedentary,None,Former,8.8,Average,Moderate,Yes,No,No,No,No,No,No,None,99,74,75,32.9,70.5,0.74,144.2
57,Female,African,30.1,Middle,Sedentary,Moderate,Never,6.5,Good,Moderate,No,No,No,No,No,No,No,None,134,74,59,31.0,117.5,1.14,224.7
32,Male,South Asian,25.0,Middle,Active,None,Current,4.3,Average,Low,No,Yes,No,No,No,No,Yes,None,116,81,92,32.0,125.7,1.2,242.4
28,Female,South Asian,33.0,Low,Sedentary,Heavy,Current,6.4,Average,Moderate,Yes,Yes,No,No,No,No,No,Metformin,111,79,81,31.8,173.7,1.68,340.0
41,Female,South Asian,29.3,Low,Active,Moderate,Never,7.3,Average,Moderate,Yes,Yes,No,No,No,No,No,None,125,93,58,31.8,200.7,1.99,398.1
53,Male,Other,23.2,Middle,Sedentary,None,Never,8.5,Average,Low,No,No,No,No,No,No,No,None,132,95,80,33.0,81.3,0.85,169.7
42,Female,Hispanic,24.6,Low,Active,Moderate,Never,6.2,Good,Moderate,No,No,No,Yes,No,No,No,Other,102,98,105,31.4,70.4,0.74,160.6
18,Female,Caucasian,27.8,Low,Moderate,None,Current,9.6,Average,Low,Yes,No,No,Yes,No,No,No,Steroids,123,102,75,31.6,70.5,0.66,130.8
28,Male,Caucasian,29.8,Middle,Moderate,None,Never,5.1,Poor,Moderate,No,No,No,No,No,No,No,Metformin,96,64,82,31.2,93.7,0.94,180.5
39,Male,Other,26.6,Middle,Sedentary,Heavy,Former,7.2,Average,High,No,No,No,No,No,No,No,Insulin,132,78,69,34.2,70.3,0.76,145.8
39,Male,Other,30.5,Middle,Active,Moderate,Former,6.6,Poor,Low,No,No,No,No,No,No,No,None,103,73,71,31.0,90.3,0.94,195.8
70,Male,Other,23.5,Middle,Moderate,None,Never,9.0,Average,Low,No,No,No,No,No,No,No,Metformin,123,71,91,32.6,86.0,0.89,176.0
19,Female,South Asian,20.0,Low,Moderate,None,Never,4.8,Poor,Moderate,No,No,No,Yes,No,No,No,None,115,94,81,30.6,126.7,1.23,242.3
48,Male,South Asian,24.7,Middle,Sedentary,None,Never,7.6,Good,Moderate,No,No,No,No,No,Yes,No,Steroids,111,84,86,32.5,112.9,1.1,230.0
62,Female,African,26.0,Low,Moderate,None,Current,6.6,Average,Moderate,No,No,No,No,No,No,No,None,90,64,73,30.9,83.2,0.83,169.0
74,Female,Caucasian,19.0,Middle,Active,None,Never,9.3,Good,Moderate,No,Yes,No,Yes,No,No,No,Other,99,106,80,32.2,100.0,1.02,201.9
34,Female,South Asian,18.3,Middle,Sedentary,None,Never,5.8,Good,Low,No,No,No,No,No,Yes,No,Metformin,119,62,74,32.3,83.4,0.92,184.1
47,Female,South Asian,27.2,Low,Moderate,None,Never,7.6,Good,Moderate,No,Yes,No,Yes,No,No,No,None,106,76,81,31.9,125.3,1.32,263.7
49,Male,Hispanic,23.0,Low,Sedentary,Moderate,Never,5.7,Average,Low,Yes,Yes,No,No,No,No,No,None,115,81,74,32.7,123.5,1.29,258.0
43,Male,Hispanic,24.2,Low,Active,None,Never,7.3,Good,Low,No,Yes,No,No,No,No,No,Insulin,108,69,93,32.5,145.1,1.53,307.9
39,Female,South Asian,23.2,Low,Active,None,Current,6.4,Average,Moderate,Yes,No,No,Yes,No,No,No,None,116,86,73,31.3,74.9,0.68,140.4
47,Male,Hispanic,32.6,Low,Sedentary,Heavy,Former,6.4,Poor,Moderate,No,No,No,No,No,No,No,None,102,74,79,32.5,119.0,1.27,254.7
18,Male,Caucasian,31.3,Middle,Sedentary,None,Former,4.0,Good,Low,Yes,No,No,No,No,No,Yes,None,113,88,57,32.2,152.4,1.52,302.6
50,Female,Hispanic,18.8,High,Moderate,Moderate,Former,7.6,Average,Low,No,Yes,No,No,No,No,No,None,116,84,87,33.0,124.3,1.3,260.3
42,Female,Caucasian,22.3,Low,Sedentary,None,Former,5.4,Poor,Moderate,No,No,No,Yes,No,No,No,Metformin,120,60,63,30.5,101.8,1.0,190.3
37,Male,South Asian,29.3,Low,Sedentary,None,Never,5.3,Good,Moderate,No,No,No,No,No,Yes,No,Metformin,93,64,69,32.1,91.3,0.88,181.5
71,Female,Caucasian,28.0,Low,Sedentary,None,Current,4.7,Average,Low,No,No,No,Yes,No,No,No,Other,121,88,63,32.1,88.6,0.88,181.3
30,Female,Caucasian,24.8,Low,Sedentary,None,Never,5.4,Good,Low,No,Yes,No,Yes,No,No,No,None,103,84,61,31.6,113.2,1.14,234.4
34,Male,Caucasian,19.3,Low,Sedentary,None,Never,7.8,Good,Moderate,Yes,No,No,Yes,No,No,No,None,100,70,85,33.1,143.3,1.4,279.2
70,Male,South Asian,21.6,Middle,Sedentary,None,Never,7.7,Average,Low,Yes,No,No,Yes,No,No,No,None,138,73,67,31.3,112.8,1.07,212.4
28,Female,Other,22.4,Low,Sedentary,None,Never,8.0,Average,Moderate,No,No,No,No,No,No,No,Insulin,131,79,60,32.7,122.8,1.24,244.2
32,Male,South Asian,26.4,High,Moderate,None,Never,5.5,Good,Moderate,No,No,No,No,No,No,No,None,128,60,60,31.3,95.7,0.98,195.4
38,Male,South Asian,33.5,Middle,Moderate,None,Never,7.3,Average,High,No,No,No,No,No,No,No,None,117,103,86,33.3,110.0,1.16,232.1
53,Male,Caucasian,21.6,Middle,Sedentary,Heavy,Former,6.1,Poor,Moderate,Yes,No,No,Yes,No,No,No,None,111,70,71,32.4,176.8,1.81,368.2
43,Female,Caucasian,19.9,Low,Moderate,Moderate,Never,8.4,Poor,Moderate,Yes,No,No,No,No,Yes,No,None,142,80,75,30.4,172.7,1.72,343.9
21,Male,Caucasian,24.5,Middle,Active,Moderate,Never,7.6,Poor,Moderate,Yes,No,No,Yes,No,No,No,None,122,97,84,33.1,100.1,1.04,209.3
32,Male,Hispanic,30.2,Middle,Sedentary,Moderate,Current,6.0,Average,Moderate,Yes,No,No,No,No,No,No,None,107,78,81,32.6,121.8,1.25,251.5
31,Male,Caucasian,18.0,Low,Active,None,Never,8.6,Poor,Moderate,Yes,No,No,No,No,Yes,No,Insulin,105,83,77,32.1,85.1,0.75,156.4
39,Other,African,32.3,Low,Moderate,None,Never,7.8,Average,Moderate,Yes,Yes,No,No,No,No,No,Steroids,125,70,88,31.4,102.7,1.03,200.5
46,Male,African,24.1,High,Sedentary,Moderate,Former,4.9,Average,High,No,No,No,No,No,No,No,None,115,75,62,31.1,114.2,1.15,226.0
46,Female,South Asian,21.3,Low,Sedentary,None,Never,4.5,Poor,High,No,Yes,No,Yes,No,No,No,Insulin,135,71,72,32.5,114.5,1.1,222.5
18,Female,Caucasian,18.0,Middle,Moderate,None,Never,5.0,Average,Moderate,Yes,No,No,No,No,No,No,None,121,93,84,30.5,144.5,1.5,304.7
56,Male,Hispanic,28.5,Low,Moderate,None,Never,9.5,Good,High,No,No,No,No,No,No,Yes,Metformin,102,73,93,31.3,123.1,1.17,241.8
44,Female,South Asian,24.1,Low,Sedentary,None,Never,5.5,Average,Moderate,No,No,Yes,No,No,No,No,None,148,73,95,32.7,69.2,0.68,135.5
61,Female,Caucasian,25.9,Low,Active,None,Never,9.8,Average,Moderate,No,No,No,Yes,No,No,No,None,105,71,63,30.6,161.1,1.6,318.8
47,Female,Other,20.5,Low,Moderate,Heavy,Never,5.4,Good,Moderate,No,No,No,No,No,No,No,None,102,84,76,30.6,148.7,1.52,305.8
57,Male,South Asian,23.4,Middle,Sedentary,Moderate,Never,5.2,Average,Low,No,No,No,No,No,No,No,None,119,86,80,32.5,69.5,0.78,155.2
47,Female,Caucasian,22.6,Middle,Sedentary,None,Never,8.3,Average,High,No,Yes,No,Yes,No,No,No,None,127,60,73,31.7,107.7,1.06,208.8
60,Female,Other,24.5,Middle,Sedentary,Moderate,Current,8.4,Average,Moderate,Yes,No,No,Yes,Yes,No,No,None,107,81,82,33.7,99.2,1.07,216.5
48,Female,South Asian,21.7,Middle,Sedentary,None,Never,7.8,Good,Moderate,No,Yes,No,No,No,No,No,Steroids,130,83,98,31.7,108.3,1.13,230.5
39,Male,South Asian,18.0,Low,Sedentary,Moderate,Current,8.0,Average,Moderate,Yes,No,No,No,No,Yes,No,Metformin,113,94,66,30.4,143.3,1.34,271.2
74,Female,Hispanic,38.6,Middle,Moderate,Moderate,Never,5.8,Average,Moderate,No,No,No,Yes,No,No,No,Steroids,157,68,62,33.1,80.6,0.78,152.5
53,Male,Hispanic,18.2,Middle,Moderate,None,Former,8.2,Average,Low,No,No,No,Yes,No,No,No,None,125,69,81,30.7,83.7,0.79,154.4
49,Male,Caucasian,25.9,Middle,Sedentary,Moderate,Never,7.4,Good,Low,No,No,No,Yes,No,No,No,Insulin,104,86,70,31.0,109.9,1.09,216.2
21,Male,Caucasian,18.0,Middle,Moderate,None,Never,6.5,Average,High,No,No,No,No,No,No,No,Other,109,79,82,31.7,136.5,1.37,273.4
21,Female,Hispanic,18.0,Middle,Sedentary,None,Never,7.1,Good,High,No,Yes,No,No,No,No,No,None,127,94,77,32.2,176.4,1.75,361.7
44,Male,African,25.5,Low,Sedentary,Moderate,Current,8.6,Average,High,No,No,No,No,No,Yes,No,None,108,91,73,32.4,124.8,1.26,260.4
42,Female,South Asian,25.9,Middle,Moderate,Moderate,Never,7.6,Good,Low,No,No,No,No,No,No,No,None,119,83,68,33.0,105.7,1.1,222.3
31,Other,South Asian,31.3,Low,Sedentary,Moderate,Never,4.0,Average,Moderate,No,No,No,No,No,Yes,Yes,None,150,79,76,30.0,108.9,0.99,195.9
42,Male,Caucasian,27.0,Middle,Active,Heavy,Never,8.3,Poor,Moderate,No,No,No,No,No,No,No,None,130,78,71,31.1,75.9,0.76,161.2
64,Female,Hispanic,24.3,Low,Active,Moderate,Never,8.2,Good,Moderate,No,No,No,Yes,No,Yes,Yes,None,129,80,86,33.1,95.9,0.95,193.9
50,Male,Hispanic,20.3,Middle,Moderate,Moderate,Former,6.4,Good,Moderate,No,No,No,No,No,No,No,Metformin,150,81,76,31.1,70.5,0.67,134.0
23,Male,Other,32.5,Middle,Sedentary,Moderate,Former,7.2,Good,Low,No,No,No,No,No,Yes,Yes,Insulin,109,94,62,31.9,109.3,1.1,224.2
38,Female,Hispanic,29.6,Middle,Sedentary,None,Never,7.2,Average,Low,No,No,No,No,No,No,No,None,120,60,89,33.3,79.1,0.86,174.8
28,Female,Caucasian,18.8,Middle,Sedentary,None,Never,4.0,Average,Low,Yes,No,No,Yes,No,No,No,None,115,76,74,31.8,154.1,1.55,319.5
34,Female,Caucasian,25.2,Middle,Moderate,None,Never,6.4,Good,Moderate,No,No,No,No,No,No,No,None,111,82,96,31.7,111.9,1.13,217.1
34,Female,Hispanic,25.7,Middle,Active,None,Current,6.5,Poor,Moderate,No,No,No,No,No,No,No,Insulin,116,74,72,31.8,99.3,0.95,179.1
33,Male,African,23.3,Low,Moderate,Moderate,Never,6.8,Good,High,Yes,No,No,No,No,Yes,No,Insulin,113,77,67,33.3,108.1,1.1,223.8
21,Male,Caucasian,28.9,Middle,Moderate,None,Never,6.2,Average,Low,Yes,No,No,No,No,Yes,No,None,110,76,72,30.4,83.0,0.84,169.8
38,Female,South Asian,29.2,Middle,Moderate,None,Never,8.0,Poor,Moderate,Yes,No,No,No,No,No,No,Insulin,116,93,74,33.8,114.8,1.17,241.6
32,Male,Other,24.0,Middle,Active,Moderate,Never,5.8,Average,High,No,No,No,No,No,No,No,Metformin,110,76,72,31.8,125.2,1.23,239.5
18,Male,Caucasian,23.6,High,Sedentary,None,Former,8.4,Average,Moderate,Yes,No,No,No,No,No,No,None,125,73,69,31.7,90.5,0.97,194.3
71,Female,South Asian,32.5,Low,Active,None,Never,7.9,Poor,Low,No,No,No,Yes,No,Yes,No,Insulin,106,88,70,31.2,114.7,1.11,224.8
56,Male,African,29.7,Low,Moderate,None,Former,9.0,Poor,Low,No,No,No,No,No,No,No,None,135,75,92,30.9,82.4,0.86,168.5
34,Male,African,25.4,Middle,Sedentary,Moderate,Never,9.6,Average,Moderate,No,No,No,No,No,No,No,None,131,78,72,30.0,115.4,1.12,229.0
40,Female,South Asian,18.0,Middle,Active,None,Former,9.6,Average,Low,No,No,No,No,No,No,No,None,127,69,96,33.2,145.4,1.5,301.9
22,Female,Hispanic,26.7,Middle,Active,Heavy,Never,5.2,Good,High,No,No,No,No,Yes,No,No,None,113,76,85,30.0,94.7,0.87,172.8
65,Female,South Asian,28.5,Middle,Moderate,None,Current,7.5,Average,Moderate,No,No,No,Yes,No,No,No,None,121,80,74,31.9,93.1,0.96,187.8
68,Female,South Asian,18.0,Middle,Active,Moderate,Never,5.9,Average,Moderate,Yes,Yes,No,No,No,No,No,Metformin,118,67,82,31.6,222.1,2.0,401.2
42,Male,Caucasian,26.3,Middle,Sedentary,None,Former,10.0,Poor,Moderate,No,No,No,Yes,No,No,No,None,120,79,70,32.3,77.7,0.73,148.0
55,Female,African,22.9,Middle,Sedentary,None,Former,7.9,Average,High,No,Yes,Yes,No,No,No,No,Steroids,100,85,86,30.0,100.3,0.95,186.9
43,Female,Other,23.9,Low,Sedentary,None,Never,9.1,Average,Moderate,No,No,No,No,No,Yes,No,None,122,60,88,31.2,126.2,1.15,238.1
20,Male,Hispanic,20.5,Middle,Moderate,None,Never,7.7,Average,Moderate,Yes,No,No,No,No,No,No,Metformin,125,73,81,32.5,83.4,0.79,164.7
34,Male,Other,24.3,Middle,Sedentary,None,Current,4.0,Average,High,No,No,No,No,No,No,No,None,142,106,70,32.2,82.2,0.85,162.5
42,Female,South Asian,32.0,Middle,Sedentary,None,Never,5.8,Good,High,Yes,Yes,No,No,No,No,No,None,105,78,81,31.3,100.5,0.99,199.3
33,Female,South Asian,22.8,Low,Moderate,None,Current,6.0,Poor,Low,No,No,No,No,No,No,No,Other,102,91,68,32.1,213.2,2.0,400.4
37,Female,Caucasian,29.8,Low,Sedentary,Moderate,Never,6.4,Average,Low,No,Yes,No,No,No,No,Yes,None,135,80,61,33.7,124.9,1.23,242.9
39,Female,South Asian,21.0,Middle,Sedentary,None,Never,7.5,Poor,Low,Yes,Yes,No,No,No,No,No,Metformin,97,77,78,33.1,180.2,1.79,356.3
39,Female,Hispanic,28.8,Low,Sedentary,Heavy,Never,7.8,Average,Low,No,No,No,Yes,No,Yes,No,None,142,89,59,33.0,84.2,0.91,174.7
41,Female,African,25.0,Low,Sedentary,Moderate,Never,4.0,Average,High,No,No,No,No,No,No,No,Steroids,138,92,71,32.5,100.1,1.01,207.6
24,Female,Other,26.8,Low,Sedentary,None,Never,6.6,Average,Moderate,Yes,Yes,No,Yes,No,No,No,Steroids,129,71,79,32.2,126.0,1.3,248.9
29,Male,South Asian,25.0,Middle,Sedentary,None,Never,6.3,Average,Moderate,Yes,No,No,No,No,No,No,Other,97,69,91,31.3,75.9,0.79,158.2
21,Female,Caucasian,28.2,Middle,Sedentary,Moderate,Current,9.1,Good,Low,No,No,No,No,No,Yes,No,None,118,66,69,32.1,82.7,0.79,154.1
55,Male,Caucasian,18.0,Middle,Sedentary,Moderate,Former,7.9,Good,High,No,No,No,No,No,No,No,None,119,71,65,34.0,113.3,1.12,229.7
18,Female,South Asian,18.0,Low,Sedentary,Moderate,Never,6.7,Average,High,No,No,No,Yes,No,No,No,None,124,91,83,32.9,106.9,1.07,212.0
57,Female,Caucasian,27.1,Middle,Active,Moderate,Never,7.3,Average,Moderate,Yes,No,Yes,Yes,No,No,Yes,None,128,80,77,31.6,73.5,0.84,180.7
61,Female,Caucasian,18.0,Middle,Sedentary,None,Former,4.5,Good,Moderate,No,No,No,Yes,No,No,Yes,Insulin,109,92,76,30.0,75.0,0.74,149.5
35,Female,Caucasian,22.3,Low,Moderate,None,Never,8.0,Good,Moderate,No,No,No,No,Yes,No,No,Other,136,70,60,32.8,202.0,2.0,392.4
18,Male,South Asian,24.7,Low,Sedentary,Moderate,Current,6.4,Good,Moderate,No,No,No,No,No,No,Yes,Metformin,128,70,86,32.9,73.4,0.79,165.7
35,Male,South Asian,20.9,Middle,Sedentary,Moderate,Never,5.8,Poor,Low,Yes,No,No,No,No,No,No,None,128,76,54,31.5,83.2,0.78,158.4
39,Male,Caucasian,21.5,Middle,Sedentary,Moderate,Former,9.0,Good,Moderate,No,No,No,Yes,No,Yes,No,Insulin,117,83,77,31.3,70.3,0.73,139.6
25,Female,South Asian,26.4,Middle,Active,Moderate,Never,7.4,Good,Moderate,No,No,Yes,No,No,No,No,Steroids,126,79,87,30.1,109.1,1.1,217.4
32,Female,South Asian,30.0,Low,Sedentary,None,Former,6.0,Average,Moderate,No,No,No,No,No,No,No,None,90,87,76,33.3,99.7,1.02,212.0
63,Female,South Asian,20.2,Middle,Moderate,Heavy,Never,6.1,Good,Moderate,Yes,No,No,Yes,No,No,No,None,126,84,73,31.6,124.8,1.22,253.2
50,Male,South Asian,22.1,Middle,Moderate,Heavy,Never,7.5,Good,High,No,No,No,Yes,No,No,No,Metformin,145,85,65,32.3,94.1,0.84,163.6
26,Male,South Asian,21.3,Middle,Sedentary,None,Never,7.4,Average,Moderate,No,No,No,No,No,No,No,None,132,87,69,30.9,164.2,1.51,305.6
18,Female,South Asian,18.0,High,Active,None,Never,7.0,Good,Moderate,No,No,No,No,Yes,No,No,Steroids,130,91,97,30.6,70.2,0.67,133.9
35,Male,Caucasian,25.7,High,Sedentary,None,Never,5.2,Good,High,No,No,No,No,No,Yes,No,None,132,60,70,33.5,95.3,0.88,174.9
37,Female,African,29.7,Middle,Sedentary,Moderate,Former,5.4,Good,Moderate,No,No,Yes,No,No,No,Yes,Metformin,138,80,80,31.6,103.8,1.03,200.1
47,Female,African,30.1,Low,Sedentary,None,Never,5.9,Good,Moderate,Yes,No,No,No,No,No,No,None,117,88,67,31.2,174.6,1.71,342.2
32,Female,Hispanic,20.6,Middle,Sedentary,None,Never,6.7,Average,Moderate,No,No,No,No,No,No,No,Steroids,135,105,72,34.9,94.5,1.04,199.4
48,Male,Caucasian,18.7,Low,Sedentary,None,Never,6.9,Poor,Moderate,No,No,No,Yes,No,No,No,None,127,79,59,33.0,174.4,1.85,377.0
69,Female,Caucasian,25.1,Middle,Moderate,None,Former,6.8,Poor,Low,Yes,Yes,No,No,No,No,No,None,121,60,75,31.3,152.5,1.58,320.6
52,Male,Hispanic,29.1,Low,Sedentary,None,Current,6.8,Good,Moderate,No,Yes,No,No,No,No,No,None,140,94,71,32.7,116.2,1.21,235.8
39,Other,Caucasian,25.8,Middle,Moderate,Moderate,Former,9.8,Average,High,Yes,No,No,Yes,No,No,No,None,110,68,88,30.4,89.1,0.94,188.9
37,Male,African,26.4,Low,Sedentary,Moderate,Current,8.3,Average,Moderate,No,No,No,No,No,No,Yes,Steroids,110,85,67,31.7,99.3,0.95,196.3
35,Male,Caucasian,30.7,Middle,Active,None,Current,8.8,Average,Moderate,Yes,No,No,No,No,No,No,None,90,85,71,31.2,118.9,1.11,224.3
58,Female,Caucasian,21.3,Low,Sedentary,Moderate,Former,7.7,Average,Low,No,No,No,No,No,No,No,Steroids,106,81,84,32.4,82.4,0.77,154.3
31,Male,Hispanic,23.9,Middle,Moderate,Moderate,Never,7.1,Average,High,No,No,No,No,No,No,No,None,113,60,75,33.7,111.4,1.18,235.4
41,Female,South Asian,33.2,Middle,Moderate,None,Never,7.6,Good,Moderate,Yes,No,No,No,No,No,No,None,119,76,73,30.3,187.4,1.79,360.4
41,Female,South Asian,24.0,Middle,Sedentary,None,Never,7.3,Average,Moderate,No,No,No,No,No,No,Yes,Insulin,127,64,73,33.9,77.5,0.75,144.8
32,Female,South Asian,18.7,Low,Sedentary,None,Current,8.2,Good,Moderate,No,No,No,No,No,No,No,None,133,85,65,32.7,86.6,0.95,187.2
19,Other,South Asian,21.7,Middle,Sedentary,None,Never,5.5,Average,Moderate,No,No,No,No,No,No,No,None,100,71,71,31.0,76.5,0.67,134.7
45,Male,South Asian,20.3,Low,Sedentary,Heavy,Never,8.1,Average,Low,Yes,No,No,No,No,No,No,None,122,60,76,31.0,126.8,1.22,243.6
39,Female,Caucasian,26.8,Middle,Sedentary,Moderate,Current,7.3,Average,Low,No,No,Yes,No,No,No,No,Steroids,105,87,63,31.3,90.5,0.92,176.5
48,Male,Hispanic,20.5,High,Moderate,None,Never,4.3,Good,Low,No,No,No,No,No,Yes,No,None,100,67,64,31.1,125.7,1.23,252.3
32,Male,Hispanic,26.4,Middle,Sedentary,Heavy,Former,7.1,Average,Moderate,No,No,No,No,No,No,No,None,125,81,87,31.2,81.6,0.78,156.4
58,Female,South Asian,21.3,Low,Moderate,Moderate,Former,5.0,Average,Moderate,Yes,Yes,No,No,No,Yes,No,None,122,73,80,30.2,119.3,1.18,238.2
27,Male,Other,18.0,Low,Sedentary,Heavy,Current,6.2,Average,Moderate,No,Yes,No,No,No,No,No,None,127,89,78,31.8,126.1,1.32,263.3
66,Female,Caucasian,26.5,High,Active,None,Current,6.8,Good,Moderate,No,No,No,No,No,No,No,None,129,88,70,32.7,73.6,0.77,147.9
18,Female,South Asian,25.7,Low,Sedentary,Moderate,Current,4.7,Average,Low,Yes,No,No,No,No,No,No,None,113,82,77,31.4,175.2,1.71,345.2
47,Female,Hispanic,27.6,Middle,Sedentary,Moderate,Former,6.9,Good,Moderate,Yes,No,No,No,No,No,No,Metformin,136,79,51,32.3,86.7,0.85,168.2
47,Female,African,21.6,Middle,Sedentary,Moderate,Never,7.1,Average,Low,Yes,No,No,No,Yes,No,No,Steroids,106,76,63,33.1,125.9,1.25,248.0
28,Male,African,21.1,Middle,Sedentary,None,Former,8.1,Average,Moderate,No,No,No,Yes,No,No,No,Insulin,104,68,81,30.5,78.3,0.75,152.7
46,Female,South Asian,27.0,Middle,Moderate,Moderate,Current,6.3,Poor,Moderate,No,Yes,Yes,No,No,No,No,None,126,74,68,31.3,168.4,1.73,345.4
59,Female,Caucasian,32.6,Low,Moderate,None,Never,7.4,Poor,Low,No,No,No,No,No,No,No,None,123,85,73,30.5,81.0,0.71,137.7
18,Male,Hispanic,25.1,Middle,Moderate,Moderate,Never,6.9,Poor,Moderate,Yes,No,No,Yes,No,No,No,None,108,100,79,30.6,94.9,0.99,189.7
48,Male,Caucasian,27.1,Middle,Moderate,Moderate,Never,6.4,Average,Moderate,No,No,No,No,No,No,No,Metformin,108,86,67,33.4,81.9,0.83,165.4
18,Female,African,23.4,Low,Active,None,Never,4.5,Poor,Moderate,No,No,No,No,No,No,No,Steroids,126,87,69,31.5,69.7,0.75,149.4
26,Male,Caucasian,18.0,Low,Moderate,None,Never,6.8,Good,Moderate,No,No,No,Yes,No,No,No,None,124,79,71,32.5,126.5,1.27,252.6
64,Male,Hispanic,29.8,Middle,Sedentary,Moderate,Former,8.1,Good,Low,No,No,No,Yes,No,No,No,None,104,85,77,32.2,69.6,0.7,146.0
31,Female,South Asian,29.5,Low,Sedentary,None,Never,5.6,Average,Moderate,No,No,No,No,No,No,No,Insulin,110,60,59,32.7,99.5,0.97,199.2
22,Female,Caucasian,28.6,Middle,Sedentary,None,Never,6.7,Average,High,No,Yes,No,No,No,No,No,Metformin,106,73,78,32.1,170.2,1.82,365.2
37,Female,South Asian,24.1,Low,Moderate,Moderate,Never,6.9,Average,Moderate,No,No,No,No,No,No,No,None,90,87,75,32.1,72.3,0.8,151.4
71,Female,African,28.0,Low,Sedentary,Moderate,Never,8.7,Average,Low,Yes,No,Yes,No,No,No,No,None,140,87,76,30.5,78.8,0.76,157.5
18,Female,African,29.5,Low,Moderate,None,Never,7.0,Average,Moderate,Yes,No,No,Yes,No,No,No,None,124,75,68,32.0,80.9,0.86,180.0
24,Male,South Asian,33.1,Low,Sedentary,None,Never,7.4,Average,Low,Yes,No,No,Yes,No,No,Yes,Insulin,137,67,74,32.0,125.8,1.25,246.1
62,Male,African,29.9,Middle,Active,Moderate,Current,7.0,Average,High,No,No,No,No,No,No,No,None,115,79,85,31.1,81.9,0.79,152.8
68,Male,Caucasian,25.3,Low,Active,Moderate,Current,6.3,Average,High,No,No,No,No,No,Yes,No,Steroids,105,76,82,30.0,125.3,1.28,248.6
38,Female,South Asian,18.5,Middle,Sedentary,None,Current,5.3,Average,Moderate,Yes,No,Yes,Yes,No,No,No,None,107,89,87,32.2,135.8,1.36,266.7
21,Male,Caucasian,25.8,High,Active,None,Never,6.6,Good,High,No,No,No,No,No,Yes,No,Metformin,107,87,66,33.2,81.8,0.78,157.1
71,Male,South Asian,26.3,Middle,Active,None,Current,7.6,Good,Low,No,No,No,No,No,No,No,None,112,95,82,30.2,99.6,0.97,191.7
64,Female,Caucasian,28.5,Low,Active,Heavy,Former,7.2,Good,Low,No,No,No,Yes,No,No,No,None,97,91,69,31.8,81.1,0.76,157.1
50,Male,South Asian,31.8,High,Sedentary,None,Current,9.2,Average,Moderate,Yes,No,No,Yes,No,No,No,None,114,77,52,30.0,99.5,0.95,190.7
28,Male,African,24.5,Low,Moderate,None,Never,8.4,Good,Moderate,Yes,No,No,No,No,No,No,Metformin,111,83,84,32.6,152.5,1.57,318.2
39,Female,Hispanic,35.5,Middle,Sedentary,None,Never,8.9,Average,Moderate,Yes,No,No,No,No,No,No,None,133,100,83,33.2,109.5,1.08,217.2
38,Male,African,18.0,Middle,Moderate,None,Never,4.0,Good,Moderate,No,No,No,Yes,No,No,No,Insulin,128,76,90,31.9,86.3,0.85,173.2
45,Male,South Asian,27.1,Low,Moderate,Moderate,Current,9.4,Good,Low,Yes,Yes,No,Yes,No,No,No,None,114,82,60,32.6,160.1,1.54,312.7
62,Male,Other,21.0,Middle,Moderate,None,Former,7.4,Average,High,No,No,No,No,No,No,No,Metformin,127,80,77,32.1,112.3,1.15,235.9
53,Female,African,18.0,Low,Sedentary,None,Never,7.6,Average,Low,No,No,No,No,No,No,No,Other,104,80,73,31.0,123.8,1.27,249.8
24,Female,South Asian,24.0,Middle,Active,None,Never,8.3,Average,Moderate,No,No,No,Yes,No,No,No,None,101,71,86,31.9,91.1,0.87,174.5
61,Male,Hispanic,18.0,Low,Sedentary,None,Current,7.0,Poor,Low,No,No,No,No,No,Yes,No,None,119,93,61,32.0,107.4,1.0,194.3
45,Female,South Asian,24.2,Middle,Sedentary,Moderate,Current,5.4,Average,Low,No,No,No,No,No,Yes,No,Steroids,122,71,72,31.9,77.3,0.7,138.6
50,Male,Caucasian,25.2,Middle,Moderate,None,Former,9.2,Good,Low,No,No,No,Yes,No,No,No,Other,118,99,76,32.4,100.4,0.95,195.4
62,Female,Caucasian,30.6,Low,Active,Moderate,Former,5.8,Average,Moderate,No,Yes,No,No,No,No,Yes,None,140,96,82,32.1,137.1,1.31,267.0
23,Male,Caucasian,18.0,Middle,Active,None,Never,5.5,Average,Moderate,No,No,No,No,No,No,No,None,130,83,79,31.8,90.5,1.0,191.2
39,Female,Hispanic,29.5,Middle,Moderate,None,Never,6.6,Average,Moderate,No,No,No,No,No,No,No,None,136,80,75,31.4,93.9,0.93,184.8
32,Female,Caucasian,25.5,Middle,Sedentary,None,Current,6.4,Poor,Moderate,No,No,No,No,No,Yes,No,None,112,72,72,32.5,118.0,1.17,236.7
18,Female,South Asian,30.1,Middle,Sedentary,Heavy,Former,7.0,Good,High,No,No,Yes,No,No,No,No,Insulin,125,81,74,32.4,104.9,1.12,217.2
45,Male,Other,22.8,Middle,Sedentary,None,Former,6.9,Average,Low,No,No,No,No,No,No,No,None,104,91,83,32.2,102.3,1.03,206.7
78,Male,Other,18.3,Low,Sedentary,Moderate,Never,9.0,Average,Low,No,Yes,No,No,No,No,No,Metformin,109,73,67,31.2,115.2,1.05,204.7
18,Female,African,18.9,Middle,Sedentary,None,Never,7.7,Good,Moderate,No,No,No,No,No,No,No,Metformin,125,95,73,30.9,91.4,0.9,186.5
40,Male,Caucasian,18.5,Middle,Sedentary,None,Never,5.7,Average,Moderate,No,No,No,No,No,No,No,None,107,90,73,32.7,84.5,0.88,182.6
50,Female,South Asian,27.4,Middle,Sedentary,None,Never,5.9,Poor,Low,No,No,No,Yes,No,No,No,None,108,79,54,31.1,114.4,1.16,223.6
42,Female,Hispanic,32.4,Middle,Active,Heavy,Never,6.4,Good,Moderate,Yes,Yes,No,Yes,No,No,No,None,126,88,55,31.7,125.5,1.33,261.0
38,Female,South Asian,22.2,Low,Moderate,None,Current,6.4,Average,Moderate,No,No,No,No,No,No,No,None,109,71,60,30.4,84.6,0.85,173.5
21,Male,South Asian,28.1,Low,Moderate,Moderate,Former,6.2,Good,Moderate,Yes,Yes,No,No,No,Yes,No,Steroids,134,79,73,32.4,135.4,1.35,275.5
43,Female,Caucasian,18.0,Low,Sedentary,Heavy,Never,5.3,Average,Moderate,No,No,No,Yes,No,No,No,Steroids,117,102,80,30.8,99.7,0.93,188.2
29,Female,South Asian,25.9,Low,Sedentary,None,Never,7.4,Average,Moderate,No,No,No,No,No,No,No,None,117,92,69,30.7,89.5,0.87,175.0
18,Female,South Asian,28.3,Low,Sedentary,None,Current,6.3,Good,High,No,No,No,No,No,No,No,Steroids,124,85,59,31.0,68.5,0.63,129.1
58,Male,Caucasian,18.0,High,Sedentary,None,Never,5.6,Average,Low,Yes,No,No,No,No,No,No,None,118,81,84,32.4,113.7,1.16,234.6
54,Male,South Asian,24.0,Low,Moderate,None,Former,7.7,Average,Moderate,Yes,No,No,No,No,No,No,Other,124,79,78,31.8,107.7,0.96,195.1
41,Male,South Asian,28.6,Middle,Sedentary,None,Never,8.3,Average,Low,No,No,No,No,No,No,No,None,106,80,73,31.4,111.2,1.15,227.8
43,Male,South Asian,18.0,Low,Active,Moderate,Never,6.6,Average,Moderate,Yes,No,No,No,No,No,No,None,90,72,77,33.7,96.6,1.01,198.5
56,Female,South Asian,31.7,Middle,Active,Moderate,Never,9.7,Poor,High,No,No,No,No,No,No,No,Other,99,87,64,32.5,117.9,1.2,237.9
43,Female,African,26.8,High,Sedentary,Moderate,Never,10.0,Average,Low,No,No,No,Yes,No,No,No,None,113,90,85,30.0,71.8,0.7,152.8
54,Male,Hispanic,28.6,Low,Sedentary,Heavy,Never,7.7,Poor,Moderate,No,Yes,No,No,No,Yes,No,Metformin,127,77,78,31.1,105.0,0.96,184.5
36,Female,Caucasian,22.9,Middle,Active,None,Former,6.3,Average,High,Yes,No,No,No,No,No,No,None,152,85,74,30.0,134.8,1.28,253.3
60,Male,Caucasian,18.0,High,Moderate,None,Former,7.4,Good,Moderate,No,No,No,Yes,No,No,No,None,111,73,72,31.5,94.1,0.91,182.7
45,Male,South Asian,27.7,Middle,Moderate,None,Current,5.2,Average,Moderate,Yes,Yes,No,Yes,No,No,No,None,110,79,76,33.0,117.7,1.2,238.2
43,Male,South Asian,24.6,Low,Moderate,None,Current,5.7,Good,High,No,No,No,No,No,No,Yes,Other,125,72,80,32.2,105.7,1.04,213.8
21,Male,South Asian,25.2,Middle,Sedentary,None,Never,4.5,Average,Low,No,No,No,No,No,No,No,None,123,78,58,31.8,97.6,1.0,204.1
44,Female,Caucasian,30.4,Middle,Sedentary,None,Never,6.1,Good,Low,Yes,No,No,Yes,No,No,No,Steroids,124,81,67,31.5,111.1,1.04,217.6
28,Male,African,28.8,Low,Sedentary,Moderate,Former,5.2,Average,High,Yes,No,No,No,No,No,No,None,116,86,72,32.3,98.3,0.94,186.6
30,Female,African,34.6,Middle,Sedentary,Heavy,Never,7.9,Average,Low,No,No,No,No,No,No,No,Metformin,90,74,71,30.3,100.2,0.99,206.7
28,Male,South Asian,25.8,Low,Sedentary,None,Current,5.9,Average,High,No,Yes,No,No,No,No,No,None,123,85,68,31.9,126.1,1.39,276.3
24,Female,South Asian,21.5,Low,Sedentary,Moderate,Never,7.4,Average,Moderate,Yes,Yes,Yes,Yes,No,No,No,None,119,70,83,32.2,190.5,2.0,401.4
72,Male,Hispanic,24.1,Middle,Active,Moderate,Current,8.1,Average,High,Yes,Yes,No,No,No,No,No,Insulin,96,83,68,30.7,83.4,0.79,166.2
60,Male,South Asian,27.1,Middle,Moderate,None,Current,8.8,Poor,Moderate,No,Yes,No,No,No,Yes,No,None,129,102,64,31.1,171.8,1.7,344.1
69,Male,African,30.1,Low,Sedentary,None,Never,6.5,Poor,Moderate,Yes,No,No,No,No,No,Yes,None,131,76,70,34.0,100.4,1.09,218.6
22,Male,Caucasian,18.0,Middle,Sedentary,Heavy,Never,7.5,Good,Moderate,Yes,No,No,No,No,No,No,None,128,67,90,32.5,69.6,0.64,132.9
41,Male,African,25.0,Low,Moderate,Moderate,Never,7.5,Good,Low,Yes,No,No,Yes,No,Yes,No,Metformin,114,89,75,30.3,114.3,1.1,222.1
21,Female,Other,33.0,Low,Sedentary,Heavy,Never,8.9,Poor,Low,No,Yes,No,Yes,No,No,No,None,123,83,70,31.2,145.4,1.51,304.9
30,Female,Other,23.8,Middle,Moderate,None,Former,8.2,Average,Moderate,No,No,No,No,No,No,No,None,107,85,72,32.0,104.4,1.1,215.9
26,Female,Caucasian,29.7,Middle,Active,None,Never,9.0,Poor,High,No,No,Yes,No,No,No,No,None,99,93,57,34.3,112.7,1.2,237.7
59,Female,Caucasian,27.5,Low,Moderate,None,Never,4.5,Average,Moderate,Yes,No,No,Yes,Yes,No,No,None,119,73,73,32.9,124.7,1.27,253.8
34,Male,South Asian,29.8,Low,Sedentary,Heavy,Current,6.0,Average,High,No,Yes,No,No,No,No,No,Metformin,97,73,77,33.1,124.0,1.22,249.7
56,Male,Other,21.0,Middle,Moderate,None,Current,8.5,Good,High,No,No,No,Yes,No,No,Yes,Insulin,118,85,79,32.4,78.6,0.79,156.8
49,Other,Caucasian,21.0,Middle,Sedentary,None,Never,7.9,Poor,Moderate,Yes,No,No,Yes,No,No,No,None,119,90,73,31.0,102.7,1.03,210.5
75,Female,South Asian,25.1,Middle,Sedentary,None,Current,6.8,Good,High,No,Yes,No,No,No,No,No,Insulin,108,82,68,33.6,83.3,0.93,183.9
18,Female,Caucasian,18.0,Low,Sedentary,None,Never,6.3,Average,Low,No,No,No,No,No,No,No,Steroids,149,79,84,32.9,126.5,1.21,235.5
59,Female,South Asian,23.7,Middle,Active,None,Current,8.2,Good,Moderate,No,No,No,No,Yes,No,No,None,111,83,71,33.3,87.2,0.86,182.9
57,Male,Caucasian,26.3,Middle,Sedentary,Moderate,Never,4.0,Average,Moderate,No,No,No,Yes,No,Yes,No,None,123,87,65,33.7,72.3,0.85,169.6
25,Male,Caucasian,33.9,Middle,Active,None,Current,8.2,Average,Low,No,No,No,No,No,Yes,Yes,Steroids,117,66,67,33.6,91.2,0.9,184.0
55,Male,South Asian,27.0,High,Sedentary,None,Former,7.1,Good,High,No,No,No,No,No,No,No,Metformin,134,70,72,32.0,84.5,0.89,176.5
45,Male,South Asian,28.1,High,Sedentary,None,Never,6.3,Average,Low,No,No,No,No,No,No,No,None,115,79,72,32.3,82.7,0.7,142.2
37,Male,Other,30.8,Low,Moderate,None,Never,7.8,Average,Moderate,No,No,No,Yes,No,No,No,None,101,87,70,32.2,90.7,0.9,183.1
28,Male,Hispanic,20.2,Low,Sedentary,None,Never,6.4,Poor,Low,Yes,No,No,No,No,No,No,Metformin,126,102,78,32.9,92.1,1.0,207.3
29,Female,Hispanic,24.2,Low,Sedentary,None,Former,7.0,Average,Moderate,Yes,Yes,No,Yes,No,No,No,None,97,79,74,32.3,140.2,1.33,274.8
71,Female,South Asian,37.1,Low,Sedentary,Moderate,Current,6.9,Poor,Moderate,No,No,No,Yes,No,No,Yes,None,107,82,84,32.1,114.3,1.2,237.1
40,Female,Hispanic,24.6,High,Sedentary,None,Former,8.1,Average,Moderate,No,No,No,Yes,No,No,No,Steroids,112,73,76,31.9,112.5,1.14,234.4
52,Female,Caucasian,30.6,High,Sedentary,None,Current,7.2,Poor,Moderate,Yes,No,No,Yes,Yes,No,No,Steroids,113,87,71,31.9,129.0,1.28,254.5
28,Male,South Asian,29.8,Low,Moderate,None,Former,4.1,Poor,Moderate,No,No,No,No,No,No,No,Metformin,115,69,70,32.3,78.3,0.8,161.6
28,Male,South Asian,18.0,Middle,Moderate,None,Current,4.9,Good,Moderate,No,No,No,No,No,No,No,None,114,80,71,33.3,111.3,1.18,228.9
56,Female,South Asian,26.6,Middle,Active,None,Former,5.4,Good,Low,No,No,No,No,No,Yes,No,None,122,70,64,31.0,89.8,0.87,185.2
20,Male,South Asian,25.7,Low,Moderate,Moderate,Never,7.7,Average,Moderate,No,No,No,No,No,No,Yes,None,110,60,73,32.1,144.8,1.54,309.4
34,Male,Other,26.6,Middle,Moderate,Moderate,Former,7.8,Good,High,No,No,No,No,No,No,No,None,127,107,80,32.3,95.0,1.02,199.6
41,Male,South Asian,21.2,High,Moderate,Moderate,Never,9.5,Average,Moderate,Yes,No,No,No,No,No,No,Metformin,107,88,83,33.7,90.5,0.85,170.3
42,Male,Caucasian,19.4,Low,Active,None,Current,5.5,Poor,Moderate,Yes,No,No,Yes,No,No,No,Metformin,101,88,77,31.6,86.0,0.83,164.1
37,Female,Caucasian,22.6,Low,Sedentary,None,Never,9.0,Average,Low,No,No,No,No,No,No,No,None,103,89,109,31.2,81.9,0.87,178.9
46,Male,South Asian,24.5,Low,Sedentary,Moderate,Never,4.1,Good,Moderate,No,No,No,No,No,No,Yes,None,114,94,78,33.5,69.4,0.72,146.6
50,Female,Caucasian,30.9,Low,Moderate,None,Never,7.0,Good,High,No,No,No,No,No,Yes,No,None,135,82,58,32.5,129.8,1.26,250.3
51,Female,South Asian,34.1,Low,Sedentary,None,Former,7.4,Good,High,No,No,No,Yes,No,No,No,Insulin,120,89,79,31.6,70.2,0.69,139.7
25,Male,Hispanic,32.0,Middle,Active,Moderate,Never,7.4,Average,Low,Yes,No,No,Yes,No,No,No,None,113,75,86,33.1,81.5,0.81,162.8
36,Male,South Asian,29.3,Middle,Moderate,None,Current,6.5,Average,Moderate,No,No,No,No,No,No,No,None,119,78,72,30.1,80.5,0.75,146.6
58,Male,Caucasian,20.0,Middle,Sedentary,Moderate,Never,7.2,Average,Moderate,No,Yes,No,Yes,No,No,No,Insulin,102,65,60,31.9,98.6,0.91,184.7
53,Male,African,23.0,Low,Moderate,None,Never,5.1,Good,Moderate,No,No,No,No,No,No,No,Metformin,94,82,57,32.3,73.8,0.81,161.5
19,Female,Hispanic,26.0,Low,Sedentary,None,Never,8.3,Good,Moderate,No,No,No,No,No,No,No,Insulin,105,75,74,32.6,94.8,1.06,209.1
45,Female,Hispanic,21.8,Middle,Active,Moderate,Never,7.4,Poor,Moderate,No,Yes,No,Yes,No,No,No,None,104,79,65,31.2,110.8,1.08,224.3
18,Female,African,27.9,Middle,Active,None,Never,7.5,Average,High,No,Yes,No,No,No,Yes,No,Insulin,156,88,73,31.2,125.7,1.21,237.0
41,Male,South Asian,28.6,Low,Moderate,None,Never,6.6,Average,High,No,Yes,No,No,No,No,No,Other,149,83,71,33.5,117.6,1.15,235.4
68,Female,Caucasian,27.7,Low,Sedentary,None,Never,6.5,Poor,High,No,No,No,No,No,No,No,Steroids,149,90,90,32.0,125.4,1.27,255.5
26,Female,Hispanic,30.1,Middle,Sedentary,None,Never,7.8,Average,Moderate,No,Yes,No,Yes,No,No,No,None,102,74,83,32.2,109.2,1.06,208.1
27,Male,Hispanic,20.5,Low,Moderate,None,Never,9.4,Good,Low,No,No,No,Yes,No,No,No,None,146,84,69,31.3,106.3,1.13,234.6
51,Female,South Asian,29.7,Low,Active,None,Former,4.9,Good,Moderate,Yes,Yes,No,No,No,No,No,None,109,74,71,31.1,85.8,0.79,144.3
18,Male,South Asian,21.5,Middle,Sedentary,Heavy,Never,4.8,Good,Moderate,No,No,No,Yes,No,Yes,No,None,145,78,84,31.4,83.1,0.72,152.1
31,Female,Hispanic,20.3,Low,Sedentary,Moderate,Never,7.4,Poor,High,No,Yes,No,No,No,No,No,Metformin,127,77,76,33.2,99.8,1.07,209.1
49,Female,Caucasian,27.7,Low,Sedentary,Moderate,Never,6.5,Average,High,Yes,No,No,No,No,Yes,No,Steroids,105,70,78,31.4,73.3,0.74,156.4
30,Male,South Asian,31.1,Middle,Moderate,Moderate,Never,7.2,Poor,Moderate,No,No,No,No,No,No,No,None,145,76,87,31.8,162.8,1.59,319.9
36,Female,Caucasian,27.4,Middle,Active,None,Never,7.0,Average,Moderate,No,No,No,No,No,No,No,Steroids,144,86,67,33.6,90.4,0.95,194.8
51,Male,African,25.1,Middle,Sedentary,None,Former,7.9,Good,Moderate,No,No,No,No,No,No,No,None,104,71,85,34.1,98.8,1.13,226.8
46,Male,Other,26.6,High,Sedentary,None,Current,6.6,Good,Moderate,Yes,Yes,No,Yes,No,No,No,None,125,73,71,30.5,127.6,1.27,258.0
44,Female,Caucasian,25.7,Low,Moderate,Moderate,Never,5.2,Good,Low,Yes,No,No,Yes,No,No,Yes,Insulin,91,92,53,30.0,93.6,0.87,172.1
35,Female,South Asian,19.4,Low,Active,None,Never,5.8,Poor,High,Yes,No,No,No,No,No,No,None,114,94,63,31.3,98.8,0.86,176.4
46,Male,South Asian,18.8,Middle,Active,None,Never,6.8,Poor,Moderate,No,No,No,Yes,No,No,No,None,114,88,66,31.0,85.0,0.87,174.3
38,Male,South Asian,24.6,Middle,Moderate,Moderate,Never,5.1,Good,High,No,No,No,No,No,No,No,None,114,97,88,32.5,100.5,1.02,204.3
47,Male,Caucasian,25.4,Low,Sedentary,None,Never,6.9,Good,Low,Yes,Yes,No,Yes,No,No,No,Steroids,144,94,74,32.0,105.7,1.02,204.7
33,Male,Caucasian,25.1,Low,Sedentary,None,Never,7.1,Average,Low,Yes,No,No,No,No,No,No,Insulin,100,79,72,31.9,90.4,0.98,192.4
37,Female,South Asian,28.4,Low,Active,None,Current,6.5,Average,Moderate,No,No,Yes,No,No,Yes,No,None,117,100,90,32.9,82.7,0.84,166.0
25,Female,African,23.9,Middle,Active,None,Never,7.3,Average,High,No,Yes,No,No,No,No,No,None,131,96,67,30.0,89.4,0.84,175.9
39,Female,African,27.8,Low,Moderate,None,Never,4.6,Average,Moderate,No,No,No,Yes,No,No,No,None,100,79,71,31.4,116.6,1.18,238.3
28,Male,South Asian,24.3,High,Moderate,None,Former,5.6,Average,High,Yes,No,No,Yes,No,No,No,None,107,83,75,31.9,99.1,1.04,198.8
23,Female,South Asian,34.1,Low,Active,None,Never,5.3,Average,Moderate,No,Yes,No,No,No,No,No,None,137,73,74,33.0,125.7,1.22,249.7
44,Male,Other,25.4,High,Sedentary,None,Never,8.3,Average,High,No,No,No,No,No,No,No,None,140,79,78,31.9,70.5,0.73,154.9
43,Female,South Asian,36.7,Middle,Sedentary,None,Former,10.0,Average,Low,Yes,Yes,No,No,Yes,No,No,None,114,64,80,32.4,133.6,1.36,277.9
52,Female,Hispanic,26.8,Middle,Moderate,Heavy,Never,5.7,Good,Moderate,Yes,No,No,No,No,No,No,None,133,74,67,31.7,136.4,1.41,281.1
34,Female,Caucasian,23.9,Middle,Active,None,Current,6.6,Average,Low,Yes,No,No,Yes,No,Yes,No,Steroids,143,88,56,32.0,80.2,0.73,146.3
46,Male,Hispanic,20.5,Middle,Moderate,Moderate,Never,6.0,Average,Low,Yes,Yes,No,Yes,No,No,No,None,114,70,79,31.7,122.4,1.2,240.3
48,Male,Hispanic,18.0,Low,Active,Moderate,Never,7.3,Average,Moderate,No,Yes,No,Yes,No,Yes,No,Insulin,132,77,56,31.8,113.6,1.1,216.7
47,Male,African,20.0,Low,Sedentary,None,Former,6.1,Average,Moderate,No,No,No,No,No,No,No,Steroids,114,86,78,32.1,118.7,1.15,235.4
28,Female,Hispanic,20.6,Middle,Sedentary,None,Never,7.4,Average,Moderate,Yes,Yes,No,No,No,No,No,None,100,77,82,33.4,150.6,1.55,311.7
42,Male,Other,27.0,Middle,Sedentary,None,Never,8.0,Average,Moderate,No,No,No,No,No,Yes,No,None,120,92,86,32.4,112.0,1.14,224.8
45,Male,Caucasian,22.4,Middle,Active,Moderate,Never,5.2,Poor,Moderate,No,No,No,No,No,No,No,Steroids,116,92,74,31.8,89.2,0.83,166.9
40,Male,South Asian,25.9,Middle,Sedentary,None,Current,7.4,Average,High,No,No,No,No,No,No,No,None,106,74,95,32.5,94.5,0.96,189.7
18,Female,South Asian,31.4,Middle,Sedentary,None,Former,4.3,Average,High,Yes,No,No,No,No,Yes,No,None,115,76,61,32.2,117.9,1.11,221.8
42,Male,Hispanic,24.6,Middle,Active,None,Never,6.6,Poor,High,No,No,No,No,No,No,No,Insulin,117,80,90,32.6,78.8,0.75,153.8
73,Female,African,35.4,Middle,Sedentary,None,Former,6.5,Good,Moderate,No,No,No,Yes,No,No,No,None,124,73,67,31.6,87.7,0.94,182.8
35,Female,South Asian,19.1,Middle,Active,None,Former,6.7,Average,Moderate,Yes,Yes,No,No,No,Yes,No,None,136,96,75,32.5,75.4,0.79,149.4
29,Female,South Asian,24.2,Middle,Moderate,Heavy,Current,6.5,Poor,Moderate,No,No,No,No,No,No,Yes,None,136,76,77,32.5,111.2,1.17,230.6
46,Male,African,22.3,Middle,Sedentary,None,Never,6.3,Good,Low,No,No,No,No,No,No,No,None,119,89,88,30.6,87.2,0.82,164.2
45,Male,South Asian,29.7,Middle,Moderate,None,Current,6.6,Average,Moderate,No,No,No,No,No,No,No,Other,112,65,64,31.6,82.4,0.83,165.4
58,Male,Caucasian,18.0,Middle,Active,Moderate,Never,7.4,Average,Moderate,No,No,No,Yes,No,No,No,Other,140,72,96,31.8,89.9,0.88,177.8
21,Male,African,18.0,Middle,Sedentary,Moderate,Current,7.4,Poor,Moderate,No,No,No,Yes,No,No,No,Metformin,119,69,54,31.7,81.5,0.82,162.9
51,Male,Caucasian,24.5,Middle,Active,None,Never,7.2,Good,Moderate,No,No,No,Yes,No,No,No,None,111,68,74,31.0,88.9,0.84,168.3
49,Female,South Asian,32.8,Low,Sedentary,None,Never,6.1,Average,Low,No,No,No,No,No,No,No,None,123,75,81,30.0,77.3,0.75,148.0
38,Male,South Asian,26.1,High,Sedentary,None,Current,8.6,Poor,Moderate,No,No,No,No,No,No,No,None,93,84,85,33.0,125.3,1.34,271.5
45,Female,South Asian,18.2,Low,Sedentary,None,Current,9.3,Poor,Moderate,No,No,No,Yes,Yes,No,No,None,113,95,61,30.0,140.8,1.38,272.1
55,Male,South Asian,19.0,Low,Active,None,Never,5.1,Average,Moderate,Yes,No,No,No,No,Yes,No,None,112,78,55,34.0,166.2,1.67,336.8
53,Female,Caucasian,33.4,Low,Moderate,None,Never,7.2,Average,Moderate,No,No,No,No,No,No,No,None,108,81,88,31.8,78.3,0.81,157.5
23,Female,Caucasian,21.9,Low,Sedentary,None,Never,6.3,Good,Low,Yes,No,No,Yes,No,No,No,None,126,83,77,31.3,89.1,0.87,175.4
52,Female,South Asian,20.3,Middle,Active,Heavy,Never,8.4,Average,High,Yes,No,No,No,No,No,No,None,136,73,56,30.4,111.7,1.06,217.2
39,Female,South Asian,32.4,Middle,Sedentary,None,Never,7.0,Average,Low,Yes,No,No,No,No,No,Yes,Metformin,145,80,70,30.3,87.5,0.86,175.2
41,Female,South Asian,30.1,Middle,Sedentary,None,Never,7.1,Good,Moderate,No,No,No,Yes,No,No,No,None,113,101,68,31.1,110.5,1.05,211.3
41,Female,Other,31.4,Low,Sedentary,Heavy,Never,7.7,Average,High,No,No,No,Yes,No,No,No,None,116,84,86,32.2,88.8,0.84,169.8
38,Male,Caucasian,20.2,Low,Moderate,Moderate,Never,6.6,Average,Low,No,Yes,No,Yes,No,No,No,None,110,101,71,33.4,105.4,1.18,237.0
58,Female,Hispanic,18.0,Low,Moderate,None,Never,9.5,Poor,Moderate,No,No,No,No,No,Yes,No,None,128,80,73,30.5,163.5,1.62,329.4
39,Male,Hispanic,25.7,Middle,Active,None,Current,7.8,Average,Moderate,No,No,No,Yes,No,No,No,Metformin,92,74,72,32.4,112.7,1.16,229.2
23,Male,Caucasian,26.7,Middle,Sedentary,Heavy,Never,8.4,Good,Low,No,No,No,No,No,No,No,None,114,90,92,30.1,105.7,1.04,209.5
34,Male,African,26.8,Middle,Sedentary,None,Former,6.7,Poor,Moderate,No,Yes,No,No,No,No,No,None,124,93,84,31.1,116.1,1.16,238.8
43,Male,South Asian,32.4,Low,Active,Moderate,Current,6.8,Average,Moderate,No,No,No,No,No,No,No,Insulin,111,75,82,32.5,77.1,0.71,139.9
58,Male,African,18.0,High,Sedentary,Moderate,Never,8.2,Average,Low,No,Yes,No,Yes,No,No,No,None,114,84,77,31.0,124.2,1.21,234.6
49,Male,South Asian,29.3,Low,Active,None,Never,8.1,Average,Moderate,No,No,No,No,No,No,No,None,135,79,77,33.5,69.2,0.69,136.8
27,Male,Hispanic,19.5,Middle,Sedentary,Moderate,Never,5.1,Average,Low,No,No,No,No,No,No,No,None,119,66,66,32.8,126.2,1.33,256.9
77,Female,South Asian,29.3,Middle,Sedentary,Heavy,Never,7.2,Average,High,No,No,No,Yes,No,Yes,No,Insulin,138,67,84,32.5,100.2,1.03,209.4
44,Male,Hispanic,22.6,Low,Sedentary,Moderate,Never,7.7,Average,Moderate,Yes,No,No,No,No,No,No,None,145,78,71,31.4,126.8,1.24,246.3
59,Female,South Asian,20.9,Low,Sedentary,None,Never,6.8,Average,Low,Yes,No,No,No,No,No,No,Metformin,128,92,62,31.1,84.2,0.81,165.6
38,Male,Hispanic,22.0,Low,Sedentary,Moderate,Current,7.6,Average,High,No,Yes,No,No,No,No,No,None,116,89,74,31.5,109.3,1.09,224.7
48,Female,South Asian,18.0,Middle,Sedentary,None,Never,6.9,Poor,Moderate,Yes,Yes,No,No,Yes,No,No,None,144,71,75,32.2,100.5,1.11,219.6
53,Female,African,25.2,Middle,Sedentary,Moderate,Former,4.0,Average,Low,No,No,No,Yes,No,No,No,None,90,69,88,32.2,83.8,0.88,186.0
58,Female,Caucasian,21.1,Middle,Sedentary,None,Never,5.0,Poor,Low,Yes,No,No,Yes,No,No,Yes,None,97,71,84,31.2,109.9,1.05,209.0
56,Female,South Asian,28.9,Middle,Sedentary,None,Never,8.5,Average,Moderate,No,No,No,No,No,No,No,None,132,70,65,31.3,103.6,0.99,199.4
53,Male,African,28.2,Middle,Sedentary,None,Never,6.6,Average,Low,No,Yes,No,No,No,No,No,Steroids,157,71,85,30.5,110.5,1.01,204.4
35,Female,Other,33.4,Middle,Sedentary,None,Never,7.3,Average,Low,No,No,No,No,No,No,No,None,130,60,50,34.3,134.6,1.38,273.5
31,Female,South Asian,26.8,High,Sedentary,None,Current,7.0,Good,Moderate,Yes,No,No,No,No,No,No,None,123,60,79,31.1,100.9,1.09,230.1
45,Female,Other,27.6,Low,Moderate,None,Never,5.8,Poor,High,Yes,No,No,Yes,No,No,No,Steroids,113,60,68,30.3,84.6,0.88,176.0
54,Female,African,32.0,Low,Moderate,None,Never,6.3,Average,Moderate,No,Yes,Yes,No,Yes,No,No,None,128,64,61,30.0,162.6,1.55,309.4
37,Male,Hispanic,21.9,Middle,Moderate,None,Never,7.5,Average,Moderate,No,No,No,No,No,No,No,Metformin,137,92,63,31.3,82.1,0.7,138.9
56,Female,South Asian,18.0,High,Sedentary,Moderate,Never,7.6,Average,High,No,No,No,No,No,No,No,Metformin,131,116,90,32.4,100.8,1.06,211.5
62,Male,Caucasian,26.0,High,Sedentary,Moderate,Former,10.0,Average,Low,Yes,Yes,No,No,No,No,No,Metformin,121,100,80,31.9,103.6,1.05,213.2
26,Female,Hispanic,18.0,Middle,Sedentary,None,Former,6.3,Good,Low,No,Yes,Yes,No,No,No,No,None,136,82,79,31.8,100.5,0.92,178.1
27,Male,Caucasian,37.3,Low,Active,None,Current,9.5,Average,High,No,No,No,No,No,No,No,Metformin,125,72,85,32.7,106.6,1.13,221.5
38,Female,Caucasian,32.3,Low,Sedentary,None,Never,5.7,Good,Moderate,Yes,Yes,No,Yes,No,No,No,Steroids,128,76,73,32.6,138.7,1.34,276.9
45,Male,South Asian,35.8,High,Sedentary,None,Never,7.7,Good,Low,Yes,No,No,No,No,No,Yes,None,135,81,89,31.1,124.0,1.24,248.2
32,Male,South Asian,25.3,Middle,Sedentary,Moderate,Never,7.3,Good,Moderate,No,No,No,No,No,No,No,Insulin,106,101,73,32.3,125.0,1.35,271.0
60,Female,African,27.8,Low,Active,Moderate,Former,6.8,Average,High,No,No,No,No,No,No,No,None,120,70,50,32.1,81.2,0.76,149.4
46,Female,African,22.7,High,Moderate,None,Never,7.0,Good,Low,Yes,No,Yes,No,No,No,Yes,None,122,80,91,31.4,90.3,0.92,186.3
41,Female,Caucasian,29.4,Low,Sedentary,Moderate,Current,6.1,Poor,Moderate,No,No,No,No,No,No,No,Other,102,81,50,33.4,168.2,1.76,356.4
18,Male,South Asian,18.9,Middle,Sedentary,Moderate,Current,8.4,Poor,Low,No,No,No,Yes,No,Yes,No,None,104,79,72,31.2,90.6,0.89,172.6
20,Male,Caucasian,18.0,Middle,Active,None,Current,5.7,Average,Moderate,No,No,No,No,No,No,No,None,111,60,83,31.4,90.0,0.86,174.7
44,Female,South Asian,21.0,Low,Sedentary,None,Never,7.5,Good,Moderate,No,Yes,No,No,No,Yes,No,None,136,77,51,31.5,126.5,1.3,262.8
18,Female,Caucasian,18.0,Low,Moderate,None,Never,8.1,Good,Low,No,No,No,No,No,No,No,None,117,66,74,32.9,91.4,0.9,178.0
55,Female,Hispanic,32.4,Low,Moderate,None,Current,9.1,Average,Moderate,No,Yes,No,Yes,No,No,No,Metformin,122,103,73,33.1,146.5,1.39,285.1
38,Male,Hispanic,34.1,Middle,Sedentary,None,Former,8.5,Average,Moderate,No,Yes,No,No,No,No,No,Steroids,125,86,84,33.4,159.8,1.72,343.2
80,Female,South Asian,18.0,Middle,Sedentary,None,Former,7.9,Poor,Low,No,No,No,Yes,No,No,No,Metformin,129,91,80,32.8,89.1,0.89,171.5
75,Male,Hispanic,31.5,Low,Sedentary,None,Never,6.0,Average,Moderate,No,No,No,Yes,No,Yes,No,None,128,71,62,31.9,79.0,0.8,158.2
37,Female,Caucasian,29.8,High,Active,None,Current,5.8,Average,Moderate,No,No,No,No,No,Yes,No,Insulin,121,76,69,33.0,85.6,0.88,173.2
38,Male,African,18.0,Low,Moderate,None,Never,5.3,Poor,Moderate,Yes,No,No,No,No,No,Yes,Insulin,118,100,64,32.4,113.8,1.12,224.6
55,Male,South Asian,23.0,Low,Active,None,Never,5.1,Average,High,No,No,No,Yes,No,No,Yes,None,136,90,56,31.9,106.7,1.06,203.2
66,Female,African,22.1,Low,Moderate,None,Current,7.0,Good,Moderate,No,No,No,No,No,No,No,None,113,84,68,31.5,93.7,1.0,203.9
18,Female,South Asian,28.7,Low,Active,None,Never,5.9,Average,Low,Yes,No,No,No,Yes,No,No,Metformin,140,93,90,31.8,100.0,1.05,214.1
18,Male,Caucasian,18.9,High,Active,None,Former,8.8,Poor,Moderate,Yes,Yes,No,No,No,No,Yes,None,111,100,79,31.5,188.3,1.85,359.5
31,Male,South Asian,24.5,Low,Sedentary,Moderate,Never,6.1,Average,Moderate,No,Yes,No,Yes,No,No,No,Metformin,116,95,79,32.4,101.5,1.07,215.3
49,Male,South Asian,21.6,Middle,Sedentary,Moderate,Never,7.1,Good,High,No,No,No,No,No,Yes,No,Steroids,131,90,63,31.8,112.1,1.06,216.7
47,Female,South Asian,27.4,Middle,Moderate,None,Never,6.6,Good,Low,Yes,No,No,No,No,No,No,Steroids,155,91,55,32.5,98.0,1.04,213.7
56,Male,South Asian,23.9,Middle,Moderate,None,Never,4.9,Good,Moderate,No,No,No,No,No,No,No,None,91,77,81,32.5,125.9,1.28,267.7
22,Male,South Asian,22.3,Low,Sedentary,Moderate,Never,8.6,Poor,Moderate,Yes,No,No,No,No,No,No,None,133,82,85,32.0,99.4,1.05,210.5
18,Female,African,23.9,Middle,Active,Moderate,Never,8.0,Average,High,No,Yes,No,Yes,No,Yes,No,None,127,87,77,31.5,171.7,1.77,353.8
53,Female,South Asian,35.2,Middle,Sedentary,None,Current,8.2,Average,Moderate,No,No,No,Yes,Yes,No,No,None,113,83,83,31.1,116.9,1.12,230.4
28,Female,African,22.9,Low,Sedentary,Moderate,Never,7.9,Average,Moderate,Yes,No,No,Yes,No,No,No,Insulin,125,85,72,31.9,81.9,0.81,161.5
18,Female,South Asian,19.8,Middle,Moderate,None,Current,5.9,Average,Low,No,No,No,No,No,No,No,None,102,79,76,32.3,160.7,1.61,322.1
42,Female,Other,27.9,High,Sedentary,None,Never,5.9,Poor,Moderate,No,Yes,No,No,No,No,No,None,108,60,68,30.6,109.8,1.16,219.8
52,Female,Other,24.3,Middle,Sedentary,Heavy,Former,7.7,Good,Low,No,No,No,Yes,No,Yes,No,None,126,87,79,30.2,76.6,0.81,159.3
38,Female,South Asian,18.0,Middle,Active,None,Never,9.3,Good,High,No,No,No,No,No,No,No,Other,105,81,73,31.9,116.3,1.13,221.9
33,Female,African,36.2,High,Moderate,Heavy,Never,7.6,Average,Low,No,No,No,No,No,No,No,Metformin,122,81,81,31.1,74.3,0.71,143.4
38,Male,South Asian,23.2,Middle,Active,None,Former,8.5,Average,Moderate,No,No,No,No,No,No,No,None,110,102,83,33.0,98.9,0.99,195.0
34,Female,Other,23.1,Low,Moderate,None,Never,6.2,Average,Low,No,No,No,No,No,No,No,Metformin,113,84,71,33.3,88.2,0.92,183.9
20,Male,Caucasian,25.8,Low,Moderate,None,Current,8.6,Average,High,Yes,No,No,No,No,Yes,No,Insulin,136,72,80,31.0,101.4,1.0,201.3
29,Male,South Asian,33.7,Middle,Moderate,Moderate,Never,6.4,Good,Moderate,No,Yes,No,No,No,No,No,None,103,87,68,30.3,116.8,1.11,219.3
48,Male,South Asian,18.0,Low,Sedentary,None,Current,7.4,Average,High,No,No,No,No,No,No,No,Metformin,119,81,93,32.6,101.0,1.09,214.2
45,Male,South Asian,26.4,High,Moderate,Moderate,Never,6.5,Average,Low,Yes,Yes,No,Yes,No,No,No,Steroids,127,91,89,32.2,107.9,1.07,214.4
43,Female,South Asian,35.4,Middle,Sedentary,Moderate,Never,8.3,Poor,Low,Yes,No,No,No,No,Yes,No,Steroids,124,74,78,32.4,168.0,1.71,337.8
25,Female,African,25.6,Middle,Active,None,Never,8.4,Average,Moderate,Yes,Yes,No,No,No,No,No,Insulin,111,72,67,32.8,123.5,1.19,237.4
37,Female,Caucasian,18.8,Middle,Sedentary,None,Never,4.8,Average,Moderate,Yes,No,No,No,No,No,No,None,125,75,77,31.6,74.2,0.8,167.8
18,Female,South Asian,21.9,Middle,Sedentary,None,Never,9.0,Poor,Moderate,No,No,No,No,No,No,No,None,105,63,63,31.8,100.6,1.05,212.0
43,Female,South Asian,26.0,Low,Moderate,Moderate,Never,10.0,Poor,Moderate,Yes,No,No,No,No,No,No,None,113,76,79,32.8,90.7,0.87,165.9
61,Male,South Asian,31.7,Low,Moderate,Moderate,Never,6.5,Poor,Low,No,No,No,No,No,No,No,Insulin,144,96,54,32.4,93.4,0.93,191.8
18,Female,South Asian,23.3,Middle,Sedentary,None,Former,6.8,Average,Moderate,Yes,No,No,Yes,Yes,No,Yes,None,130,73,64,34.0,106.3,1.07,223.4
31,Female,Hispanic,29.1,Middle,Sedentary,None,Current,8.9,Average,Moderate,No,No,No,No,No,No,No,None,120,66,79,32.3,107.0,1.08,210.5
45,Male,South Asian,18.0,Middle,Active,None,Never,7.1,Good,Moderate,No,No,No,No,No,No,No,None,127,75,89,32.3,82.5,0.88,175.7
59,Female,Caucasian,18.0,Low,Sedentary,None,Never,7.0,Average,Moderate,Yes,No,No,No,No,No,No,Insulin,108,82,79,32.9,75.8,0.78,145.9
33,Male,South Asian,22.6,Low,Sedentary,None,Never,9.8,Poor,Low,No,No,No,No,No,No,No,None,124,73,72,34.1,170.5,1.72,345.8
30,Male,South Asian,32.2,Middle,Sedentary,Moderate,Current,5.0,Average,High,No,No,No,No,No,No,No,Steroids,113,81,65,32.7,86.5,0.78,151.9
18,Male,African,25.3,High,Sedentary,Heavy,Never,5.8,Poor,Moderate,No,No,No,No,No,No,No,None,111,83,70,31.7,106.9,0.99,192.2
42,Male,Caucasian,26.4,Low,Sedentary,Moderate,Former,7.6,Poor,Moderate,No,No,No,No,No,No,No,None,118,80,57,31.3,126.8,1.21,244.8
71,Female,Caucasian,26.4,Middle,Active,None,Never,4.6,Average,Moderate,No,No,No,Yes,No,No,No,None,111,79,71,32.2,124.7,1.24,241.8
44,Female,Caucasian,30.5,Middle,Sedentary,None,Never,6.4,Good,Low,No,Yes,No,No,No,No,No,Insulin,122,98,97,30.9,116.4,1.16,230.2
40,Male,Caucasian,21.9,Middle,Sedentary,None,Never,6.4,Good,Moderate,No,No,No,No,No,No,No,None,126,82,76,32.6,83.9,0.86,184.4
45,Female,South Asian,28.4,Middle,Active,None,Never,8.4,Poor,Moderate,No,Yes,No,No,No,No,No,None,116,72,79,32.3,73.6,0.77,155.0
40,Female,Caucasian,20.8,Low,Moderate,None,Never,8.0,Poor,Moderate,Yes,No,No,No,No,No,No,Metformin,90,88,56,32.5,100.4,1.07,210.3
28,Male,African,34.9,Middle,Sedentary,None,Former,4.5,Average,High,No,No,No,No,No,No,No,None,107,79,89,30.2,169.3,1.7,343.3
52,Male,South Asian,21.0,Low,Sedentary,Moderate,Never,6.0,Average,Low,Yes,No,No,No,No,No,No,None,104,81,90,33.3,124.7,1.3,262.2
43,Female,Caucasian,20.6,Low,Active,None,Never,6.0,Good,Low,No,No,No,No,No,No,Yes,None,126,90,77,30.9,88.3,0.86,177.8
40,Female,South Asian,27.7,Middle,Sedentary,Heavy,Former,6.7,Average,Moderate,No,No,No,No,Yes,No,No,Metformin,109,93,81,30.7,101.5,0.98,193.0
25,Female,South Asian,25.4,Low,Moderate,None,Never,5.4,Poor,Moderate,Yes,Yes,No,No,No,No,No,Insulin,112,69,68,30.0,192.2,1.91,380.6
60,Male,Caucasian,26.6,Middle,Moderate,None,Never,7.7,Average,Low,Yes,Yes,No,Yes,No,Yes,No,Other,133,97,72,31.4,110.9,1.04,200.3
50,Female,Hispanic,26.1,Low,Sedentary,None,Former,6.0,Good,Moderate,No,No,No,No,No,No,No,Steroids,108,79,102,32.2,125.2,1.17,232.7
32,Male,Hispanic,19.5,Middle,Moderate,None,Former,7.9,Average,Low,No,Yes,No,No,No,No,No,None,123,79,70,31.9,164.9,1.63,329.1
55,Male,South Asian,33.1,Low,Sedentary,Heavy,Never,7.0,Good,Moderate,No,Yes,No,No,No,No,No,None,111,70,93,32.7,116.0,1.19,240.8
33,Female,Caucasian,29.5,Middle,Sedentary,None,Former,5.5,Average,Moderate,Yes,No,No,Yes,Yes,No,No,Insulin,113,87,96,33.3,85.4,0.83,163.1
28,Male,Caucasian,31.8,Middle,Active,Heavy,Never,9.1,Average,High,No,Yes,No,No,No,No,No,Metformin,103,66,79,33.4,126.0,1.24,247.4
29,Male,South Asian,22.4,High,Sedentary,None,Never,9.1,Poor,Moderate,No,No,No,Yes,No,Yes,No,Metformin,112,85,74,31.7,126.3,1.34,270.8
18,Male,Hispanic,27.1,High,Sedentary,None,Never,7.4,Good,High,No,No,No,No,No,No,No,Insulin,128,97,62,31.9,105.3,1.1,221.6
47,Male,African,26.0,Low,Moderate,None,Never,6.6,Good,Moderate,No,Yes,No,No,No,No,Yes,Insulin,106,77,80,31.9,117.6,1.22,244.1
18,Female,Other,30.6,Low,Moderate,Moderate,Current,5.4,Poor,High,No,No,No,Yes,No,No,No,Steroids,109,91,75,31.6,125.9,1.22,247.0
22,Male,South Asian,30.8,Middle,Sedentary,None,Former,8.6,Poor,High,No,No,No,No,No,Yes,No,Insulin,153,81,74,34.0,119.3,1.26,249.6
18,Male,South Asian,26.0,Middle,Moderate,Heavy,Never,8.2,Average,Moderate,No,No,No,No,No,No,No,None,124,66,70,32.3,92.3,0.91,182.1
39,Male,Hispanic,18.0,Low,Sedentary,None,Never,5.8,Average,Moderate,No,No,No,No,No,No,No,None,125,81,78,32.5,90.9,0.76,152.6
38,Male,African,33.9,Low,Moderate,None,Current,6.0,Average,Moderate,Yes,No,No,No,No,Yes,No,None,111,78,80,32.7,107.5,1.13,221.4
35,Female,Hispanic,27.8,Middle,Active,Moderate,Current,7.7,Average,Moderate,Yes,No,No,No,No,No,No,Steroids,136,89,75,33.2,87.0,0.95,188.5
24,Male,South Asian,22.0,High,Active,None,Never,5.2,Good,Low,No,No,No,Yes,No,No,No,None,138,76,87,31.8,139.4,1.35,266.7
22,Female,Caucasian,27.0,High,Moderate,None,Never,6.1,Average,High,No,No,No,No,No,Yes,No,None,111,85,75,32.5,121.1,1.29,256.3
47,Male,Caucasian,18.0,Low,Sedentary,Moderate,Former,5.4,Average,Moderate,No,Yes,No,No,No,No,No,None,136,69,73,32.6,99.7,0.96,190.8
32,Male,South Asian,30.3,Low,Sedentary,None,Former,5.5,Poor,Low,Yes,No,No,No,No,No,No,None,140,84,64,30.4,162.5,1.61,320.0
45,Female,Caucasian,18.0,Low,Sedentary,None,Never,5.9,Poor,Moderate,No,No,No,Yes,No,No,No,None,90,80,73,31.5,91.9,0.9,182.2
27,Female,African,23.9,Middle,Moderate,None,Former,8.4,Average,High,Yes,No,No,No,No,No,No,Other,133,79,74,31.8,76.5,0.82,163.6
43,Male,South Asian,26.2,Middle,Sedentary,None,Never,4.4,Good,High,No,Yes,No,No,No,No,Yes,Metformin,109,80,50,33.0,104.0,1.14,226.7
60,Female,South Asian,30.2,Middle,Active,None,Never,7.7,Good,Moderate,No,Yes,No,No,No,No,Yes,None,140,77,80,35.0,82.3,0.9,171.2
49,Male,African,25.5,Middle,Active,None,Never,7.4,Good,Low,No,No,No,No,No,No,No,None,108,81,84,31.6,89.0,0.92,185.5
34,Female,Caucasian,28.2,Low,Sedentary,Moderate,Never,8.5,Average,Moderate,Yes,No,No,No,No,No,Yes,Insulin,129,78,97,31.5,125.3,1.24,250.8
44,Female,Hispanic,24.9,Low,Moderate,None,Current,7.4,Average,Moderate,Yes,Yes,No,No,No,Yes,No,Steroids,94,70,66,32.4,113.5,1.13,234.7
36,Female,South Asian,24.8,High,Moderate,Moderate,Never,6.4,Average,Low,No,No,No,No,No,No,No,None,137,67,74,30.3,99.7,1.01,208.2
40,Other,South Asian,25.4,Low,Sedentary,None,Never,5.8,Poor,High,No,No,No,No,No,No,No,Metformin,121,75,80,30.2,73.2,0.66,127.3
35,Male,Other,24.1,Low,Moderate,None,Current,8.5,Average,Low,No,No,No,Yes,No,No,No,Steroids,139,77,74,31.9,165.4,1.66,325.5
38,Female,Other,18.0,Middle,Sedentary,None,Never,7.7,Poor,Moderate,No,No,No,No,No,No,No,None,109,60,68,31.5,89.3,0.87,165.3
43,Male,South Asian,21.2,Middle,Sedentary,Moderate,Former,6.3,Poor,Low,Yes,No,No,No,No,Yes,No,Steroids,123,80,60,33.1,72.4,0.74,151.0
25,Male,Hispanic,26.2,High,Moderate,Moderate,Former,8.4,Average,High,No,No,No,No,No,No,No,None,143,102,76,31.6,81.7,0.82,167.6
25,Male,South Asian,23.8,Low,Active,None,Never,6.3,Poor,Low,No,No,No,No,No,No,Yes,None,120,87,87,30.7,85.2,0.88,174.5
19,Male,South Asian,24.2,Middle,Sedentary,None,Never,7.0,Average,Moderate,No,No,No,No,No,No,No,Insulin,126,78,75,31.0,79.9,0.74,147.6
18,Female,South Asian,23.4,Middle,Moderate,Moderate,Current,6.1,Average,High,No,No,No,No,No,Yes,No,None,130,72,74,33.2,82.0,0.84,163.6
22,Female,South Asian,20.7,High,Sedentary,Moderate,Never,7.8,Good,Low,Yes,No,No,Yes,No,No,No,None,97,63,79,31.3,117.8,1.16,229.4
42,Female,Hispanic,22.5,Middle,Active,Moderate,Never,5.5,Poor,Low,Yes,No,No,No,Yes,Yes,No,Insulin,112,89,83,31.7,112.9,1.16,236.1
27,Male,African,23.5,Middle,Active,None,Current,6.6,Poor,Low,Yes,No,No,Yes,No,No,No,None,137,84,78,31.7,109.5,1.16,226.2
48,Male,Other,25.0,Low,Sedentary,None,Never,6.0,Good,Moderate,Yes,No,No,Yes,No,No,No,None,90,68,63,31.4,119.1,1.18,234.5
41,Female,African,27.0,Middle,Active,Moderate,Never,7.4,Average,Moderate,No,No,No,No,No,Yes,Yes,None,137,90,80,32.3,89.2,0.92,181.9
18,Male,Caucasian,24.1,Middle,Sedentary,None,Former,7.6,Good,Moderate,No,No,No,Yes,No,No,No,Steroids,111,88,69,33.8,116.9,1.15,235.0
50,Female,African,19.9,Low,Sedentary,None,Former,5.3,Poor,Low,No,No,No,Yes,No,No,No,None,151,73,68,32.6,85.1,0.85,170.3
52,Female,Other,18.0,Low,Moderate,None,Never,7.6,Average,Moderate,No,No,No,No,No,No,No,Steroids,127,77,64,32.8,99.4,1.01,214.7
25,Female,African,38.0,Middle,Sedentary,None,Never,4.8,Poor,High,No,No,No,Yes,No,Yes,No,None,108,82,74,31.0,178.6,1.77,351.4
46,Female,Hispanic,19.4,Low,Moderate,Heavy,Never,10.0,Average,High,Yes,No,No,No,No,Yes,No,Metformin,135,86,70,32.4,114.1,1.11,219.0
27,Female,Other,22.4,Middle,Moderate,Heavy,Former,6.2,Good,Moderate,Yes,No,No,No,No,Yes,No,None,141,69,72,33.4,83.0,0.85,173.1
41,Male,South Asian,27.6,Middle,Sedentary,None,Current,8.6,Average,High,No,No,No,No,No,No,No,None,129,86,65,31.8,129.7,1.36,270.0
21,Female,African,26.8,Low,Sedentary,None,Never,7.3,Average,High,No,Yes,No,No,Yes,Yes,No,Insulin,113,81,84,32.0,124.6,1.31,260.5
18,Male,Hispanic,27.6,Middle,Sedentary,Moderate,Former,7.4,Average,Moderate,No,Yes,No,Yes,No,No,No,None,142,91,71,32.8,119.6,1.19,232.3
34,Male,Other,22.8,Low,Sedentary,None,Never,5.3,Good,Low,No,Yes,No,No,No,No,No,Other,106,88,68,33.5,104.7,1.02,194.0
38,Male,South Asian,26.2,Middle,Sedentary,None,Current,8.3,Average,High,Yes,No,No,Yes,No,No,No,Steroids,136,81,58,33.2,81.7,0.83,165.7
34,Female,Caucasian,25.3,Middle,Sedentary,None,Never,7.1,Poor,High,No,No,Yes,No,No,No,No,Metformin,90,89,92,30.7,169.3,1.67,332.1
22,Male,African,23.4,Middle,Active,None,Former,7.7,Poor,Low,No,No,No,No,No,No,Yes,None,122,65,59,32.3,98.9,1.0,198.4
34,Male,South Asian,26.2,Middle,Active,None,Current,6.9,Poor,High,No,No,No,No,No,Yes,No,Insulin,112,76,78,31.4,101.5,1.03,202.1
44,Male,African,30.3,Middle,Sedentary,None,Current,7.2,Poor,Moderate,No,Yes,No,No,No,No,No,None,99,70,82,31.7,109.8,1.12,222.9
39,Female,South Asian,24.9,Middle,Sedentary,None,Former,5.7,Good,Moderate,Yes,No,Yes,Yes,No,No,No,None,140,74,71,30.7,71.3,0.69,135.9
43,Female,South Asian,24.9,Middle,Moderate,Moderate,Former,6.8,Average,Moderate,Yes,No,Yes,No,No,No,No,Steroids,90,74,79,31.7,137.2,1.4,275.6
30,Female,Caucasian,30.3,Middle,Active,Heavy,Current,6.4,Average,Moderate,No,No,No,No,No,No,No,Metformin,141,67,80,31.1,81.6,0.79,153.4
58,Female,Caucasian,29.8,Middle,Sedentary,Moderate,Current,5.9,Average,Moderate,No,No,No,Yes,No,No,No,None,97,90,83,31.8,89.1,0.98,194.5
22,Male,Caucasian,32.9,Low,Active,None,Former,7.2,Average,Moderate,No,No,No,No,No,No,No,None,136,88,81,32.5,96.5,0.97,192.9
47,Male,Caucasian,18.0,Middle,Moderate,None,Former,7.5,Average,Moderate,Yes,No,No,No,No,No,No,Steroids,108,74,72,32.3,100.2,1.02,204.4
58,Female,South Asian,29.5,Middle,Active,Moderate,Never,7.4,Poor,Moderate,No,No,No,Yes,No,Yes,No,None,91,60,71,32.9,94.6,0.96,187.6
47,Male,South Asian,28.0,Low,Sedentary,Heavy,Never,6.8,Poor,Moderate,Yes,No,No,No,No,Yes,No,Steroids,113,75,95,31.5,99.4,1.0,202.5
37,Male,South Asian,20.6,High,Active,None,Never,7.6,Average,Low,No,No,No,No,No,No,No,None,128,80,86,30.3,92.3,0.89,181.5
32,Male,South Asian,26.3,Low,Sedentary,None,Never,7.4,Average,High,No,Yes,No,No,No,No,No,Steroids,107,94,68,33.6,125.7,1.31,264.7
56,Female,Caucasian,30.3,High,Active,None,Former,7.1,Good,Moderate,No,No,No,No,No,No,No,None,124,74,78,32.5,167.4,1.77,358.2
19,Male,Hispanic,20.9,Low,Sedentary,None,Never,7.2,Average,Moderate,Yes,No,No,No,No,No,No,None,130,90,79,32.6,119.5,1.24,244.7
25,Female,South Asian,27.2,Middle,Moderate,None,Never,8.8,Average,Moderate,No,Yes,No,No,No,No,No,Metformin,142,75,75,32.5,106.0,1.12,225.5
34,Male,South Asian,29.4,Middle,Active,Heavy,Never,5.2,Good,High,No,No,No,No,No,No,No,Insulin,121,86,93,32.3,114.0,1.2,245.0
59,Female,African,19.6,Middle,Moderate,None,Never,6.5,Average,Low,No,Yes,No,Yes,Yes,No,No,Insulin,137,88,74,33.0,135.6,1.34,262.3
46,Male,South Asian,24.3,Low,Moderate,None,Never,7.5,Average,Low,No,No,No,No,No,No,No,Steroids,133,86,74,31.3,83.4,0.73,137.7
25,Male,Other,26.5,Low,Sedentary,Heavy,Current,4.6,Average,High,No,No,No,No,No,No,Yes,None,119,70,83,32.8,90.9,0.94,191.7
35,Male,African,21.0,Low,Moderate,None,Former,9.1,Good,Moderate,No,No,No,No,No,No,No,None,137,76,66,32.4,96.7,0.95,190.1
31,Female,South Asian,20.6,Middle,Active,Moderate,Never,7.4,Average,Low,Yes,No,No,No,No,No,No,Insulin,133,86,70,32.1,80.2,0.85,167.6
29,Male,South Asian,24.3,Low,Sedentary,None,Never,8.4,Average,Moderate,No,No,No,Yes,No,Yes,No,None,118,64,90,31.5,100.0,0.94,188.8
55,Female,Caucasian,29.0,Middle,Moderate,Heavy,Former,8.7,Average,Moderate,No,No,No,No,No,Yes,No,Steroids,131,88,75,32.3,116.5,1.03,203.9
19,Female,South Asian,28.2,Middle,Active,None,Former,7.6,Average,Moderate,No,No,No,Yes,No,No,No,Metformin,124,68,67,31.8,86.1,0.78,162.0
64,Female,South Asian,20.7,High,Moderate,Heavy,Never,4.0,Good,Moderate,No,No,No,No,No,No,No,Insulin,128,66,77,32.9,84.0,0.8,160.4
52,Male,South Asian,28.3,Low,Active,None,Never,7.2,Average,High,No,No,No,No,No,No,No,None,148,75,76,31.5,84.8,0.83,160.4
56,Male,Hispanic,20.8,Middle,Active,None,Never,7.3,Average,High,Yes,Yes,No,No,No,No,No,None,108,73,88,31.0,100.4,1.01,204.2
33,Male,Caucasian,18.0,Low,Moderate,None,Never,5.4,Average,High,Yes,No,No,No,No,No,No,Steroids,124,82,86,32.6,114.8,1.06,220.6
38,Female,South Asian,23.2,Middle,Moderate,None,Never,4.3,Good,Moderate,Yes,Yes,No,No,No,No,No,Insulin,120,83,77,34.1,117.7,1.3,260.6
19,Male,African,30.6,Middle,Active,None,Former,7.7,Average,Moderate,No,No,No,No,No,No,No,Steroids,132,81,92,32.3,126.2,1.27,254.9
32,Female,Caucasian,28.3,Low,Active,Heavy,Current,5.1,Average,Moderate,Yes,No,No,No,No,No,Yes,Insulin,113,70,88,31.9,69.9,0.77,154.9
47,Female,Caucasian,25.0,Low,Active,None,Never,10.0,Good,Moderate,Yes,Yes,Yes,No,No,No,No,None,112,92,79,33.8,125.4,1.3,254.6
59,Male,South Asian,22.9,Middle,Sedentary,Moderate,Former,7.4,Average,Moderate,Yes,No,No,No,No,No,No,None,119,81,67,32.5,98.5,1.02,198.3
23,Male,Caucasian,23.1,Middle,Sedentary,None,Current,9.0,Good,Moderate,No,No,No,No,No,No,No,None,127,89,93,31.9,84.6,0.92,190.8
35,Female,Other,25.5,High,Moderate,Moderate,Former,7.0,Poor,Moderate,No,No,No,No,Yes,No,No,None,113,60,88,33.7,107.2,1.03,208.5
38,Male,South Asian,19.7,Low,Moderate,None,Former,8.1,Good,High,Yes,No,No,No,No,No,No,None,90,85,63,31.3,69.9,0.7,135.2
19,Male,South Asian,23.3,High,Sedentary,Heavy,Current,7.1,Poor,Low,No,Yes,No,No,No,No,No,None,106,74,69,31.7,119.6,1.22,241.1
49,Female,South Asian,23.9,Middle,Sedentary,None,Never,8.5,Good,Moderate,No,No,No,No,No,No,No,None,141,88,62,32.3,178.9,1.8,354.3
29,Male,South Asian,18.2,High,Sedentary,None,Never,4.0,Good,Moderate,No,No,No,No,No,No,No,None,143,98,64,34.8,125.8,1.23,253.2
37,Female,South Asian,20.8,Middle,Moderate,None,Current,8.3,Average,Low,Yes,No,No,No,No,No,No,None,113,68,88,31.1,139.7,1.34,272.0
33,Female,Hispanic,27.1,Middle,Active,Moderate,Never,8.0,Good,Moderate,No,No,No,Yes,No,Yes,No,None,147,89,76,30.9,165.2,1.61,316.3
28,Female,Other,25.0,Low,Active,Moderate,Former,6.8,Average,Low,Yes,No,No,No,No,No,No,None,115,74,68,32.2,120.6,1.26,250.5
40,Male,South Asian,23.5,Middle,Sedentary,Moderate,Current,6.4,Poor,Moderate,No,No,No,No,No,No,No,Metformin,97,61,83,33.5,81.4,0.86,173.7
37,Male,Caucasian,20.4,Low,Sedentary,None,Never,6.6,Average,Low,No,No,No,No,No,No,No,None,115,89,83,32.9,97.0,0.92,185.9
34,Female,African,32.9,Low,Sedentary,None,Never,7.4,Average,High,No,No,No,No,No,No,No,Steroids,131,98,88,31.3,118.8,1.24,242.3
29,Male,Caucasian,20.8,Middle,Sedentary,Heavy,Never,8.8,Average,Low,Yes,Yes,No,No,No,Yes,No,None,112,101,81,30.9,103.3,1.07,213.3
45,Male,Caucasian,26.3,Middle,Moderate,None,Never,6.2,Poor,High,No,No,No,No,No,No,No,None,129,83,81,31.3,76.7,0.71,150.3
65,Male,South Asian,22.6,Low,Sedentary,None,Never,4.4,Average,High,Yes,Yes,No,Yes,No,No,No,None,124,66,67,32.1,102.3,1.01,197.1
42,Male,Caucasian,25.2,Middle,Sedentary,Moderate,Never,10.0,Average,Moderate,No,No,No,No,No,No,No,None,116,78,76,32.3,125.5,1.35,274.2
55,Male,Caucasian,27.3,Middle,Sedentary,None,Never,8.0,Good,Low,No,No,No,No,No,No,No,None,132,79,75,31.8,90.8,0.92,184.7
19,Female,Hispanic,18.1,Low,Sedentary,Moderate,Never,6.4,Good,Moderate,No,No,No,No,No,No,No,None,138,91,52,31.7,171.3,1.73,338.0
42,Male,Hispanic,25.0,Middle,Sedentary,None,Never,8.8,Poor,Low,No,No,No,Yes,No,No,No,None,123,80,79,31.7,99.8,1.04,205.5
24,Male,South Asian,31.0,Middle,Sedentary,Heavy,Former,8.4,Good,Low,Yes,No,No,No,No,No,No,None,129,60,58,32.6,83.0,0.84,181.0
18,Female,South Asian,33.8,Low,Sedentary,Moderate,Current,7.7,Good,Moderate,No,Yes,No,No,No,Yes,No,None,98,86,82,32.3,100.6,0.98,196.8
29,Female,Other,24.3,Middle,Sedentary,Moderate,Never,6.3,Poor,Moderate,No,Yes,No,No,No,No,No,Insulin,141,81,71,32.6,151.4,1.51,298.2
58,Male,Caucasian,25.2,Middle,Sedentary,None,Never,8.0,Average,Moderate,No,Yes,No,No,No,No,No,None,112,89,71,32.3,112.4,1.12,224.8
54,Male,Hispanic,36.1,Middle,Moderate,None,Current,8.6,Average,Moderate,No,No,No,No,No,No,No,None,107,82,70,30.1,93.9,0.95,196.8
44,Female,South Asian,30.7,Low,Active,Moderate,Never,4.4,Average,High,No,No,No,No,No,No,No,None,133,87,69,32.0,79.1,0.76,143.7
18,Female,Caucasian,21.9,Middle,Moderate,None,Never,7.3,Average,Low,No,Yes,No,No,No,No,No,Other,114,80,73,31.3,164.1,1.7,341.8
37,Female,Caucasian,21.9,Low,Moderate,Moderate,Never,7.4,Average,Low,Yes,No,No,No,No,No,No,None,110,83,84,33.6,185.4,1.9,382.5
45,Female,Hispanic,29.8,Middle,Active,None,Never,7.4,Average,Moderate,No,No,No,No,No,No,No,None,116,71,64,30.9,78.3,0.74,151.7
43,Male,South Asian,19.9,Low,Sedentary,None,Never,7.1,Poor,High,No,No,No,No,No,No,No,None,102,84,75,30.1,106.9,1.05,210.7
18,Female,South Asian,30.4,Middle,Sedentary,None,Never,8.8,Average,High,No,No,No,No,No,No,No,Other,109,78,96,32.8,70.0,0.71,141.3
27,Male,Caucasian,26.7,Middle,Sedentary,None,Never,6.7,Good,Moderate,No,No,No,Yes,No,No,No,Metformin,135,85,68,32.2,74.2,0.74,154.6
39,Female,Hispanic,27.6,Low,Sedentary,Moderate,Never,7.0,Average,Moderate,No,No,No,No,No,Yes,No,None,137,68,75,32.1,101.6,1.11,220.6
48,Female,Other,23.7,Low,Moderate,Moderate,Never,7.5,Good,Moderate,No,No,No,Yes,No,No,No,None,121,94,83,32.4,191.3,1.91,381.4
18,Female,Other,21.9,Low,Sedentary,None,Former,6.7,Average,Low,No,No,No,No,No,No,No,None,110,82,97,31.9,125.2,1.24,248.2
38,Male,Other,32.3,Low,Active,Moderate,Never,4.9,Average,Moderate,No,Yes,No,No,No,No,No,None,126,88,91,31.5,160.9,1.53,309.1
42,Male,South Asian,23.8,Middle,Sedentary,Moderate,Never,7.3,Good,Moderate,No,Yes,No,No,No,No,Yes,Metformin,92,80,74,32.2,142.9,1.38,281.7
53,Female,South Asian,22.9,Middle,Active,Moderate,Current,7.3,Average,Moderate,No,No,No,No,Yes,No,No,Insulin,138,86,79,30.9,73.7,0.59,106.3
50,Female,South Asian,24.6,High,Active,None,Never,6.5,Poor,High,No,No,No,No,No,No,No,Metformin,119,60,73,33.5,98.7,1.02,209.9
49,Female,South Asian,26.0,High,Active,None,Never,6.8,Good,High,No,Yes,No,No,No,No,No,None,104,79,86,31.3,153.8,1.52,301.7
28,Male,Hispanic,19.8,Middle,Active,Moderate,Never,4.0,Average,Low,No,No,No,No,No,No,No,None,142,72,74,30.8,125.5,1.14,230.9
18,Male,Hispanic,22.2,Low,Sedentary,None,Former,8.8,Poor,High,Yes,No,No,No,No,No,No,None,121,76,92,32.4,87.1,0.93,191.6
34,Female,South Asian,21.9,Low,Moderate,Moderate,Former,8.4,Poor,Low,No,No,No,No,No,No,No,None,114,90,56,31.2,85.8,0.79,158.0
55,Male,African,29.2,Middle,Sedentary,Moderate,Never,5.0,Good,Low,No,No,No,No,No,No,No,None,151,64,81,33.2,99.1,1.1,219.1
61,Female,Other,20.6,Middle,Active,Moderate,Never,6.0,Average,High,Yes,No,No,Yes,No,No,No,Other,112,87,82,30.0,100.3,1.01,198.3
51,Male,Caucasian,18.0,Middle,Sedentary,Heavy,Never,9.2,Poor,Moderate,No,No,No,Yes,No,Yes,No,Steroids,131,85,50,30.4,111.5,1.04,214.9
46,Female,South Asian,18.0,High,Sedentary,Moderate,Former,5.3,Good,High,No,No,Yes,Yes,Yes,No,No,None,130,93,59,31.6,104.9,1.05,210.6
46,Female,Caucasian,18.0,Middle,Active,None,Current,7.7,Average,Low,No,No,No,No,No,No,No,Insulin,107,60,88,32.1,71.5,0.71,142.1
32,Female,South Asian,31.8,Low,Sedentary,None,Never,6.3,Good,High,Yes,Yes,No,No,No,No,Yes,None,118,86,80,31.3,117.0,1.11,221.0
38,Male,Caucasian,25.1,Low,Sedentary,None,Never,7.6,Average,High,No,No,No,Yes,No,No,No,None,116,83,83,31.7,114.8,1.1,224.9
65,Female,Caucasian,27.5,Middle,Sedentary,None,Never,7.1,Average,Moderate,No,No,No,Yes,No,No,No,Insulin,93,79,92,33.7,84.2,0.88,179.8
26,Male,South Asian,27.7,Middle,Moderate,None,Never,6.6,Poor,Moderate,Yes,Yes,No,No,No,No,Yes,None,91,94,72,31.3,92.5,0.89,175.6
64,Female,Other,25.3,Low,Moderate,None,Former,7.6,Average,High,Yes,No,No,Yes,No,No,Yes,None,90,60,92,30.4,87.7,0.75,150.5
35,Male,Caucasian,24.6,Middle,Moderate,None,Never,6.3,Poor,Moderate,No,No,No,No,No,No,No,None,113,81,104,31.8,139.2,1.5,298.4
60,Male,Caucasian,30.2,Middle,Active,None,Never,4.3,Average,Moderate,No,Yes,No,No,No,Yes,No,Metformin,105,90,88,30.9,120.6,1.19,237.9
19,Male,Other,25.7,Middle,Sedentary,Moderate,Former,5.6,Average,Moderate,Yes,No,No,No,No,No,No,None,106,64,79,32.6,83.6,0.87,176.7
49,Male,South Asian,32.0,Low,Moderate,Moderate,Never,5.4,Average,Moderate,Yes,No,No,No,No,No,No,None,114,86,74,32.5,113.3,1.24,242.4
29,Female,South Asian,28.1,Middle,Moderate,Heavy,Former,4.6,Good,High,No,Yes,No,Yes,No,Yes,No,None,120,83,77,31.9,228.1,2.0,401.5
19,Male,Hispanic,21.9,Middle,Moderate,None,Never,7.6,Poor,Low,No,No,No,Yes,No,No,No,None,115,60,77,32.4,105.6,1.08,215.9
43,Female,South Asian,22.5,Low,Sedentary,None,Never,6.7,Average,Moderate,No,No,No,No,No,No,Yes,None,109,91,75,30.9,87.9,0.72,144.1
55,Female,Hispanic,21.4,Middle,Sedentary,None,Current,7.5,Average,Moderate,No,No,No,No,No,No,No,Insulin,149,71,64,32.9,115.3,1.05,205.6
27,Male,South Asian,31.1,Middle,Sedentary,None,Former,7.8,Average,Moderate,No,No,No,Yes,No,No,No,Steroids,117,96,79,31.4,121.8,1.33,268.3
18,Female,South Asian,23.0,Middle,Sedentary,None,Never,8.1,Good,Low,No,No,No,No,No,No,No,None,135,86,77,33.7,153.6,1.57,317.0
39,Male,Caucasian,21.0,Low,Sedentary,None,Current,7.6,Good,Moderate,No,Yes,No,No,No,No,No,Metformin,101,83,89,31.7,105.2,1.08,225.8
39,Male,South Asian,26.6,High,Sedentary,None,Former,5.5,Good,High,Yes,No,No,Yes,No,No,No,Metformin,140,90,81,31.5,72.9,0.65,126.8
48,Male,Hispanic,24.5,Low,Sedentary,Moderate,Former,7.9,Good,Moderate,No,No,No,No,No,No,No,None,112,89,68,31.8,81.2,0.81,164.0
54,Female,African,26.5,Middle,Sedentary,Moderate,Former,7.3,Good,Moderate,No,No,No,Yes,No,Yes,No,None,162,60,64,32.6,93.6,1.0,199.2
39,Male,Other,34.4,Middle,Moderate,None,Never,10.0,Average,Moderate,No,No,No,No,No,Yes,No,None,100,63,75,33.4,141.6,1.44,288.9
68,Female,Hispanic,29.6,Middle,Active,None,Never,7.0,Average,Moderate,No,No,No,No,No,No,No,Steroids,104,79,66,32.4,91.5,0.88,174.3
43,Female,South Asian,25.1,Middle,Sedentary,None,Former,7.6,Average,Moderate,No,No,No,No,No,No,Yes,None,117,69,76,34.1,80.3,0.85,165.4
35,Female,Hispanic,18.0,Middle,Moderate,None,Never,6.9,Average,Moderate,No,No,No,No,No,No,Yes,Insulin,115,97,68,31.2,92.7,0.83,167.1
18,Male,African,22.5,Middle,Active,Heavy,Current,7.1,Average,Low,No,No,No,No,No,No,No,None,102,70,88,31.8,89.3,0.9,184.9
36,Female,African,28.6,Middle,Moderate,Moderate,Never,7.0,Average,Moderate,Yes,No,No,No,Yes,No,No,None,142,81,81,30.9,100.1,0.99,196.2
35,Female,Hispanic,19.1,Low,Active,None,Former,6.3,Average,Moderate,No,No,No,Yes,No,Yes,No,None,141,86,85,31.5,108.7,0.98,194.3
54,Female,Caucasian,35.7,Low,Sedentary,None,Never,7.3,Average,Moderate,No,No,No,No,No,No,No,Insulin,115,104,73,31.3,91.3,0.92,180.3
47,Female,Caucasian,25.1,Low,Active,None,Never,7.9,Average,Low,No,No,No,No,No,No,No,Metformin,135,91,77,30.5,94.0,0.9,177.5
22,Female,African,25.2,High,Sedentary,None,Former,6.4,Average,Low,No,No,No,No,Yes,No,No,None,141,73,84,32.9,98.7,1.04,209.6
43,Male,South Asian,21.7,Middle,Sedentary,Heavy,Former,8.3,Good,Moderate,No,No,No,No,No,No,No,None,120,85,79,32.6,89.3,0.85,167.6
50,Male,South Asian,27.5,High,Active,Moderate,Never,8.1,Average,Moderate,Yes,No,No,Yes,No,No,No,None,110,87,82,31.6,119.5,1.25,253.1
63,Male,African,19.2,Low,Active,None,Never,5.7,Average,Low,No,No,No,Yes,No,No,No,None,139,86,68,32.3,90.0,0.99,201.0
53,Male,South Asian,35.8,Middle,Sedentary,None,Current,5.6,Average,Low,No,No,No,Yes,No,No,No,Metformin,137,70,84,31.6,82.5,0.8,162.8
51,Male,South Asian,31.6,Low,Active,Moderate,Current,7.7,Good,Low,No,No,No,No,No,No,No,None,101,100,69,31.8,117.0,1.18,224.5
41,Male,South Asian,29.9,Middle,Sedentary,None,Never,6.1,Good,Moderate,Yes,Yes,No,No,No,No,No,Steroids,141,68,96,32.5,185.9,1.82,358.1
46,Male,African,18.0,Low,Moderate,Moderate,Never,5.4,Good,Moderate,No,No,No,Yes,No,Yes,Yes,None,105,87,77,32.0,83.4,0.86,172.4
59,Female,South Asian,26.0,Low,Sedentary,None,Never,9.6,Average,Low,Yes,Yes,Yes,No,No,No,No,Metformin,126,71,86,32.0,167.4,1.78,358.3
20,Male,Hispanic,31.0,Middle,Sedentary,None,Current,5.6,Average,Moderate,No,No,No,No,No,No,No,None,108,84,71,30.1,118.0,1.15,224.1
35,Female,South Asian,28.0,Low,Moderate,Moderate,Never,4.7,Good,Low,No,Yes,No,No,No,No,No,None,122,78,73,32.8,99.4,1.03,204.4
28,Male,Caucasian,20.0,Middle,Sedentary,None,Never,5.8,Average,Low,No,No,No,No,No,Yes,No,None,122,67,72,33.3,81.1,0.9,173.1
46,Female,Caucasian,21.7,Middle,Sedentary,None,Never,7.3,Poor,High,Yes,No,No,No,No,No,No,None,153,60,57,33.0,93.2,0.9,176.1
58,Female,African,22.7,Middle,Sedentary,None,Former,7.1,Average,Moderate,No,Yes,No,Yes,Yes,No,No,None,96,89,50,31.5,102.7,1.0,207.2
31,Male,South Asian,22.0,High,Sedentary,None,Current,9.8,Good,Moderate,Yes,No,No,No,No,No,No,Insulin,108,74,72,33.0,75.4,0.81,158.5
18,Male,Other,32.6,Low,Moderate,Moderate,Never,5.8,Average,Low,No,No,No,No,No,No,No,None,113,81,56,32.4,129.5,1.27,254.8
34,Male,Other,18.0,Middle,Sedentary,None,Never,7.4,Good,Moderate,No,Yes,No,No,No,No,No,None,125,98,78,31.1,102.4,0.97,197.7
54,Male,Hispanic,28.3,Middle,Active,Moderate,Never,8.7,Poor,Moderate,No,No,No,Yes,No,No,No,Steroids,115,86,73,31.7,83.6,0.88,168.8
48,Female,Other,18.5,Middle,Sedentary,None,Never,6.0,Good,Moderate,Yes,Yes,No,No,No,No,No,None,90,60,50,31.9,100.4,1.04,204.0
46,Female,Caucasian,20.2,Low,Sedentary,None,Never,8.1,Poor,Moderate,Yes,No,No,No,Yes,No,No,Insulin,131,68,70,30.0,84.9,0.81,158.4
36,Male,Caucasian,18.0,Middle,Sedentary,Moderate,Current,4.3,Poor,Moderate,No,No,No,No,No,No,No,Metformin,140,62,75,32.2,82.8,0.87,169.5
21,Male,African,22.3,Low,Moderate,Moderate,Current,9.6,Average,Low,No,No,No,Yes,No,No,No,None,126,72,89,30.9,95.6,0.96,186.6
48,Male,African,32.6,Low,Sedentary,None,Current,8.5,Average,Moderate,No,No,No,Yes,No,No,No,Insulin,113,77,70,30.9,115.7,1.15,229.9
27,Male,Hispanic,26.3,Low,Sedentary,None,Never,6.0,Average,High,No,Yes,No,No,No,No,No,None,123,106,59,32.2,119.7,1.25,249.2
73,Female,African,19.0,Low,Sedentary,None,Never,8.2,Good,Moderate,No,No,No,No,No,No,No,None,102,90,57,31.7,98.4,0.92,191.9
49,Male,Other,30.1,Low,Active,Moderate,Former,9.0,Poor,Low,No,Yes,No,No,No,No,No,Steroids,136,84,70,31.0,120.7,1.23,235.6
31,Female,South Asian,31.2,Low,Sedentary,None,Never,5.1,Poor,Moderate,No,No,No,No,No,No,No,None,127,84,65,32.2,153.8,1.51,299.6
31,Male,Hispanic,25.5,Middle,Active,None,Never,6.1,Average,Moderate,No,No,No,Yes,No,No,No,None,112,85,73,31.1,69.8,0.69,141.6
39,Male,African,35.2,Low,Sedentary,None,Never,9.0,Good,Low,No,No,No,No,No,No,No,Other,121,62,77,31.1,79.6,0.78,162.5
36,Female,African,29.1,Low,Sedentary,None,Current,7.1,Good,Moderate,No,No,No,No,No,No,No,None,135,66,80,33.2,109.4,1.07,218.8
57,Male,South Asian,28.4,Middle,Sedentary,Moderate,Former,7.7,Average,High,No,No,No,No,No,No,No,None,137,85,81,32.2,104.0,1.03,204.5
43,Female,Hispanic,21.0,Low,Sedentary,None,Never,7.1,Good,Moderate,Yes,No,No,No,No,No,No,Metformin,119,80,69,32.3,102.6,1.05,207.3
29,Female,Other,28.1,Low,Moderate,None,Never,8.3,Average,Low,No,No,No,No,No,No,No,None,152,83,81,33.6,92.1,0.92,186.9
68,Male,South Asian,26.1,Middle,Active,None,Current,7.8,Poor,Moderate,No,Yes,No,Yes,No,Yes,No,Steroids,141,96,60,31.8,212.8,2.0,402.5
41,Male,African,27.6,Low,Sedentary,None,Current,7.2,Average,Low,Yes,No,No,No,No,Yes,No,None,128,73,76,31.4,115.7,1.09,215.8
52,Female,South Asian,21.6,Low,Sedentary,None,Former,4.0,Good,Low,Yes,No,No,Yes,No,No,No,None,114,76,77,31.4,93.8,0.85,177.6
31,Female,Other,25.6,Middle,Sedentary,None,Never,8.0,Average,Low,No,No,Yes,No,No,No,No,None,115,82,76,33.9,118.7,1.19,242.6
45,Female,Caucasian,20.9,Middle,Sedentary,None,Never,8.1,Average,Low,No,Yes,No,Yes,No,No,No,None,123,63,65,31.9,125.5,1.27,253.9
45,Male,South Asian,18.0,Middle,Sedentary,Moderate,Former,5.1,Average,High,No,No,No,Yes,No,No,No,None,118,65,66,31.1,94.1,0.93,187.9
18,Other,South Asian,30.0,High,Active,Moderate,Current,5.2,Average,Moderate,No,No,No,No,No,No,No,None,146,94,81,32.1,74.7,0.77,155.4
70,Male,African,18.0,Middle,Sedentary,None,Never,7.8,Good,Moderate,Yes,Yes,No,Yes,No,No,No,Metformin,106,77,71,31.4,124.6,1.33,269.8
59,Female,South Asian,25.5,Middle,Moderate,None,Never,7.3,Average,High,Yes,No,No,Yes,No,No,No,None,128,75,81,31.6,96.1,1.0,198.9
34,Female,African,26.7,Low,Sedentary,None,Never,4.0,Poor,Moderate,No,No,No,Yes,No,No,No,None,90,82,69,33.6,81.0,0.94,187.4
23,Male,Other,26.6,Middle,Sedentary,None,Never,5.8,Good,Moderate,No,No,No,No,No,No,No,None,126,63,104,32.1,99.1,0.97,189.1
45,Female,Hispanic,23.6,Low,Sedentary,Moderate,Never,7.5,Average,Low,Yes,No,Yes,Yes,No,No,No,Other,133,77,72,30.7,106.5,1.17,230.2
41,Male,South Asian,26.4,Middle,Sedentary,Heavy,Current,8.0,Good,Moderate,Yes,No,No,Yes,No,No,No,None,142,74,87,31.6,136.2,1.34,271.8
45,Female,Other,27.4,Middle,Sedentary,Moderate,Never,6.1,Good,Moderate,Yes,No,No,Yes,No,No,No,Metformin,111,84,99,30.1,184.1,1.87,376.9
43,Male,African,28.7,Middle,Sedentary,None,Never,6.8,Average,Moderate,No,No,No,No,No,No,Yes,Insulin,109,60,86,31.2,100.3,1.08,209.3
48,Female,South Asian,33.7,High,Sedentary,Moderate,Never,5.7,Average,Low,No,No,Yes,No,Yes,No,No,Steroids,135,72,71,33.0,126.4,1.36,284.4
62,Male,South Asian,26.2,High,Active,None,Current,9.0,Average,Low,No,No,No,No,No,No,No,Steroids,138,75,74,31.3,98.2,0.95,194.3
49,Female,South Asian,25.3,Low,Sedentary,Moderate,Former,7.3,Average,Moderate,No,No,No,No,No,No,Yes,None,117,75,50,34.6,86.7,0.88,179.3
24,Female,Hispanic,20.5,Low,Moderate,None,Never,6.0,Good,Low,No,Yes,No,No,No,No,Yes,None,91,91,52,30.0,103.7,1.0,200.7
60,Male,South Asian,27.2,Middle,Sedentary,None,Never,5.3,Average,Moderate,No,No,No,No,No,No,No,Insulin,104,72,75,31.6,84.0,0.9,179.6
65,Male,South Asian,28.3,Middle,Active,None,Never,5.1,Good,Low,No,No,No,Yes,No,Yes,No,Metformin,119,111,69,32.1,78.4,0.89,182.6
80,Female,Hispanic,24.0,Middle,Sedentary,None,Never,9.7,Good,Moderate,No,No,Yes,Yes,No,No,No,None,99,87,64,32.1,125.7,1.2,237.9
23,Male,Caucasian,27.7,Middle,Sedentary,Moderate,Never,6.7,Average,Moderate,No,No,No,Yes,No,No,No,Insulin,131,75,75,32.6,78.1,0.79,161.8
44,Female,Hispanic,23.5,Middle,Active,Moderate,Former,6.4,Good,Moderate,Yes,No,No,No,No,No,No,Metformin,108,86,69,31.7,78.7,0.77,157.6
18,Male,African,28.4,High,Sedentary,Moderate,Never,6.7,Good,Low,No,No,No,No,No,No,No,None,119,87,65,33.3,178.6,1.77,358.0
48,Female,South Asian,29.6,Middle,Moderate,Heavy,Current,6.1,Good,Low,No,No,No,No,Yes,No,No,Steroids,136,77,85,30.8,75.7,0.77,162.5
32,Male,Hispanic,29.5,Middle,Moderate,None,Never,6.8,Average,Low,Yes,No,No,No,No,No,No,None,126,92,62,31.8,89.8,0.9,184.1
69,Male,South Asian,25.6,Middle,Sedentary,None,Never,7.1,Average,Moderate,Yes,No,No,Yes,No,No,No,None,149,70,82,30.9,99.7,0.91,186.5
28,Male,Caucasian,19.8,Middle,Active,None,Never,7.0,Poor,Low,No,No,No,No,No,No,No,Steroids,141,86,77,31.5,91.0,0.87,174.1
18,Male,African,21.9,Middle,Active,Moderate,Never,5.1,Good,Moderate,No,No,No,No,No,No,No,None,104,79,89,31.7,125.7,1.25,260.0
33,Male,South Asian,28.0,Middle,Active,None,Never,8.3,Average,Low,Yes,No,No,No,No,No,No,None,129,83,70,32.6,90.4,0.89,183.7
18,Male,Other,37.2,High,Active,None,Former,6.2,Average,High,No,No,No,No,No,No,No,None,122,82,62,31.0,74.6,0.71,145.7
51,Female,Caucasian,23.3,Middle,Sedentary,None,Never,6.0,Poor,Moderate,Yes,No,No,No,No,No,No,None,138,80,69,31.7,86.5,0.84,167.1
18,Female,South Asian,27.3,Low,Sedentary,Heavy,Never,5.9,Average,Low,Yes,Yes,Yes,No,Yes,No,No,Metformin,128,100,75,32.0,102.0,0.99,197.2
40,Female,Other,22.2,Middle,Moderate,Moderate,Current,5.4,Poor,Low,No,No,No,No,No,Yes,Yes,None,113,74,85,32.1,98.7,0.98,194.6
18,Male,Caucasian,20.1,Middle,Sedentary,None,Current,7.4,Good,Moderate,No,No,No,No,No,No,No,None,127,72,83,30.9,99.2,0.91,178.6
35,Female,African,21.6,Low,Sedentary,Moderate,Former,8.3,Good,High,No,No,No,No,No,No,No,None,114,79,73,32.2,94.3,0.93,189.9
65,Male,Caucasian,18.0,Middle,Sedentary,None,Current,5.9,Poor,Low,No,Yes,No,No,No,No,No,None,110,93,74,33.2,114.2,1.26,243.9
45,Female,Hispanic,31.8,Middle,Active,None,Never,4.2,Average,Moderate,Yes,Yes,No,Yes,No,No,Yes,Insulin,118,80,82,33.2,124.8,1.3,260.5
27,Male,South Asian,18.0,Middle,Sedentary,Moderate,Never,5.5,Average,Moderate,No,No,No,No,No,No,No,Metformin,124,79,86,31.7,88.3,0.78,153.5
40,Male,South Asian,23.7,Middle,Active,None,Never,6.3,Good,High,No,No,No,Yes,No,No,Yes,None,140,74,78,32.5,81.9,0.81,164.4
40,Male,Caucasian,19.1,Middle,Sedentary,None,Current,5.2,Good,High,Yes,No,No,No,No,No,No,Metformin,113,75,78,31.8,141.9,1.49,314.0
47,Female,South Asian,20.6,High,Sedentary,Moderate,Never,6.1,Good,High,No,No,No,Yes,No,No,No,Metformin,91,91,77,33.1,107.6,1.07,225.3
19,Male,African,31.9,Low,Active,Moderate,Never,6.2,Average,Low,Yes,No,No,Yes,No,No,No,None,117,79,78,32.7,75.2,0.79,157.6
49,Female,South Asian,26.0,Low,Active,Heavy,Never,7.0,Poor,Moderate,Yes,No,No,No,No,No,No,Steroids,124,83,78,30.8,76.0,0.75,132.8
18,Male,South Asian,20.2,Middle,Sedentary,None,Never,4.8,Average,Low,No,No,No,No,No,No,No,Insulin,123,73,65,31.8,100.4,0.98,196.7
31,Female,South Asian,22.1,Middle,Sedentary,None,Never,7.9,Good,Moderate,Yes,No,No,No,No,No,No,None,116,88,59,31.3,75.8,0.69,138.0
33,Female,African,21.2,Low,Sedentary,None,Never,9.5,Average,Moderate,No,No,No,No,No,No,No,Metformin,134,92,66,31.9,100.3,1.0,205.1
49,Male,Hispanic,24.8,Low,Active,Moderate,Never,9.1,Average,Moderate,No,No,No,No,No,Yes,No,Steroids,125,71,70,30.8,75.2,0.72,136.9
40,Male,South Asian,25.9,Middle,Sedentary,None,Never,6.1,Good,Moderate,No,No,No,No,No,Yes,No,None,129,71,82,31.9,105.1,0.99,199.1
19,Female,Caucasian,34.5,Low,Sedentary,None,Never,8.0,Good,High,No,No,No,No,No,No,No,Steroids,92,72,72,31.8,105.9,1.07,217.7
25,Female,South Asian,18.0,Middle,Moderate,None,Never,7.8,Average,High,No,Yes,No,No,Yes,No,No,None,117,90,77,31.9,110.5,1.12,224.9
43,Male,African,24.8,Middle,Sedentary,Moderate,Former,6.9,Good,Moderate,No,No,No,No,No,Yes,No,Steroids,118,70,76,32.3,108.8,1.01,197.1
39,Female,South Asian,23.4,Middle,Sedentary,None,Never,7.3,Poor,Moderate,No,No,No,No,No,No,No,None,145,77,80,30.5,136.7,1.34,264.4
31,Female,Caucasian,29.7,Low,Active,None,Former,8.0,Poor,Low,No,No,No,No,No,No,No,None,118,70,71,32.8,112.7,1.13,221.4
33,Male,African,26.8,Middle,Active,None,Never,8.3,Average,Moderate,No,No,No,No,No,No,No,Metformin,110,97,68,32.8,82.8,0.89,186.6
50,Female,Other,28.0,Middle,Active,None,Never,5.8,Good,Moderate,No,No,No,Yes,No,No,No,None,109,75,59,33.4,87.9,0.96,191.5
32,Male,South Asian,26.7,Middle,Sedentary,None,Current,8.1,Average,Moderate,Yes,No,No,No,No,No,No,None,135,97,78,31.9,102.5,1.08,219.4
39,Male,Hispanic,20.3,Middle,Active,None,Never,9.5,Average,High,No,No,No,No,No,No,No,None,111,80,50,32.3,123.2,1.26,244.2
73,Female,Caucasian,31.1,Low,Moderate,Moderate,Never,8.3,Poor,Low,No,No,No,No,No,No,No,None,107,75,77,33.0,125.4,1.25,252.5
19,Male,Other,29.0,Low,Sedentary,None,Current,9.3,Good,High,Yes,No,No,No,No,No,No,None,134,88,84,31.3,140.4,1.3,266.2
18,Male,South Asian,29.6,Low,Moderate,None,Never,4.0,Average,Moderate,No,No,No,No,No,Yes,No,Other,126,80,74,32.5,99.5,1.04,216.6
52,Female,South Asian,31.3,Low,Sedentary,None,Never,7.9,Good,Low,No,Yes,No,No,No,No,No,Metformin,116,94,79,31.3,131.0,1.28,261.9
30,Female,Hispanic,27.1,Middle,Moderate,Heavy,Current,7.4,Good,Moderate,Yes,No,No,No,No,No,No,None,100,78,71,32.5,100.1,1.05,209.3
35,Female,South Asian,32.4,Middle,Moderate,None,Never,8.5,Poor,Moderate,No,No,No,No,No,No,No,Insulin,128,75,75,32.4,85.7,0.86,170.4
28,Female,South Asian,26.9,Low,Moderate,Moderate,Former,5.3,Good,Moderate,No,Yes,No,No,No,No,No,None,132,75,73,31.1,100.3,1.04,200.2
36,Female,South Asian,23.9,Middle,Sedentary,Moderate,Never,6.2,Average,Low,No,No,No,Yes,No,No,No,None,106,92,82,32.5,119.4,1.27,239.7
64,Male,Hispanic,25.0,High,Moderate,None,Never,8.4,Good,Moderate,No,No,No,No,No,No,No,Insulin,125,83,72,31.6,79.1,0.77,160.5
52,Male,South Asian,24.9,Middle,Sedentary,None,Never,5.4,Poor,Low,Yes,No,No,No,No,No,Yes,None,118,73,63,31.8,75.2,0.78,151.5
53,Female,Hispanic,22.4,Low,Active,Moderate,Never,7.4,Average,High,Yes,No,No,No,No,No,No,Insulin,107,66,78,32.8,82.1,0.88,178.5
19,Male,Caucasian,33.2,Middle,Moderate,Moderate,Former,7.0,Average,High,Yes,No,No,Yes,No,No,No,Metformin,113,82,74,33.1,214.3,2.0,396.5
23,Female,South Asian,26.5,Middle,Sedentary,Moderate,Current,6.7,Poor,Moderate,No,No,No,No,No,No,No,Metformin,119,71,68,32.4,86.9,0.89,174.4
18,Female,Caucasian,25.5,Middle,Sedentary,Moderate,Never,7.9,Average,Low,Yes,No,No,No,No,No,No,Insulin,100,62,81,32.0,125.1,1.28,249.6
28,Male,South Asian,26.9,Low,Moderate,None,Current,5.3,Average,Moderate,No,No,No,No,No,No,No,Metformin,129,91,95,32.7,88.3,0.98,193.6
54,Female,African,39.9,Middle,Sedentary,Moderate,Never,5.8,Average,Moderate,No,No,No,Yes,No,No,No,Insulin,109,68,80,31.7,77.7,0.72,145.3
48,Female,African,19.3,Middle,Moderate,None,Never,6.8,Average,High,Yes,No,No,No,No,No,No,Steroids,110,62,83,32.9,105.6,1.07,213.1
37,Male,Caucasian,20.8,Middle,Sedentary,None,Current,5.2,Good,Low,Yes,No,No,No,No,No,No,None,128,79,77,31.4,81.6,0.77,150.8
40,Other,South Asian,18.1,Middle,Moderate,Moderate,Never,8.8,Average,Moderate,No,No,No,Yes,No,No,No,None,113,77,89,31.8,70.7,0.67,133.9
30,Male,African,23.8,Low,Sedentary,None,Never,5.8,Good,Moderate,Yes,No,No,No,No,No,No,Insulin,117,71,82,31.1,98.1,0.96,188.4
43,Male,Hispanic,26.2,Middle,Moderate,None,Never,8.2,Poor,Low,No,Yes,No,No,No,No,No,Other,118,82,69,31.9,99.2,1.06,215.4
51,Female,African,22.7,Low,Active,None,Never,5.7,Average,Low,No,No,No,Yes,No,Yes,No,Insulin,108,77,81,33.5,91.3,0.97,192.2
18,Female,Hispanic,22.3,Low,Moderate,None,Never,8.1,Average,Moderate,Yes,No,No,No,No,No,No,None,112,102,79,33.5,124.7,1.36,276.0
44,Female,South Asian,25.7,Middle,Sedentary,Moderate,Former,4.6,Average,Moderate,No,No,No,No,No,No,No,None,120,78,71,33.6,181.9,1.91,383.4
54,Female,Hispanic,22.5,Low,Active,None,Current,9.1,Average,High,No,No,No,No,No,Yes,No,Metformin,120,67,87,31.4,77.7,0.71,136.9
34,Female,South Asian,26.6,Low,Sedentary,Moderate,Never,8.7,Good,High,No,Yes,No,No,No,No,Yes,Steroids,128,83,62,34.7,117.9,1.25,243.1
51,Male,South Asian,30.6,Middle,Moderate,None,Never,6.2,Average,Moderate,Yes,Yes,No,Yes,No,No,No,None,129,84,79,33.2,127.8,1.23,252.0
80,Female,Hispanic,28.4,Middle,Moderate,None,Never,5.8,Average,Moderate,No,No,No,Yes,No,No,Yes,Metformin,138,77,71,33.0,98.8,0.93,186.9
38,Female,Other,29.4,Low,Sedentary,None,Never,7.7,Good,Low,Yes,No,No,Yes,No,No,No,Other,97,63,59,32.2,82.3,0.81,165.2
46,Male,African,30.4,Middle,Sedentary,None,Current,4.7,Poor,High,No,No,No,No,No,No,No,None,134,95,76,30.4,155.7,1.6,322.1
29,Male,South Asian,26.4,Low,Sedentary,None,Current,7.1,Average,Moderate,Yes,No,No,Yes,No,No,Yes,None,115,67,71,31.4,90.8,0.82,162.9
43,Female,South Asian,24.2,Low,Active,Moderate,Former,5.8,Poor,Moderate,No,Yes,No,No,No,No,No,None,130,89,69,31.6,121.3,1.19,234.7
47,Female,Caucasian,21.1,Middle,Active,None,Former,6.6,Poor,High,No,No,No,No,No,No,No,Other,125,92,64,31.9,125.6,1.36,278.5
43,Female,Hispanic,23.0,Low,Sedentary,None,Current,6.0,Poor,Low,No,No,No,No,No,No,No,None,111,77,95,31.6,94.9,1.05,221.8
25,Female,South Asian,22.4,High,Sedentary,None,Never,5.8,Good,Moderate,No,No,No,No,No,Yes,No,Metformin,143,89,50,32.0,79.2,0.79,152.4
43,Female,Hispanic,28.7,Low,Active,None,Never,9.6,Poor,Moderate,No,Yes,No,Yes,No,No,Yes,None,131,90,53,32.5,106.5,1.05,217.4
62,Female,South Asian,26.7,Middle,Sedentary,None,Never,8.2,Average,Low,No,No,No,Yes,Yes,No,No,Metformin,126,69,80,32.1,90.6,0.88,179.4
47,Female,Hispanic,28.5,Middle,Sedentary,Moderate,Current,4.8,Average,Low,No,No,No,No,No,No,No,None,153,95,80,31.8,97.7,0.99,192.8
54,Male,Other,19.2,High,Sedentary,None,Never,5.7,Average,Moderate,No,No,No,Yes,No,No,No,None,105,83,61,31.7,134.1,1.42,281.7
36,Female,Caucasian,32.2,Middle,Sedentary,None,Never,8.3,Average,Moderate,No,No,Yes,Yes,No,Yes,No,None,120,60,69,33.4,98.3,1.03,211.6
51,Female,South Asian,22.9,Middle,Moderate,None,Never,8.5,Average,Moderate,Yes,No,No,No,Yes,No,Yes,None,128,82,81,31.6,166.7,1.65,327.0
44,Female,Hispanic,19.5,High,Moderate,None,Former,4.9,Good,High,Yes,No,Yes,No,No,Yes,No,None,104,74,72,32.8,76.3,0.81,153.8
26,Female,Caucasian,22.8,Low,Sedentary,None,Current,8.0,Good,Moderate,Yes,No,No,Yes,No,No,Yes,None,110,84,83,32.0,103.4,0.95,186.7
45,Male,African,37.4,Middle,Active,Moderate,Never,7.4,Average,Moderate,No,No,No,No,No,Yes,No,Steroids,135,74,75,30.1,157.8,1.53,301.6
25,Male,African,23.1,Low,Sedentary,Moderate,Former,4.1,Poor,Low,Yes,No,No,No,No,Yes,No,Metformin,113,74,70,34.3,114.8,1.18,238.2
31,Male,South Asian,23.4,Middle,Moderate,None,Never,6.4,Good,Low,No,No,No,Yes,No,Yes,No,None,133,70,60,33.2,140.1,1.35,272.5
43,Male,Hispanic,24.0,Middle,Sedentary,Moderate,Former,6.8,Good,Moderate,No,No,No,No,No,Yes,No,None,111,82,74,34.3,99.1,0.96,197.7
44,Male,South Asian,24.3,Low,Moderate,None,Never,7.1,Average,Moderate,No,Yes,No,Yes,No,No,Yes,None,150,85,69,32.9,110.7,1.13,227.4
22,Female,Other,21.1,Middle,Sedentary,Moderate,Never,5.0,Average,Moderate,No,No,Yes,Yes,No,No,No,Metformin,90,80,85,32.1,111.6,1.03,204.7
56,Male,South Asian,25.7,Low,Sedentary,Heavy,Never,5.9,Poor,Moderate,Yes,No,No,No,No,No,No,None,135,77,85,32.6,82.1,0.79,160.9
49,Male,African,30.4,Middle,Active,None,Never,6.1,Average,Low,Yes,No,No,No,No,No,No,None,124,81,73,31.5,132.3,1.26,246.2
29,Female,South Asian,26.6,Low,Sedentary,None,Current,6.2,Average,Moderate,No,Yes,No,No,No,No,No,Metformin,97,91,75,31.1,128.0,1.33,260.8
18,Female,South Asian,19.4,Middle,Moderate,None,Current,6.2,Good,Moderate,Yes,No,No,No,No,No,No,None,117,70,71,34.1,125.8,1.28,260.8
38,Male,South Asian,23.3,Low,Active,None,Never,6.8,Poor,Low,No,No,No,No,No,No,No,None,91,67,70,31.7,105.1,1.05,211.4
33,Female,African,22.2,Low,Moderate,None,Never,7.5,Average,High,No,No,No,No,No,No,No,Steroids,125,68,64,32.1,70.5,0.64,129.2
42,Female,Caucasian,25.3,Middle,Sedentary,Moderate,Former,9.7,Average,Moderate,No,Yes,Yes,No,Yes,No,No,Insulin,111,64,76,32.5,100.0,1.03,203.8
35,Male,Hispanic,31.7,Low,Sedentary,None,Never,8.3,Average,Low,No,No,No,No,No,No,No,None,91,70,72,31.8,149.1,1.45,291.9
18,Male,South Asian,24.3,Middle,Active,None,Never,9.0,Average,Moderate,No,No,No,No,No,No,No,None,122,91,90,33.0,83.4,0.79,160.1
34,Female,African,24.6,High,Sedentary,Moderate,Never,6.3,Good,High,No,No,Yes,No,No,Yes,No,None,122,63,71,31.9,89.7,0.88,176.9
35,Female,Hispanic,33.9,Low,Moderate,Moderate,Current,5.5,Average,Moderate,No,No,No,Yes,No,No,Yes,Other,152,77,99,35.0,191.7,1.99,393.8
50,Female,South Asian,29.4,Middle,Moderate,None,Former,8.2,Good,Moderate,Yes,No,Yes,Yes,No,No,No,None,132,87,93,30.1,110.0,1.1,220.5
30,Male,Caucasian,27.9,Low,Moderate,Moderate,Current,7.0,Poor,Moderate,No,No,No,No,No,No,Yes,None,90,80,68,31.3,126.7,1.17,230.4
65,Male,Caucasian,34.8,Low,Moderate,Heavy,Never,8.1,Poor,Moderate,No,No,No,Yes,No,No,No,Insulin,112,89,74,33.1,76.2,0.78,154.4
18,Female,South Asian,27.4,Low,Sedentary,None,Former,5.7,Good,Moderate,No,Yes,No,No,No,No,Yes,None,137,74,59,30.4,158.2,1.57,301.8
60,Male,South Asian,18.0,High,Moderate,None,Never,8.0,Poor,Moderate,No,No,No,Yes,No,No,No,None,96,75,71,32.2,74.2,0.74,147.1
37,Male,African,29.2,Low,Moderate,Moderate,Never,6.7,Good,Moderate,Yes,No,No,Yes,No,No,No,None,108,76,79,31.7,90.5,0.84,166.4
53,Female,South Asian,18.0,Middle,Sedentary,Moderate,Current,6.3,Average,Low,No,No,No,Yes,Yes,No,No,Steroids,120,86,77,31.9,154.3,1.56,309.8
41,Male,African,27.3,High,Sedentary,None,Current,6.4,Average,Low,No,No,No,No,No,No,Yes,Steroids,112,107,67,33.2,74.6,0.76,148.5
57,Female,Other,18.0,Low,Moderate,None,Current,7.7,Average,High,No,No,No,No,No,No,No,Insulin,144,80,74,32.1,77.3,0.72,140.0
34,Female,Caucasian,22.7,Middle,Moderate,Moderate,Former,8.2,Good,High,Yes,No,No,Yes,No,No,No,None,123,78,80,31.2,127.8,1.25,256.3
24,Male,African,23.2,Middle,Sedentary,Heavy,Former,6.5,Good,Moderate,No,Yes,No,No,No,No,No,None,120,70,74,33.0,103.2,1.06,215.9
61,Female,South Asian,21.1,Low,Moderate,Moderate,Former,7.5,Average,Moderate,No,No,No,No,No,No,No,None,106,97,88,32.2,115.8,1.15,225.0
38,Male,Hispanic,23.3,Low,Sedentary,Heavy,Current,7.5,Average,Low,Yes,No,No,No,No,Yes,No,Metformin,103,76,74,30.6,105.7,1.11,223.8
43,Female,South Asian,30.2,Middle,Active,Moderate,Never,8.1,Average,Moderate,No,No,No,No,No,No,Yes,None,122,74,59,31.3,79.9,0.79,153.5
59,Male,African,21.4,Middle,Moderate,Heavy,Never,8.5,Good,Moderate,Yes,No,No,No,No,No,No,None,119,78,59,31.9,172.1,1.82,375.7
25,Male,Other,27.7,Middle,Sedentary,Moderate,Former,9.7,Poor,Moderate,No,Yes,No,No,No,Yes,No,None,102,98,71,32.8,125.4,1.26,261.8
49,Female,Caucasian,20.2,Low,Sedentary,Heavy,Current,6.3,Average,Moderate,No,No,No,Yes,No,No,No,None,124,74,63,31.9,86.6,0.87,180.3
31,Male,African,24.1,Low,Moderate,None,Never,9.2,Poor,Moderate,No,No,No,No,No,No,Yes,None,121,80,59,33.0,87.7,0.89,178.1
38,Female,Caucasian,26.6,High,Active,Moderate,Former,7.2,Average,Moderate,Yes,No,No,No,Yes,No,Yes,Other,115,60,71,32.1,98.9,0.99,195.6
41,Male,South Asian,20.0,Low,Sedentary,None,Never,5.4,Good,High,No,No,No,No,No,No,No,None,138,90,83,31.3,81.9,0.86,169.6
18,Male,Hispanic,18.4,Middle,Moderate,None,Current,6.0,Average,High,No,No,No,No,No,Yes,No,None,120,77,70,32.1,93.6,0.95,188.0
28,Female,South Asian,27.5,Low,Sedentary,None,Former,7.7,Average,Moderate,No,Yes,No,No,No,No,No,None,116,89,78,32.7,108.0,1.15,233.2
60,Male,African,30.6,Middle,Sedentary,None,Never,8.1,Average,Low,No,Yes,No,Yes,No,No,No,None,137,86,89,31.8,99.1,0.97,203.6
53,Male,South Asian,24.6,High,Moderate,None,Former,5.5,Poor,High,No,No,No,No,No,No,No,Other,118,82,79,30.9,73.9,0.7,140.7
39,Female,Hispanic,22.7,Low,Sedentary,Heavy,Current,5.9,Average,Low,Yes,No,No,Yes,No,No,No,None,114,76,66,32.2,99.9,1.04,208.5
44,Female,South Asian,25.8,Low,Moderate,Moderate,Current,6.2,Good,Moderate,Yes,Yes,No,Yes,No,No,No,Insulin,102,81,75,31.1,104.0,0.92,174.2
36,Female,Caucasian,25.3,Middle,Active,Heavy,Current,5.7,Good,High,Yes,Yes,No,No,No,No,No,Steroids,121,67,71,33.5,108.8,1.12,232.5
60,Female,Caucasian,26.2,Low,Active,Heavy,Never,4.2,Average,Low,No,No,No,No,No,No,No,None,134,82,80,33.1,88.4,0.91,187.2
37,Male,Caucasian,18.0,Middle,Sedentary,None,Never,4.0,Poor,Moderate,No,No,No,No,No,No,Yes,None,114,86,77,31.8,92.0,0.92,177.8
43,Female,South Asian,19.7,Middle,Moderate,None,Current,6.4,Poor,Moderate,No,Yes,No,No,No,No,No,None,100,81,72,32.5,75.8,0.86,168.6
57,Male,Caucasian,20.8,Low,Active,None,Current,7.4,Good,Moderate,No,No,No,No,No,No,No,None,135,80,76,31.9,83.0,0.8,162.3
28,Female,South Asian,25.8,Low,Sedentary,None,Never,8.0,Average,High,No,No,No,No,No,No,No,None,136,74,72,33.5,112.8,1.16,224.6
63,Male,Caucasian,25.9,Middle,Sedentary,Moderate,Never,5.0,Average,High,No,No,No,No,No,No,No,None,129,78,59,30.4,92.5,0.79,157.0
18,Other,South Asian,28.2,Middle,Active,None,Never,5.0,Average,Low,No,No,No,No,No,No,No,Other,121,69,56,32.2,77.3,0.8,159.8
64,Female,Caucasian,26.3,Low,Sedentary,None,Never,6.2,Good,Low,No,No,No,Yes,No,No,Yes,None,126,75,84,31.0,99.1,1.0,201.1
34,Female,South Asian,18.5,Middle,Active,None,Former,7.0,Average,High,Yes,No,No,No,No,No,No,None,97,101,85,32.4,110.7,1.12,212.1
36,Female,Other,32.2,Middle,Moderate,None,Never,8.5,Good,Moderate,Yes,No,No,No,No,No,No,Steroids,111,81,77,30.1,119.6,1.18,233.8
18,Female,Caucasian,31.4,Middle,Sedentary,None,Never,8.1,Average,Low,No,No,No,No,No,No,No,None,130,85,84,32.3,184.7,1.86,360.6
33,Female,South Asian,18.7,Low,Sedentary,Moderate,Current,6.4,Good,Moderate,No,No,No,No,No,No,No,None,125,80,92,33.9,105.1,1.11,223.2
24,Male,Caucasian,26.7,Low,Sedentary,None,Never,7.5,Average,Low,No,No,No,No,No,No,No,None,134,81,70,31.5,108.2,0.93,189.4
31,Male,Hispanic,22.0,Middle,Sedentary,None,Former,5.7,Average,Low,No,No,No,No,No,No,No,Other,143,81,68,30.5,107.5,1.06,221.1
38,Male,South Asian,25.7,Middle,Moderate,None,Never,7.1,Average,Moderate,No,No,No,No,No,No,No,None,101,78,82,32.7,99.1,1.06,215.3
54,Male,African,30.3,Middle,Sedentary,Moderate,Former,6.9,Average,Moderate,No,No,No,No,No,No,No,None,127,86,89,31.7,90.5,0.88,184.9
43,Female,Caucasian,35.7,Low,Sedentary,None,Never,9.1,Average,Moderate,Yes,No,No,No,No,No,No,None,116,73,68,32.9,86.8,0.88,177.9
45,Female,South Asian,28.8,Middle,Sedentary,None,Never,7.7,Average,Moderate,No,Yes,No,No,Yes,No,No,None,113,65,90,33.1,117.9,1.23,254.7
24,Female,Hispanic,26.5,Middle,Active,None,Never,5.8,Good,High,No,No,No,Yes,No,No,No,Insulin,157,82,71,33.0,81.2,0.82,157.4
27,Female,South Asian,23.3,Low,Sedentary,Heavy,Current,5.9,Good,Moderate,No,Yes,No,Yes,No,No,No,Other,96,91,77,32.0,100.0,1.02,197.6
67,Female,South Asian,25.9,Low,Active,Heavy,Never,6.5,Average,Moderate,No,No,No,Yes,No,Yes,No,Metformin,117,74,71,33.8,86.5,0.85,167.0
29,Male,Hispanic,31.8,Middle,Active,None,Never,4.7,Poor,Moderate,Yes,No,No,No,No,Yes,No,None,116,88,77,32.8,109.2,1.1,221.5
65,Male,African,24.8,Middle,Sedentary,Moderate,Current,6.7,Poor,Moderate,No,No,No,No,No,No,No,Insulin,121,87,64,31.3,93.5,0.87,173.7
36,Male,Hispanic,20.6,Low,Sedentary,None,Never,6.8,Good,Moderate,No,No,No,Yes,No,No,No,None,90,96,85,31.3,198.7,1.99,404.8
40,Male,African,18.0,Middle,Active,None,Current,7.7,Good,Moderate,Yes,No,No,No,No,Yes,No,None,105,99,59,33.3,89.0,0.97,199.5
56,Female,African,27.6,Middle,Moderate,None,Never,7.9,Poor,Low,No,Yes,No,Yes,No,No,No,Metformin,121,86,66,32.7,99.9,1.04,207.9
59,Female,Hispanic,26.2,Middle,Sedentary,None,Never,7.1,Good,Moderate,No,No,No,No,No,No,No,Steroids,99,79,88,31.3,77.9,0.59,120.8
38,Female,South Asian,21.8,Middle,Moderate,Moderate,Never,4.6,Average,Low,No,Yes,No,Yes,No,No,No,Metformin,134,64,98,31.6,82.0,0.79,167.4
34,Female,Hispanic,30.1,Middle,Sedentary,Heavy,Never,5.2,Average,Moderate,No,No,No,Yes,No,No,No,Metformin,129,90,70,31.9,70.5,0.66,136.5
39,Female,African,22.9,Low,Sedentary,None,Never,6.1,Average,Low,Yes,No,No,No,No,No,No,None,96,91,90,32.8,72.8,0.74,149.7
45,Male,South Asian,24.3,Low,Moderate,None,Never,8.0,Average,Moderate,No,No,No,No,No,No,No,None,117,77,88,31.8,85.6,0.83,173.6
53,Female,Caucasian,24.9,Middle,Sedentary,None,Never,7.9,Poor,Moderate,Yes,No,No,No,No,No,No,None,126,84,79,33.3,84.6,0.83,165.9
40,Male,South Asian,23.2,Low,Active,None,Current,6.6,Poor,High,No,No,No,Yes,No,No,No,Steroids,99,70,70,32.4,170.4,1.67,335.4
49,Male,African,26.2,Middle,Active,Heavy,Current,10.0,Poor,Moderate,No,Yes,No,No,No,No,No,None,96,74,89,33.4,118.1,1.2,245.5
65,Male,Caucasian,30.8,Middle,Moderate,Moderate,Former,9.3,Good,Low,Yes,No,No,Yes,No,No,No,None,106,67,73,30.9,113.4,1.1,217.4
46,Male,Other,19.3,Low,Sedentary,Moderate,Never,8.9,Average,High,No,No,No,No,No,No,No,None,160,83,80,33.5,88.7,0.96,194.6
45,Male,South Asian,27.4,Middle,Sedentary,None,Former,8.1,Average,Moderate,Yes,No,No,Yes,No,Yes,No,None,136,76,53,33.2,88.9,0.81,158.2
18,Male,African,25.9,Middle,Sedentary,Moderate,Never,7.7,Good,Low,No,No,No,No,No,No,No,None,111,92,71,32.1,78.8,0.82,160.0
18,Female,South Asian,25.8,Low,Sedentary,None,Current,7.6,Good,Moderate,No,No,No,No,No,No,No,None,100,82,69,31.5,96.4,0.96,190.6
46,Female,African,29.4,Middle,Sedentary,Heavy,Never,4.3,Poor,Low,No,Yes,No,Yes,No,No,No,None,108,84,76,33.3,109.1,1.02,201.7
39,Male,African,25.2,High,Moderate,None,Former,5.4,Poor,Moderate,Yes,No,No,No,No,No,No,None,143,80,72,31.5,86.7,0.82,167.1
32,Male,African,27.4,Middle,Sedentary,None,Former,6.7,Average,High,Yes,No,No,No,No,No,No,Other,151,96,70,32.0,84.4,0.9,184.7
44,Female,Hispanic,28.6,Middle,Active,None,Former,7.2,Good,Moderate,Yes,No,No,No,No,Yes,No,None,108,95,75,32.5,90.8,0.85,162.4
39,Male,Hispanic,22.5,Low,Active,None,Current,6.8,Average,Moderate,Yes,No,No,No,No,No,Yes,Insulin,125,78,67,30.9,116.1,1.12,218.8
57,Female,South Asian,26.5,Low,Moderate,Moderate,Never,7.4,Good,Low,No,No,No,No,No,No,No,Steroids,116,83,58,31.8,99.3,0.98,190.0
41,Female,South Asian,23.7,Low,Moderate,Moderate,Former,4.0,Average,Low,Yes,No,No,No,No,No,No,Metformin,139,94,71,31.1,79.6,0.8,168.0
29,Male,African,24.3,Middle,Sedentary,Moderate,Never,7.8,Average,High,No,No,No,Yes,No,No,No,None,104,68,73,30.4,125.1,1.31,264.0
55,Male,Caucasian,23.4,Low,Sedentary,None,Never,7.1,Poor,Moderate,No,No,No,Yes,No,No,No,None,135,83,83,34.1,93.6,0.98,195.8
37,Male,South Asian,27.4,Low,Active,None,Never,6.7,Average,Moderate,No,No,No,No,No,No,No,Other,100,76,73,31.3,102.1,0.96,188.6
48,Male,Caucasian,25.4,Middle,Moderate,Moderate,Current,8.4,Average,Moderate,No,No,No,No,No,No,No,None,134,95,79,32.6,120.4,1.36,266.6
33,Male,Caucasian,27.0,Low,Sedentary,Moderate,Never,5.4,Average,Low,No,No,No,Yes,No,No,No,None,107,85,68,34.1,106.8,1.07,220.0
30,Female,South Asian,24.9,Low,Moderate,None,Never,6.6,Good,High,Yes,No,No,No,No,Yes,No,Metformin,115,63,75,31.4,72.9,0.7,145.6
41,Male,Hispanic,18.0,Middle,Active,Moderate,Never,7.4,Good,Low,Yes,No,No,No,No,No,Yes,None,110,76,58,30.7,84.9,0.85,164.6
40,Female,Caucasian,25.2,Low,Sedentary,Heavy,Former,5.7,Average,Moderate,No,Yes,No,No,No,No,No,None,149,94,69,33.8,105.0,1.15,232.3
47,Female,South Asian,25.3,Middle,Sedentary,Moderate,Current,4.0,Good,High,No,No,No,No,No,No,No,Insulin,135,89,50,31.1,77.1,0.64,131.9
36,Male,South Asian,26.2,Low,Active,None,Never,5.3,Good,Moderate,No,No,No,Yes,No,No,Yes,Insulin,114,70,63,31.6,100.1,1.06,209.5
18,Male,Hispanic,22.0,Low,Sedentary,Moderate,Never,6.9,Poor,High,No,No,No,No,No,No,No,None,108,70,62,31.4,96.1,0.95,198.5
34,Male,Other,19.0,Middle,Sedentary,None,Never,6.6,Average,Moderate,Yes,No,No,No,No,No,No,None,140,81,81,32.2,78.0,0.84,164.4
52,Male,African,28.1,Middle,Sedentary,Moderate,Never,7.0,Average,Moderate,No,No,No,Yes,No,No,No,Metformin,90,79,79,30.2,73.1,0.73,139.9
36,Female,South Asian,23.6,Middle,Active,None,Current,6.0,Average,High,No,No,Yes,No,No,No,No,None,127,77,86,32.6,86.2,0.81,157.1
36,Male,Other,25.9,Middle,Active,Heavy,Never,5.0,Poor,High,No,Yes,No,No,No,No,No,Steroids,106,76,62,32.5,146.1,1.47,300.5
55,Female,African,23.6,Middle,Sedentary,Moderate,Never,7.2,Average,Moderate,No,No,Yes,Yes,No,No,No,None,154,74,83,32.9,125.5,1.36,275.4
29,Male,Hispanic,25.0,Middle,Sedentary,None,Former,6.8,Average,Moderate,No,No,No,Yes,No,No,No,Insulin,161,103,69,32.8,116.4,1.14,227.4
18,Male,Hispanic,22.8,Middle,Sedentary,Moderate,Never,8.0,Poor,Moderate,No,No,No,No,No,No,No,None,120,76,93,32.5,116.0,1.19,236.1
38,Female,South Asian,20.2,Middle,Sedentary,None,Former,5.9,Average,Low,Yes,Yes,No,No,No,No,No,None,115,73,73,31.7,105.2,1.01,203.3
33,Female,Caucasian,27.4,Middle,Sedentary,None,Current,4.0,Good,Low,No,Yes,No,No,No,No,No,Other,121,85,91,32.1,126.9,1.33,266.4
26,Male,South Asian,22.0,Low,Sedentary,None,Never,4.0,Average,Low,Yes,Yes,No,No,No,No,No,None,111,79,104,31.3,121.1,1.17,240.8
37,Male,South Asian,25.8,Middle,Sedentary,None,Never,6.4,Poor,High,Yes,No,No,No,No,No,Yes,Other,108,71,79,32.2,170.7,1.78,357.3
47,Female,Hispanic,27.1,Middle,Active,Heavy,Never,7.2,Average,Moderate,No,No,No,No,No,No,No,Metformin,124,77,93,31.2,99.3,0.98,191.3
40,Male,Hispanic,22.1,Middle,Sedentary,None,Never,6.7,Good,High,Yes,No,No,No,No,No,No,Insulin,129,79,72,32.1,126.3,1.35,275.7
45,Male,African,19.0,Low,Sedentary,Moderate,Never,6.2,Average,Moderate,No,No,No,No,No,No,No,None,122,84,88,31.6,92.9,0.88,179.8
67,Female,Caucasian,37.1,Low,Sedentary,None,Current,4.6,Average,Moderate,No,No,No,No,No,No,Yes,None,124,83,74,31.2,109.0,1.03,212.4
35,Male,South Asian,22.4,Low,Moderate,Moderate,Former,4.2,Poor,Low,Yes,No,No,No,No,No,No,Steroids,111,70,81,33.1,78.2,0.77,156.8
44,Female,South Asian,28.1,Middle,Sedentary,None,Never,7.6,Average,Moderate,No,No,No,Yes,No,No,No,Insulin,106,86,80,32.8,101.0,1.06,210.6
32,Female,South Asian,34.7,Low,Moderate,None,Current,6.7,Average,High,No,No,No,No,No,No,No,Insulin,106,89,73,32.1,100.1,1.02,207.5
27,Female,Caucasian,28.9,Low,Moderate,Heavy,Never,6.5,Good,High,No,No,No,Yes,No,No,No,None,132,69,60,30.3,99.5,0.98,193.8
31,Female,African,23.5,Low,Active,None,Former,4.7,Average,Moderate,No,No,No,No,No,No,No,None,121,72,61,31.1,82.3,0.81,164.6
33,Female,South Asian,24.7,Low,Moderate,Moderate,Never,5.6,Average,Moderate,No,Yes,No,No,Yes,No,Yes,None,123,78,87,31.9,110.1,1.19,240.2
45,Female,Other,20.8,Middle,Sedentary,None,Never,7.1,Average,Moderate,No,No,Yes,Yes,No,No,No,Steroids,125,82,77,32.5,157.1,1.59,321.2
75,Female,South Asian,29.4,Middle,Sedentary,None,Former,7.4,Poor,Low,Yes,Yes,No,No,No,No,Yes,Metformin,119,83,85,32.5,118.6,1.13,230.0
29,Male,Hispanic,27.8,Low,Moderate,Moderate,Never,6.8,Poor,Low,No,No,No,No,No,Yes,No,Steroids,122,80,70,32.2,119.4,1.26,244.8
34,Male,Caucasian,22.4,Middle,Sedentary,Moderate,Never,9.1,Good,Moderate,No,No,No,No,No,No,No,None,139,66,72,32.0,110.1,1.11,226.9
39,Female,South Asian,19.8,Low,Sedentary,None,Never,6.1,Average,Moderate,Yes,No,No,Yes,No,No,No,None,132,90,71,31.8,116.5,1.15,228.2
46,Female,Hispanic,18.4,Low,Active,Heavy,Never,8.9,Poor,Moderate,Yes,No,No,No,No,No,Yes,None,117,70,58,31.4,94.6,0.99,205.0
44,Male,African,29.9,Middle,Active,None,Former,7.3,Average,Moderate,No,No,No,No,No,Yes,Yes,None,113,94,72,33.7,138.7,1.46,287.7
59,Female,Caucasian,25.6,Middle,Active,None,Current,7.2,Average,Low,No,No,No,Yes,No,Yes,No,None,135,92,72,33.0,89.0,0.83,169.8
18,Male,Caucasian,26.1,Middle,Active,None,Never,8.4,Good,Moderate,No,No,No,No,No,No,No,None,125,69,75,32.6,87.8,0.87,168.8
18,Female,South Asian,20.9,Middle,Moderate,Moderate,Never,6.1,Average,Moderate,No,No,No,No,No,No,No,None,115,84,72,30.9,126.4,1.23,249.6
33,Female,African,18.0,Middle,Moderate,None,Never,6.5,Good,Low,Yes,No,No,No,No,No,No,None,101,94,89,30.8,99.5,1.1,214.2
56,Female,Other,29.8,Low,Sedentary,None,Former,5.2,Average,High,No,No,No,No,No,No,No,None,145,86,69,32.0,90.6,0.9,182.1
18,Male,South Asian,25.2,Low,Active,Heavy,Never,8.4,Poor,Moderate,Yes,No,No,No,No,Yes,No,Metformin,103,63,83,31.5,81.3,0.83,173.5
18,Female,South Asian,29.5,Low,Sedentary,None,Former,7.5,Good,Moderate,No,Yes,No,No,No,No,No,Other,124,80,78,30.9,100.6,1.08,217.7
49,Male,Other,23.1,Middle,Moderate,None,Current,8.6,Poor,High,No,No,No,Yes,No,No,No,None,147,88,75,32.1,94.2,0.95,191.7
44,Male,South Asian,23.8,Low,Sedentary,None,Never,7.3,Average,Low,No,No,No,No,No,No,No,Metformin,115,97,83,30.1,73.4,0.7,139.8
24,Male,African,28.6,Low,Sedentary,None,Never,8.7,Good,High,No,No,No,No,No,No,No,None,119,79,72,31.9,89.3,0.93,183.0
25,Female,Caucasian,28.7,Middle,Moderate,None,Former,5.9,Poor,Moderate,No,No,No,Yes,No,No,No,Steroids,133,63,70,32.5,103.1,1.08,219.8
25,Male,Caucasian,29.0,Low,Sedentary,None,Never,8.5,Average,Low,No,No,No,No,No,Yes,No,None,102,102,71,32.5,71.4,0.71,145.2
42,Male,Caucasian,23.5,Low,Moderate,None,Never,6.4,Good,Moderate,No,No,No,No,No,No,No,Metformin,95,79,77,30.2,125.7,1.2,237.5
31,Female,South Asian,28.1,Low,Moderate,None,Former,7.0,Average,High,No,No,No,No,No,No,No,None,115,94,57,30.1,106.3,1.0,189.8
47,Female,South Asian,30.5,Low,Moderate,Moderate,Former,8.1,Average,Moderate,Yes,No,No,Yes,No,No,No,None,121,77,73,31.8,124.7,1.19,236.2
18,Female,African,24.5,Middle,Sedentary,Heavy,Never,10.0,Average,Moderate,No,Yes,No,Yes,No,No,No,Insulin,121,85,82,31.4,120.4,1.2,237.8
27,Female,African,22.4,Middle,Sedentary,Moderate,Never,8.2,Good,Low,No,No,No,No,No,No,No,None,141,73,75,30.8,158.8,1.5,298.7
23,Male,African,31.7,Low,Active,None,Never,8.4,Average,Low,No,No,No,No,No,No,No,None,106,73,76,30.0,92.9,0.86,173.3
36,Female,African,21.7,Low,Sedentary,None,Current,6.2,Average,Moderate,No,Yes,No,Yes,No,Yes,No,None,118,98,80,31.1,167.0,1.59,317.3
32,Female,South Asian,28.1,Middle,Sedentary,Moderate,Current,7.2,Good,Moderate,No,No,No,No,No,No,No,Steroids,143,89,76,31.9,94.8,0.98,198.9
52,Male,South Asian,24.7,Middle,Sedentary,Moderate,Former,6.9,Good,High,Yes,No,No,Yes,No,No,No,None,116,80,59,31.8,72.6,0.71,146.0
18,Male,Hispanic,18.0,Middle,Active,None,Former,9.1,Average,Moderate,No,No,No,No,No,Yes,No,Metformin,150,89,90,30.8,108.5,1.1,219.9
41,Male,Caucasian,30.6,Middle,Moderate,None,Never,6.8,Poor,Moderate,No,No,No,Yes,No,No,No,Metformin,116,73,101,31.0,84.9,0.72,152.8
48,Male,South Asian,18.0,Low,Sedentary,Moderate,Never,9.0,Good,Low,No,No,No,No,No,No,No,None,110,80,90,31.7,194.2,1.98,395.8
68,Female,South Asian,18.0,High,Active,None,Never,5.0,Average,Low,No,Yes,No,Yes,No,No,No,None,119,81,73,31.2,153.4,1.48,294.1
33,Female,South Asian,27.6,Middle,Active,None,Current,9.1,Average,Low,Yes,No,No,No,No,Yes,No,None,124,72,66,32.3,84.7,0.84,158.1
45,Female,South Asian,27.6,Low,Moderate,None,Never,5.7,Average,Moderate,No,No,Yes,No,No,No,No,None,114,71,90,32.6,89.6,0.93,184.2
18,Female,Hispanic,21.8,Middle,Sedentary,Moderate,Former,8.3,Good,Low,Yes,No,No,Yes,No,No,No,Insulin,126,61,76,32.5,107.1,1.03,204.8
18,Male,Other,25.7,Low,Moderate,Moderate,Current,5.7,Average,High,No,No,No,No,No,No,Yes,None,118,70,84,30.9,77.1,0.76,155.5
53,Female,Hispanic,18.0,Low,Sedentary,Moderate,Current,7.9,Good,Moderate,Yes,Yes,No,No,No,No,No,Steroids,139,98,65,32.3,148.4,1.44,292.7
40,Male,Other,28.5,High,Moderate,Moderate,Former,5.6,Poor,High,No,No,No,No,No,No,No,None,128,62,80,32.4,126.0,1.24,238.3
58,Female,Other,26.2,Middle,Active,None,Never,8.6,Poor,Moderate,No,No,No,No,Yes,Yes,No,None,120,80,79,33.5,73.8,0.78,153.6
19,Male,Caucasian,24.8,Low,Active,Moderate,Never,8.3,Good,Moderate,No,No,No,No,No,Yes,No,None,115,82,89,34.0,83.8,0.92,190.5
48,Female,South Asian,25.1,Low,Sedentary,None,Never,6.1,Average,Moderate,Yes,Yes,No,Yes,No,No,No,None,132,78,83,33.2,109.1,1.05,210.5
68,Male,Hispanic,27.5,Middle,Active,None,Never,7.9,Average,High,Yes,No,No,Yes,No,No,No,None,120,89,77,31.5,107.8,1.09,221.0
46,Male,South Asian,24.9,Low,Sedentary,Moderate,Never,8.4,Good,Moderate,Yes,No,No,No,No,No,No,Metformin,113,77,94,31.2,85.2,0.88,179.0
44,Male,South Asian,18.0,Middle,Sedentary,None,Never,5.6,Average,Moderate,No,No,No,Yes,No,No,No,None,109,90,72,31.8,85.0,0.85,180.3
40,Female,South Asian,36.0,Middle,Moderate,None,Current,5.4,Average,Moderate,Yes,No,Yes,Yes,No,No,No,Steroids,130,85,90,31.4,124.6,1.36,265.4
18,Female,Caucasian,31.0,Middle,Moderate,Heavy,Never,5.4,Poor,Low,Yes,No,No,No,Yes,No,No,None,113,66,81,34.1,90.2,0.97,194.2
60,Male,South Asian,18.6,Middle,Sedentary,Heavy,Former,5.2,Average,Moderate,No,No,No,No,No,No,No,None,116,92,82,33.0,82.4,0.87,171.9
31,Female,South Asian,23.3,Middle,Sedentary,None,Never,5.4,Average,High,No,No,No,No,No,No,No,None,128,77,105,32.6,91.1,0.94,188.9
48,Female,Caucasian,23.8,High,Sedentary,None,Current,8.4,Average,Low,No,No,No,No,No,Yes,No,Insulin,136,62,54,32.8,94.1,0.92,186.1
18,Female,Hispanic,30.4,Low,Moderate,None,Never,7.8,Good,Moderate,Yes,No,No,No,No,No,No,None,129,85,61,33.4,142.6,1.55,315.8
22,Female,Caucasian,18.0,Middle,Active,Heavy,Never,4.5,Average,Moderate,No,No,No,Yes,No,No,No,Metformin,133,77,87,32.6,86.1,0.95,202.3
62,Male,Hispanic,22.5,Low,Moderate,None,Never,6.2,Good,High,No,Yes,No,No,No,No,Yes,Metformin,131,96,84,31.8,143.9,1.41,279.9
35,Male,South Asian,18.0,Low,Sedentary,Heavy,Current,5.3,Good,Low,No,No,No,No,No,No,Yes,None,120,91,76,32.7,194.5,1.97,393.0
62,Female,South Asian,23.6,Low,Active,None,Never,8.3,Good,Low,No,No,No,Yes,No,No,No,None,126,71,86,32.7,147.3,1.53,303.3
39,Female,Caucasian,22.6,Middle,Moderate,None,Current,6.3,Average,Low,No,No,No,No,No,No,No,None,147,89,64,30.9,88.7,0.86,173.4
18,Female,Caucasian,25.4,Low,Active,None,Former,4.7,Average,Low,Yes,No,No,No,No,No,Yes,None,117,73,95,34.4,77.0,0.81,164.0
53,Female,African,22.0,Middle,Moderate,None,Never,7.3,Poor,Moderate,No,No,No,Yes,No,No,No,Insulin,104,63,89,31.4,124.6,1.29,256.1
31,Male,Hispanic,21.2,Middle,Active,Heavy,Never,7.9,Poor,Low,No,No,No,No,No,No,No,None,90,74,92,33.5,126.5,1.25,246.0
50,Female,Hispanic,28.1,Low,Active,Moderate,Former,5.6,Poor,Moderate,No,No,No,No,No,No,No,Metformin,149,67,59,31.8,73.5,0.8,164.6
40,Male,Other,27.3,Middle,Moderate,None,Never,6.6,Good,High,Yes,Yes,No,No,No,No,No,None,150,80,86,33.2,108.9,1.06,209.3
18,Other,South Asian,27.8,Middle,Sedentary,None,Current,5.6,Average,Low,No,No,No,Yes,No,No,No,None,105,99,75,32.1,140.6,1.41,285.2
42,Male,South Asian,24.1,Middle,Moderate,Moderate,Never,8.9,Good,Low,Yes,No,No,No,No,No,No,None,139,81,99,30.6,84.4,0.91,181.1
73,Female,Caucasian,22.1,Low,Moderate,None,Former,6.4,Average,High,No,No,No,No,No,No,No,Steroids,135,85,78,33.1,85.9,0.95,182.3
47,Female,South Asian,24.4,Middle,Moderate,Moderate,Former,5.9,Average,Moderate,No,No,No,Yes,No,No,No,Insulin,130,70,66,33.5,110.7,1.2,233.7
39,Male,South Asian,27.5,Middle,Sedentary,None,Former,6.9,Average,Low,No,No,No,No,No,No,No,None,128,75,81,32.0,177.0,1.79,360.0
56,Male,South Asian,18.0,Low,Sedentary,None,Never,6.7,Average,Moderate,No,No,No,No,No,No,No,Other,109,85,58,32.9,83.0,0.82,165.3
43,Female,South Asian,27.0,Low,Moderate,None,Current,8.0,Good,High,Yes,No,No,No,Yes,Yes,Yes,None,122,79,86,31.3,125.8,1.21,237.2
43,Female,South Asian,26.5,Middle,Active,None,Former,8.8,Good,Low,No,No,No,No,No,No,No,Metformin,125,73,71,32.1,82.9,0.8,153.6
24,Male,South Asian,25.3,Middle,Moderate,None,Never,8.8,Average,Moderate,Yes,No,No,Yes,No,No,No,None,121,90,73,33.1,92.8,0.97,196.3
44,Female,African,24.3,Low,Sedentary,Heavy,Former,6.4,Good,Low,Yes,Yes,No,No,No,No,No,Insulin,119,81,77,32.4,125.8,1.33,272.2
56,Female,African,18.0,Low,Sedentary,None,Never,7.5,Poor,Moderate,No,Yes,No,Yes,No,No,No,None,140,101,72,32.5,103.3,1.04,207.0
27,Male,African,22.8,Middle,Sedentary,None,Current,9.2,Poor,High,No,No,No,No,No,Yes,No,Steroids,135,87,91,33.0,84.4,0.88,186.8
61,Male,African,33.9,Low,Sedentary,None,Current,9.3,Average,Low,No,Yes,No,No,No,Yes,No,None,133,69,72,33.7,81.3,0.82,168.0
39,Female,South Asian,25.1,High,Sedentary,Moderate,Never,5.7,Good,Moderate,No,Yes,No,No,No,No,No,None,134,81,80,33.1,162.5,1.67,338.7
27,Female,South Asian,23.5,Low,Moderate,Moderate,Never,7.9,Average,Moderate,No,No,No,No,No,No,No,Metformin,123,68,81,32.3,85.2,0.88,170.1
55,Female,South Asian,25.1,Middle,Active,Moderate,Current,7.6,Average,Moderate,Yes,No,No,Yes,No,No,No,None,137,100,75,32.0,82.3,0.78,160.2
36,Female,Hispanic,26.8,Low,Sedentary,None,Never,8.4,Poor,Low,No,No,Yes,No,No,Yes,No,None,102,70,67,32.2,141.4,1.38,269.2
51,Male,African,28.3,High,Moderate,Moderate,Current,8.9,Good,Moderate,Yes,No,No,No,No,No,Yes,Insulin,121,91,52,30.7,112.4,1.22,246.9
36,Male,South Asian,23.9,Middle,Moderate,Moderate,Former,5.4,Good,Moderate,No,Yes,No,No,No,No,No,None,131,90,86,32.3,154.8,1.53,307.7
39,Male,South Asian,27.1,High,Active,None,Never,6.0,Average,Low,No,Yes,No,No,No,No,No,None,128,73,65,30.9,117.4,1.13,231.4
47,Male,Other,33.4,Middle,Active,None,Never,8.4,Good,Moderate,No,Yes,No,No,No,No,No,Insulin,126,83,95,31.6,126.5,1.3,269.3
44,Female,Caucasian,30.0,Low,Sedentary,Moderate,Never,7.2,Poor,High,No,No,Yes,No,No,No,No,None,134,83,69,32.8,74.7,0.83,165.3
18,Female,Hispanic,36.7,Low,Sedentary,None,Current,4.0,Average,Low,No,No,No,No,No,No,No,Steroids,142,88,88,31.6,173.8,1.73,339.0
23,Male,South Asian,21.7,Middle,Sedentary,None,Never,4.5,Poor,Moderate,No,No,No,No,No,No,No,Metformin,104,82,76,33.4,142.8,1.44,279.1
54,Male,South Asian,33.4,Middle,Moderate,None,Never,8.0,Average,Low,Yes,No,No,No,No,Yes,No,None,125,73,91,32.0,110.3,1.09,218.7
38,Female,Hispanic,21.0,High,Moderate,None,Current,8.3,Average,Low,No,No,No,No,No,No,No,None,109,86,79,33.2,100.0,1.02,209.1
32,Female,African,26.8,Low,Sedentary,None,Never,5.0,Average,Low,No,No,No,No,No,No,No,Metformin,136,86,80,31.7,88.6,0.99,202.0
20,Female,African,28.7,Middle,Active,Moderate,Never,8.6,Good,Moderate,Yes,No,No,No,No,Yes,No,Insulin,131,71,63,31.9,108.7,1.09,214.2
24,Female,Caucasian,22.4,High,Sedentary,Moderate,Never,6.7,Average,Low,No,No,Yes,Yes,No,No,No,None,105,60,83,33.2,68.9,0.7,138.9
18,Female,Caucasian,25.4,Low,Active,None,Never,5.5,Average,Moderate,No,No,No,Yes,No,No,No,None,120,86,84,31.8,70.0,0.65,125.1
38,Female,African,29.6,Middle,Sedentary,None,Never,6.2,Average,High,Yes,No,No,Yes,No,No,No,Metformin,97,84,77,32.4,81.9,0.86,177.5
31,Male,South Asian,21.4,Middle,Sedentary,Moderate,Never,5.2,Average,Low,No,No,No,No,No,No,No,None,134,84,86,31.6,109.3,1.08,221.7
26,Male,South Asian,33.3,Middle,Sedentary,Moderate,Never,6.1,Good,Moderate,Yes,No,No,No,No,No,No,Metformin,112,93,79,30.0,85.2,0.86,169.6
39,Male,Hispanic,18.1,Low,Sedentary,None,Never,4.2,Average,Low,No,No,No,No,No,Yes,No,Metformin,103,89,87,31.4,96.2,0.95,183.2
45,Female,South Asian,34.7,Low,Moderate,Moderate,Former,6.9,Good,Low,No,No,No,No,No,No,No,None,115,93,76,33.5,100.4,0.94,189.7
71,Female,Caucasian,30.0,Low,Sedentary,Moderate,Former,7.9,Average,Low,No,Yes,Yes,No,No,Yes,No,Other,129,88,86,32.3,100.6,1.03,206.8
18,Female,African,24.6,High,Moderate,None,Never,5.0,Poor,Moderate,No,Yes,No,No,No,No,No,Insulin,124,81,78,32.9,82.0,0.89,179.0
57,Male,Other,23.0,Middle,Sedentary,None,Never,7.0,Average,Low,No,Yes,No,No,No,Yes,No,Metformin,113,68,96,32.9,122.2,1.31,254.3
55,Male,Caucasian,22.5,Low,Sedentary,None,Never,5.8,Average,Moderate,No,No,No,Yes,No,No,No,Steroids,118,95,72,32.8,114.7,1.14,231.7
28,Male,Caucasian,24.3,High,Active,Heavy,Never,8.0,Average,Low,No,No,No,No,No,Yes,No,None,116,78,74,33.6,91.1,1.03,200.1
43,Male,Hispanic,24.8,Middle,Active,None,Never,4.0,Average,Moderate,No,Yes,No,No,No,No,No,None,106,74,68,31.7,113.3,0.99,198.6
33,Female,Hispanic,31.3,Middle,Sedentary,None,Current,8.1,Average,Moderate,No,Yes,No,Yes,No,No,No,None,92,86,71,33.5,102.1,1.05,218.7
43,Female,African,34.8,Low,Active,None,Never,4.3,Good,Low,No,No,No,No,No,No,No,Metformin,120,62,70,32.7,104.5,1.06,216.3
63,Female,Caucasian,26.0,Low,Moderate,Moderate,Never,6.7,Good,Moderate,No,No,No,Yes,No,No,No,None,129,73,96,32.4,170.6,1.64,328.7
49,Female,South Asian,20.8,Middle,Sedentary,None,Former,5.9,Average,Low,Yes,No,No,Yes,No,No,No,None,120,74,96,30.0,122.8,1.24,266.6
48,Female,African,22.3,Low,Active,Moderate,Former,6.5,Average,Low,No,No,No,No,No,No,No,Steroids,151,73,74,32.4,69.9,0.71,148.6
34,Female,Hispanic,24.1,Middle,Sedentary,Moderate,Current,4.7,Average,High,No,No,No,No,No,No,No,None,111,99,89,32.9,116.0,1.21,237.0
18,Male,Hispanic,19.8,Middle,Sedentary,Moderate,Never,9.5,Average,Moderate,No,Yes,No,No,No,No,No,Metformin,119,79,73,32.2,116.3,1.17,245.6
37,Female,South Asian,19.1,Low,Moderate,Moderate,Never,5.1,Good,High,No,Yes,No,No,No,No,No,None,127,74,79,33.3,111.0,1.19,241.7
58,Female,Caucasian,35.5,Low,Sedentary,None,Never,5.2,Poor,Low,Yes,No,No,No,No,No,No,Other,127,80,90,33.3,76.1,0.73,146.5
18,Female,Caucasian,26.5,High,Sedentary,Heavy,Never,9.7,Average,Moderate,No,No,No,Yes,No,No,Yes,None,116,89,73,31.7,82.8,0.93,181.0
24,Male,Other,20.8,Low,Sedentary,Moderate,Never,7.5,Poor,Low,No,No,No,Yes,No,No,No,None,119,61,65,32.1,145.6,1.51,308.1
42,Male,African,29.1,Low,Moderate,Heavy,Current,5.1,Good,Moderate,No,No,No,No,No,No,No,None,119,81,80,31.7,126.0,1.29,249.1
25,Male,Caucasian,19.1,Middle,Moderate,Moderate,Former,6.8,Poor,Moderate,No,No,No,Yes,No,No,No,Steroids,130,75,67,31.6,89.1,0.95,187.7
28,Female,South Asian,19.5,Middle,Sedentary,Moderate,Never,6.6,Good,Low,No,No,No,No,Yes,No,No,None,110,83,75,32.1,113.2,1.14,218.3
34,Male,Caucasian,21.0,Middle,Active,None,Never,4.5,Average,Moderate,No,Yes,No,No,No,No,No,None,90,69,78,32.2,125.1,1.29,251.9
20,Female,South Asian,33.3,Middle,Sedentary,None,Current,5.9,Good,Low,Yes,No,No,No,No,No,No,None,115,78,82,30.0,132.0,1.35,271.8
25,Female,Hispanic,23.7,Low,Moderate,None,Never,7.0,Good,High,No,No,No,Yes,No,No,No,None,145,79,82,32.0,83.9,0.73,144.5
51,Male,Hispanic,18.0,Low,Active,None,Current,8.9,Good,Moderate,No,No,No,No,No,No,Yes,None,132,67,78,32.4,92.6,0.85,167.5
20,Female,Caucasian,31.1,Middle,Active,Moderate,Former,6.7,Average,Moderate,No,No,No,No,Yes,No,No,Metformin,96,99,84,32.1,109.9,1.13,227.4
18,Female,Caucasian,23.5,High,Moderate,None,Current,6.8,Poor,High,No,No,No,No,No,No,No,Insulin,130,84,91,31.9,124.1,1.3,264.6
31,Male,Hispanic,18.0,Middle,Moderate,None,Current,5.8,Good,Low,No,No,No,No,No,No,No,Insulin,123,89,84,31.0,75.3,0.67,130.9
51,Female,South Asian,23.4,Low,Sedentary,Moderate,Never,8.6,Good,Moderate,No,Yes,No,No,No,No,No,None,114,76,86,30.7,116.2,1.1,213.4
37,Male,South Asian,27.6,Low,Moderate,Heavy,Former,8.4,Average,Low,No,No,No,No,No,No,No,None,104,82,66,31.5,76.8,0.8,152.9
33,Male,Other,27.0,Low,Sedentary,Moderate,Never,8.2,Average,Low,No,No,No,No,No,Yes,No,None,108,68,77,30.2,182.2,1.83,365.4
41,Female,Hispanic,34.0,Middle,Sedentary,Moderate,Never,7.2,Poor,Low,No,No,No,No,No,No,No,None,112,74,79,32.0,122.5,1.33,266.6
18,Female,Hispanic,20.7,Low,Sedentary,None,Never,4.6,Average,Moderate,Yes,No,No,No,No,No,Yes,None,148,71,98,31.2,124.4,1.33,265.4
47,Other,South Asian,25.2,Low,Sedentary,Moderate,Never,8.6,Poor,Moderate,No,No,No,No,No,No,No,None,130,83,53,32.2,109.1,1.11,225.4
46,Female,South Asian,21.5,Middle,Moderate,None,Never,7.1,Average,Low,Yes,No,No,No,Yes,No,No,None,109,97,84,31.4,100.2,1.02,208.6
34,Female,South Asian,18.0,Middle,Active,Heavy,Never,6.5,Average,Low,Yes,No,No,No,No,No,No,None,112,89,81,30.1,83.9,0.78,154.5
55,Female,South Asian,29.4,Middle,Sedentary,None,Never,7.7,Average,Low,Yes,No,No,No,No,No,No,Steroids,119,98,82,31.0,211.2,2.0,399.4
23,Female,Hispanic,27.3,Middle,Sedentary,Moderate,Current,7.3,Good,Low,Yes,Yes,Yes,No,No,No,No,Metformin,114,88,61,32.2,110.1,1.07,209.2
57,Female,South Asian,26.4,Middle,Sedentary,Moderate,Never,5.4,Good,Moderate,No,No,No,No,No,No,No,Steroids,120,84,77,32.8,90.8,0.91,187.8
42,Male,African,27.1,Low,Moderate,None,Never,6.5,Average,Moderate,No,No,No,No,No,No,No,None,118,71,94,31.7,86.5,0.81,163.5
35,Female,South Asian,21.6,Middle,Sedentary,Moderate,Never,4.1,Good,Moderate,Yes,No,No,No,No,No,Yes,None,121,83,64,32.3,91.1,1.0,203.2
40,Male,South Asian,20.0,Low,Sedentary,Moderate,Never,7.1,Good,Moderate,Yes,No,No,No,No,No,No,None,90,75,82,31.8,69.5,0.6,115.2
38,Female,Other,25.2,Low,Moderate,Moderate,Former,9.0,Average,Moderate,Yes,No,No,Yes,No,No,Yes,None,132,88,69,31.8,73.8,0.76,147.3
58,Male,South Asian,30.8,Middle,Active,None,Current,4.3,Poor,Moderate,No,No,No,No,No,No,No,None,112,66,92,31.2,77.6,0.73,151.4
24,Female,South Asian,33.0,Middle,Sedentary,None,Never,7.2,Average,Low,No,No,No,Yes,Yes,Yes,No,None,134,79,83,32.0,83.2,0.85,164.3
29,Male,South Asian,29.0,Middle,Sedentary,None,Never,8.0,Good,Low,Yes,No,No,Yes,No,Yes,No,None,153,80,80,31.4,100.4,0.94,183.9
56,Male,South Asian,25.1,Middle,Moderate,None,Former,8.2,Average,Moderate,No,No,No,Yes,No,No,No,None,98,98,68,33.4,92.7,0.97,192.0
31,Female,Caucasian,26.3,Middle,Sedentary,None,Never,5.9,Average,High,No,No,No,Yes,No,No,No,Metformin,121,70,74,31.3,79.3,0.75,158.8
54,Male,South Asian,25.1,Middle,Sedentary,Moderate,Never,5.3,Good,Moderate,Yes,Yes,No,No,No,No,Yes,None,114,92,71,32.2,110.3,1.01,201.7
65,Female,African,19.9,Middle,Moderate,None,Former,6.1,Poor,Low,Yes,No,No,No,No,No,No,None,126,88,66,30.9,94.7,0.94,188.0
34,Male,Hispanic,25.1,Middle,Active,Moderate,Former,8.8,Poor,Low,No,No,No,No,No,No,No,Metformin,90,77,74,31.8,87.6,0.82,171.3
50,Male,Caucasian,18.3,Low,Sedentary,None,Never,4.4,Good,Moderate,No,No,No,No,No,No,No,None,115,84,56,31.0,118.1,1.18,229.2
23,Male,South Asian,24.4,Low,Sedentary,None,Never,5.2,Poor,Moderate,Yes,No,No,No,No,No,No,None,108,78,82,31.4,101.1,0.9,188.1
51,Female,African,33.2,Middle,Sedentary,None,Former,6.3,Average,Low,No,No,No,No,No,No,No,None,144,80,71,33.0,137.6,1.42,280.1
43,Male,South Asian,29.1,Low,Active,Moderate,Never,5.5,Good,Moderate,Yes,No,No,No,No,No,No,Metformin,148,88,68,32.0,75.7,0.82,157.2
47,Female,African,20.4,Middle,Sedentary,Moderate,Current,6.9,Average,Moderate,No,No,No,No,No,No,No,None,116,105,61,32.8,119.1,1.19,239.6
30,Male,African,24.6,Middle,Moderate,None,Never,9.1,Average,Moderate,Yes,No,No,Yes,No,No,No,None,103,90,79,31.8,134.4,1.33,263.8
18,Male,South Asian,20.8,High,Active,None,Never,5.2,Average,Moderate,No,No,No,No,No,No,No,None,107,82,94,32.7,95.1,1.03,208.9
48,Male,Hispanic,24.7,Middle,Active,None,Never,6.8,Average,Moderate,No,Yes,No,No,No,Yes,No,Insulin,121,94,72,32.8,120.5,1.19,243.2
18,Male,Other,30.2,Low,Moderate,Moderate,Current,7.0,Average,Low,No,No,No,Yes,No,No,No,None,99,66,89,32.7,166.9,1.69,334.6
35,Female,Hispanic,28.3,Middle,Sedentary,Moderate,Former,6.5,Average,Moderate,Yes,Yes,No,No,No,No,No,Insulin,128,76,81,33.0,112.5,1.16,227.2
54,Female,South Asian,37.4,Low,Sedentary,Moderate,Current,4.6,Average,High,No,No,No,No,No,No,No,None,117,81,73,32.5,115.4,1.11,218.5
43,Female,Caucasian,31.0,Low,Sedentary,None,Never,6.0,Good,High,No,No,No,Yes,No,No,No,None,125,70,94,31.6,79.2,0.75,146.7
69,Male,Other,26.0,Middle,Moderate,None,Current,6.0,Average,Low,No,No,No,Yes,No,No,No,None,126,75,58,30.6,106.9,0.92,177.1
55,Male,South Asian,28.4,Low,Moderate,None,Current,8.0,Poor,Moderate,No,No,No,Yes,No,No,No,None,141,63,76,31.2,100.3,1.03,202.0
30,Male,Hispanic,24.0,Low,Active,None,Never,7.6,Average,High,No,No,No,Yes,No,No,No,None,130,67,71,32.4,124.4,1.27,261.4
40,Female,South Asian,19.4,High,Sedentary,None,Current,4.7,Average,Moderate,No,No,No,No,No,No,No,None,124,78,78,33.1,147.5,1.46,294.5
39,Male,South Asian,31.5,Middle,Moderate,None,Current,6.4,Good,Low,No,Yes,No,No,No,No,No,Metformin,124,71,63,32.5,108.5,1.04,203.5
18,Female,Hispanic,30.0,Middle,Active,None,Current,6.2,Average,High,Yes,No,No,No,No,No,No,Other,90,84,83,31.7,99.3,0.93,177.2
26,Male,Hispanic,23.8,Middle,Active,None,Current,9.9,Poor,Low,Yes,No,No,No,No,No,No,None,123,83,59,31.6,75.6,0.84,177.5
32,Male,Hispanic,26.4,Middle,Moderate,None,Former,7.4,Poor,Low,Yes,Yes,No,No,No,No,No,None,129,84,81,32.0,186.2,1.85,368.0
18,Male,Other,31.2,Low,Moderate,None,Current,5.4,Average,Moderate,No,No,No,No,No,No,No,Other,118,75,70,32.6,107.2,1.03,203.7
41,Male,South Asian,29.2,Middle,Moderate,Moderate,Never,5.8,Poor,Low,No,Yes,No,Yes,No,No,Yes,None,145,91,80,32.0,124.1,1.09,221.0
36,Female,South Asian,18.0,Middle,Sedentary,Moderate,Former,6.4,Poor,Low,No,No,No,No,No,No,No,None,98,85,68,31.5,89.7,0.83,158.0
18,Male,Other,26.2,Low,Sedentary,None,Never,7.5,Good,Moderate,No,No,No,No,No,No,No,Other,109,82,66,31.2,124.9,1.36,271.4
46,Female,South Asian,24.2,Middle,Sedentary,Moderate,Former,7.7,Good,Moderate,No,Yes,No,No,No,No,No,None,110,82,91,31.3,115.5,1.19,240.0
51,Male,African,30.6,Middle,Sedentary,Heavy,Former,7.3,Good,High,No,No,No,No,No,No,No,Steroids,120,78,92,31.3,113.3,1.12,223.0
43,Female,Caucasian,30.2,Low,Moderate,None,Former,6.7,Good,Moderate,No,No,No,Yes,Yes,Yes,No,None,110,93,64,31.9,117.0,1.11,222.3
35,Male,South Asian,31.6,Low,Moderate,None,Current,6.8,Average,High,No,No,No,No,No,No,No,Insulin,101,91,77,31.2,159.2,1.57,313.3
49,Female,South Asian,19.4,Low,Moderate,Moderate,Never,6.8,Good,Moderate,Yes,Yes,No,No,No,Yes,No,Other,115,76,83,31.4,115.4,1.06,206.9
50,Female,Caucasian,21.1,Middle,Sedentary,Heavy,Never,4.3,Average,Moderate,No,Yes,No,No,No,No,No,Other,135,82,74,32.7,107.2,1.08,213.7
45,Female,Hispanic,30.6,Middle,Sedentary,None,Never,6.9,Poor,Moderate,No,No,No,No,No,No,No,None,131,76,75,32.6,169.9,1.71,341.4
28,Male,African,22.0,Middle,Sedentary,None,Never,6.1,Average,Moderate,No,No,No,No,No,Yes,No,Insulin,110,105,82,33.7,125.1,1.28,257.4
44,Female,African,18.0,Middle,Sedentary,Moderate,Former,4.5,Poor,Moderate,Yes,Yes,Yes,No,No,No,No,Steroids,114,77,80,32.3,101.7,1.0,198.0
58,Male,Caucasian,27.7,Middle,Active,None,Never,10.0,Poor,Low,No,Yes,No,Yes,No,Yes,No,Metformin,108,92,71,30.6,167.4,1.53,304.9
31,Male,South Asian,22.3,Middle,Sedentary,Heavy,Never,7.5,Poor,Moderate,No,No,No,Yes,No,No,No,None,101,107,80,30.5,99.7,1.02,202.8
71,Male,South Asian,33.9,Middle,Sedentary,None,Never,7.0,Good,Moderate,No,No,No,Yes,No,No,No,None,126,83,72,32.1,141.5,1.34,268.5
32,Male,Caucasian,26.5,High,Sedentary,Moderate,Never,6.4,Good,Low,Yes,No,No,No,No,No,No,None,101,63,71,32.0,69.7,0.63,131.4
40,Female,South Asian,25.8,High,Moderate,None,Former,8.1,Average,High,No,Yes,Yes,No,No,No,No,Insulin,130,95,68,31.7,104.0,1.04,209.0
30,Male,South Asian,23.2,High,Moderate,None,Former,5.3,Average,Moderate,No,No,No,No,No,No,No,Metformin,147,75,68,30.8,103.0,0.98,196.2
43,Female,Caucasian,33.0,Middle,Sedentary,Heavy,Never,6.5,Poor,Moderate,Yes,No,No,No,No,No,No,None,126,73,78,31.0,125.9,1.2,241.8
18,Female,Caucasian,26.8,High,Active,None,Former,5.6,Average,Low,Yes,No,No,No,No,No,No,None,129,98,60,33.1,90.2,0.86,177.2
32,Female,South Asian,23.0,Middle,Active,None,Never,8.1,Average,Moderate,No,No,No,No,No,Yes,No,None,129,67,59,33.0,117.4,1.14,218.2
24,Female,Caucasian,21.0,Middle,Sedentary,Moderate,Former,5.8,Good,High,No,No,No,No,No,No,No,None,113,94,73,32.3,70.3,0.69,138.1
42,Male,Caucasian,24.6,High,Sedentary,None,Never,8.7,Poor,Low,No,No,No,Yes,No,No,No,Steroids,126,78,75,32.6,86.3,0.91,189.9
55,Female,South Asian,20.1,High,Sedentary,None,Current,6.9,Average,Moderate,No,No,No,No,No,No,No,Metformin,125,61,65,30.9,134.1,1.3,256.4
50,Male,Other,30.1,Middle,Sedentary,None,Never,8.2,Good,Moderate,No,No,No,No,No,No,No,Metformin,111,89,93,32.3,109.2,1.12,229.8
18,Female,South Asian,18.0,Middle,Active,Moderate,Former,7.6,Poor,Moderate,No,No,No,No,Yes,No,Yes,Steroids,90,60,68,31.4,118.3,1.22,246.9
71,Female,Hispanic,24.3,Low,Sedentary,Moderate,Never,8.6,Average,Moderate,No,No,Yes,Yes,No,No,No,Metformin,104,80,68,33.2,100.4,1.05,211.4
44,Female,South Asian,28.1,Low,Sedentary,Moderate,Never,5.6,Average,Moderate,No,No,No,No,No,No,No,None,106,64,68,32.5,122.5,1.09,217.6
28,Male,Hispanic,26.7,Middle,Sedentary,None,Never,8.4,Poor,Moderate,No,No,No,No,No,No,No,Metformin,128,77,84,30.5,107.8,0.99,201.7
42,Male,South Asian,21.4,Low,Sedentary,None,Never,4.2,Good,Moderate,No,No,No,No,No,No,No,Insulin,98,87,92,30.8,92.0,0.9,180.0
43,Male,Hispanic,28.3,Middle,Active,None,Current,7.1,Average,Low,No,No,No,No,No,No,No,None,148,84,65,31.9,71.6,0.72,146.2
30,Male,South Asian,20.6,Middle,Sedentary,Moderate,Never,6.2,Average,High,Yes,No,No,No,No,No,No,None,144,82,83,31.1,92.8,0.9,168.2
43,Male,African,24.9,Middle,Sedentary,Moderate,Former,4.9,Average,Low,No,No,No,Yes,No,No,No,None,136,90,78,33.1,113.4,1.13,229.7
31,Female,Caucasian,28.3,High,Moderate,Heavy,Former,5.7,Good,Moderate,No,No,No,Yes,No,Yes,Yes,None,112,80,67,30.1,100.6,0.94,194.1
34,Male,South Asian,27.3,Middle,Sedentary,Heavy,Never,6.0,Poor,Low,No,No,No,No,No,No,No,Metformin,90,78,78,31.9,77.0,0.67,130.4
30,Female,Hispanic,21.6,Middle,Sedentary,None,Never,6.7,Poor,High,No,No,No,Yes,No,No,Yes,None,132,83,62,30.4,115.1,1.17,240.3
19,Female,South Asian,31.0,Middle,Sedentary,None,Current,6.2,Good,High,No,No,No,No,No,No,No,None,109,73,72,31.6,118.1,1.16,224.3
42,Female,Other,25.4,Middle,Sedentary,Moderate,Never,7.1,Good,Moderate,No,Yes,No,Yes,No,No,Yes,None,132,89,65,30.8,105.0,0.97,190.8
49,Male,South Asian,28.7,Low,Sedentary,None,Never,5.8,Good,Low,No,Yes,No,No,No,No,No,Steroids,129,81,72,31.9,86.0,0.83,169.3
48,Male,Caucasian,32.6,Low,Sedentary,None,Former,6.3,Average,Moderate,Yes,Yes,No,No,No,No,Yes,None,113,87,76,31.1,104.7,1.07,209.9
52,Male,African,30.6,High,Sedentary,Moderate,Never,6.6,Average,Low,Yes,No,No,Yes,No,No,Yes,None,102,78,90,31.3,93.9,0.87,172.4
45,Male,South Asian,30.6,Middle,Moderate,None,Never,7.3,Good,Moderate,No,No,No,No,No,No,No,Metformin,123,85,76,33.1,78.1,0.8,163.3
32,Female,South Asian,26.0,Middle,Sedentary,None,Never,8.3,Average,High,No,Yes,No,Yes,Yes,No,Yes,Metformin,96,87,65,31.6,170.8,1.64,330.8
53,Male,Hispanic,29.0,Middle,Active,None,Current,8.3,Average,Moderate,Yes,No,No,No,No,No,No,None,124,60,75,30.0,81.7,0.73,150.3
20,Female,Hispanic,26.1,Low,Sedentary,Moderate,Never,7.4,Average,High,No,No,No,No,No,Yes,No,None,127,65,54,31.8,99.9,0.87,171.6
26,Female,Other,19.0,Middle,Moderate,None,Current,7.6,Poor,Low,No,No,No,No,No,No,No,Steroids,110,74,84,33.4,123.6,1.3,262.1
26,Female,South Asian,26.5,Low,Active,Moderate,Never,7.5,Average,High,No,No,No,Yes,No,No,No,Metformin,97,79,67,32.4,118.7,1.23,247.3
56,Male,Caucasian,26.3,Middle,Sedentary,None,Never,6.5,Poor,Low,Yes,No,No,Yes,No,No,No,Other,144,93,94,32.9,117.9,1.18,239.0
54,Male,South Asian,27.9,Middle,Moderate,Moderate,Current,8.4,Poor,Low,Yes,No,No,No,No,No,Yes,None,112,85,84,31.4,125.9,1.27,249.8
47,Female,South Asian,24.4,Middle,Active,None,Never,5.6,Poor,High,Yes,No,No,No,No,No,No,Steroids,117,85,76,32.6,122.1,1.26,256.2
56,Male,Hispanic,21.2,Middle,Sedentary,Heavy,Never,4.0,Average,Moderate,No,No,No,Yes,No,No,Yes,None,136,95,72,31.5,96.3,0.95,199.4
27,Male,South Asian,28.3,High,Active,None,Never,5.4,Poor,Moderate,Yes,No,No,No,No,No,No,None,111,94,71,32.3,78.6,0.81,156.3
45,Male,Caucasian,18.4,Middle,Sedentary,Heavy,Current,9.1,Poor,High,Yes,Yes,No,No,No,No,Yes,Metformin,109,70,71,33.2,122.5,1.27,260.2
38,Male,Caucasian,32.3,Middle,Sedentary,Moderate,Never,6.6,Poor,Moderate,Yes,Yes,No,No,No,No,No,Insulin,150,92,75,30.9,158.0,1.52,314.2
53,Female,African,23.8,Middle,Moderate,None,Former,7.4,Average,Low,No,No,No,No,No,No,Yes,Other,109,81,71,30.2,134.9,1.32,257.2
38,Male,Other,26.2,Middle,Sedentary,None,Never,6.6,Average,Moderate,No,No,No,No,No,No,No,None,138,75,81,31.6,80.9,0.76,155.4
34,Female,African,27.8,Low,Moderate,None,Never,7.8,Average,Low,No,No,No,Yes,No,No,No,None,122,77,90,32.3,86.5,0.86,164.4
48,Male,Caucasian,28.0,Low,Active,Moderate,Never,7.1,Average,Low,No,No,No,Yes,No,No,No,Metformin,122,74,76,33.6,99.1,1.01,198.5
53,Female,Hispanic,18.0,Middle,Active,None,Current,6.9,Poor,Moderate,No,No,No,Yes,No,Yes,No,None,112,81,86,32.1,79.7,0.76,150.3
30,Female,African,29.1,Low,Sedentary,None,Former,7.9,Good,High,No,No,No,No,No,No,No,None,117,79,62,32.6,89.9,0.86,167.0
39,Female,South Asian,26.5,Middle,Active,Moderate,Former,6.3,Average,Moderate,Yes,No,No,No,Yes,No,No,Steroids,147,92,79,31.3,99.4,1.05,216.9
24,Male,South Asian,21.8,Middle,Sedentary,Moderate,Never,7.6,Good,Moderate,No,Yes,No,No,No,No,No,None,133,99,76,31.3,164.9,1.65,338.2
18,Male,South Asian,21.3,Middle,Sedentary,None,Never,6.7,Average,High,No,No,No,Yes,No,Yes,No,None,100,76,61,32.3,109.1,1.07,211.4
43,Male,Caucasian,23.3,High,Moderate,None,Former,6.8,Average,High,No,No,No,No,No,No,No,Steroids,105,67,72,33.6,69.7,0.69,139.1
49,Female,Hispanic,18.5,Low,Moderate,None,Former,5.8,Average,Moderate,Yes,Yes,No,Yes,No,No,No,None,126,87,84,32.0,172.2,1.74,345.8
44,Female,South Asian,33.6,Low,Sedentary,None,Former,6.7,Average,Low,Yes,No,No,No,Yes,No,Yes,Other,130,89,50,32.3,125.3,1.32,264.1
18,Female,South Asian,32.4,Middle,Moderate,None,Never,6.2,Average,Low,No,No,No,No,No,No,No,Steroids,132,84,73,31.3,157.2,1.54,310.3
35,Male,Other,27.3,Low,Sedentary,Moderate,Current,8.7,Average,Moderate,No,No,No,Yes,No,No,No,Metformin,119,65,70,31.4,103.7,0.95,182.7
18,Female,Hispanic,23.9,Low,Moderate,None,Never,4.5,Good,Low,No,No,No,No,No,No,No,Other,107,72,78,33.1,100.1,1.01,201.2
61,Male,African,24.0,Middle,Active,None,Never,8.3,Average,Moderate,No,No,No,No,No,No,No,None,108,81,84,30.5,69.6,0.62,130.4
24,Female,South Asian,28.8,High,Sedentary,None,Current,4.4,Poor,Moderate,Yes,No,No,No,No,Yes,No,None,90,74,82,31.2,70.0,0.66,126.8
59,Male,South Asian,33.8,Middle,Sedentary,Heavy,Former,7.8,Average,Moderate,Yes,No,No,No,No,No,No,Metformin,145,70,85,31.8,99.0,0.98,199.0
54,Female,South Asian,22.1,Middle,Moderate,None,Never,5.7,Poor,High,No,No,No,No,No,No,No,Metformin,90,101,87,32.1,141.5,1.44,288.2
26,Male,South Asian,19.4,Middle,Sedentary,Heavy,Former,7.8,Poor,Moderate,No,No,No,No,No,No,No,None,116,70,71,31.9,82.2,0.88,177.7
23,Male,South Asian,32.7,Middle,Active,None,Never,6.8,Average,Low,No,No,No,No,No,No,No,Metformin,93,92,51,32.8,93.6,0.98,207.3
45,Female,Caucasian,18.0,Middle,Sedentary,None,Never,4.9,Average,Moderate,Yes,No,No,No,No,Yes,No,None,111,84,82,35.0,91.5,0.98,202.2
27,Male,South Asian,20.0,Middle,Sedentary,Moderate,Former,9.0,Good,High,Yes,No,No,No,No,No,No,None,129,86,65,30.9,90.0,0.98,192.9
42,Female,South Asian,23.8,Low,Sedentary,None,Never,8.2,Average,Low,Yes,No,No,No,No,No,No,Metformin,90,91,78,32.3,120.0,1.19,239.9
33,Female,South Asian,18.0,High,Sedentary,Moderate,Never,7.8,Average,Low,No,Yes,No,No,No,No,No,None,125,73,61,31.3,124.3,1.23,238.9
18,Female,African,30.6,Middle,Moderate,Moderate,Never,6.0,Poor,Moderate,Yes,No,No,No,No,No,No,None,133,77,68,32.9,125.7,1.28,255.0
18,Male,African,29.3,Middle,Sedentary,None,Never,8.2,Poor,Low,Yes,No,No,No,No,No,No,None,114,85,81,33.8,114.3,1.21,240.1
43,Male,Caucasian,22.1,High,Active,Moderate,Never,5.1,Good,Moderate,Yes,No,No,Yes,No,No,No,None,161,62,71,31.9,98.7,1.01,205.5
32,Female,South Asian,31.4,Low,Moderate,Moderate,Current,4.0,Average,Moderate,Yes,No,No,Yes,Yes,No,No,None,90,96,58,33.0,151.1,1.55,308.9
32,Male,South Asian,32.2,Low,Sedentary,Moderate,Never,4.7,Poor,Moderate,No,Yes,No,No,No,No,No,None,94,81,61,31.0,103.1,0.93,179.0
50,Female,South Asian,24.4,Middle,Moderate,None,Never,5.6,Good,Moderate,No,Yes,No,Yes,No,No,No,None,115,71,86,33.3,154.4,1.59,322.5
58,Male,South Asian,22.7,High,Moderate,None,Former,5.9,Average,Low,No,Yes,No,No,No,No,No,None,116,91,71,33.7,103.7,1.08,218.7
36,Male,Hispanic,36.3,Middle,Moderate,None,Current,6.3,Average,Moderate,Yes,No,No,No,No,Yes,No,None,122,81,72,31.9,78.5,0.85,176.1
35,Male,Other,28.6,Low,Moderate,Heavy,Former,6.4,Good,Moderate,No,No,No,No,No,No,No,None,134,73,69,32.7,188.2,1.98,395.1
48,Male,African,26.3,Middle,Sedentary,None,Never,6.0,Poor,High,No,Yes,No,Yes,No,No,No,None,101,89,60,30.8,99.7,0.95,202.3
20,Male,Other,31.8,Low,Moderate,None,Never,4.0,Good,Moderate,Yes,No,No,No,No,No,Yes,None,100,60,72,31.4,122.2,1.14,231.9
43,Female,African,26.5,Middle,Sedentary,None,Current,7.3,Good,Moderate,No,No,No,No,No,No,No,None,110,84,87,32.5,95.8,0.96,192.0
48,Female,South Asian,22.5,Low,Sedentary,Moderate,Never,6.6,Poor,Moderate,No,Yes,No,Yes,No,No,No,None,135,93,67,34.4,99.7,1.01,209.4
50,Male,Other,25.4,High,Active,None,Never,6.0,Good,Moderate,Yes,No,No,No,No,No,Yes,None,132,72,56,30.2,82.3,0.73,145.1
18,Female,South Asian,30.2,Middle,Sedentary,None,Former,9.1,Average,Low,Yes,No,No,Yes,No,No,Yes,None,119,67,83,32.2,224.5,2.0,409.7
29,Female,African,18.0,Middle,Moderate,Moderate,Never,6.6,Good,Low,Yes,Yes,No,No,No,No,No,None,112,84,76,33.3,101.7,1.04,204.1
27,Female,South Asian,23.6,Low,Sedentary,None,Current,7.1,Average,Low,No,No,No,No,No,No,No,None,118,73,77,33.8,71.6,0.73,148.2
41,Female,South Asian,31.9,Low,Sedentary,None,Current,8.2,Good,Moderate,No,No,No,No,No,No,No,None,125,102,79,31.8,96.3,0.93,180.7
47,Female,African,22.4,High,Sedentary,None,Former,4.8,Average,Moderate,No,No,No,No,No,No,No,None,121,75,58,33.3,122.6,1.21,245.4
62,Male,Caucasian,32.7,Low,Moderate,None,Current,7.0,Average,Moderate,No,No,No,No,No,No,No,None,99,78,74,32.7,118.3,1.16,231.9
33,Male,South Asian,32.1,Middle,Sedentary,None,Never,8.2,Good,High,No,No,No,Yes,No,No,No,None,98,85,77,33.8,130.0,1.36,273.0
33,Male,South Asian,24.7,Low,Sedentary,None,Former,6.9,Average,Moderate,No,Yes,No,Yes,No,No,No,Insulin,116,62,75,31.8,100.0,1.0,193.1
57,Female,South Asian,22.2,Middle,Active,None,Former,5.0,Average,Moderate,No,No,No,No,No,Yes,Yes,None,131,81,74,32.1,185.9,1.77,350.7
44,Male,Other,23.6,Low,Sedentary,Moderate,Never,6.3,Average,High,Yes,No,No,No,No,No,Yes,None,104,91,87,31.4,174.5,1.76,342.8
59,Female,Hispanic,38.3,Middle,Sedentary,None,Current,7.3,Average,Moderate,Yes,No,No,Yes,No,No,No,None,126,79,79,31.7,111.2,1.16,238.9
44,Male,Caucasian,34.4,Middle,Active,None,Current,4.0,Average,Moderate,No,No,No,Yes,No,No,No,Other,93,69,81,31.7,89.8,0.93,182.6
23,Female,South Asian,25.6,Middle,Active,None,Current,5.0,Good,Moderate,Yes,No,No,No,No,No,No,None,121,76,73,31.2,112.0,1.08,214.3
20,Male,Hispanic,22.0,Low,Sedentary,None,Former,10.0,Average,Low,No,No,No,No,No,No,No,Metformin,108,61,50,33.8,86.9,0.91,172.2
18,Male,South Asian,25.6,Middle,Active,Moderate,Never,7.7,Average,High,No,No,No,Yes,No,Yes,No,None,90,77,72,32.1,86.3,0.84,169.1
50,Male,South Asian,26.2,Middle,Sedentary,None,Never,9.2,Good,High,No,No,No,No,No,No,No,Metformin,112,91,75,31.5,85.3,0.83,164.5
58,Male,South Asian,18.8,Low,Sedentary,None,Never,8.3,Average,Moderate,Yes,No,No,Yes,No,No,No,None,101,74,73,31.6,118.7,1.15,234.3
68,Male,Hispanic,25.4,Middle,Active,Moderate,Never,7.6,Average,Moderate,Yes,No,No,No,No,No,No,Steroids,116,87,74,30.5,98.8,0.95,191.9
53,Female,South Asian,31.6,High,Active,Moderate,Never,6.5,Poor,Moderate,Yes,No,No,Yes,No,No,No,None,126,65,77,32.6,182.1,1.9,381.1
57,Male,South Asian,18.0,Low,Sedentary,Moderate,Never,7.6,Poor,High,Yes,No,No,Yes,No,No,No,Metformin,127,99,84,31.1,125.4,1.22,245.2
31,Male,Caucasian,29.1,Middle,Sedentary,Moderate,Former,9.2,Average,High,No,No,No,No,No,No,No,None,90,91,66,31.4,81.1,0.89,180.9
23,Female,South Asian,31.9,Middle,Sedentary,None,Never,8.2,Poor,Low,No,No,No,No,No,No,No,Steroids,129,75,73,33.1,78.8,0.82,173.1
53,Male,Caucasian,22.2,Low,Sedentary,Heavy,Never,7.3,Poor,Moderate,Yes,No,No,No,No,No,No,None,126,67,90,31.5,143.3,1.44,294.4
46,Female,Caucasian,33.5,Low,Moderate,Heavy,Never,6.7,Average,Moderate,Yes,No,No,No,No,Yes,No,None,114,75,59,32.5,82.1,0.81,156.4
42,Female,Caucasian,21.5,Middle,Moderate,None,Former,7.7,Average,Low,No,No,Yes,No,No,No,Yes,Metformin,101,83,72,31.4,83.5,0.82,168.2
46,Male,South Asian,27.2,Middle,Sedentary,Moderate,Current,6.2,Average,Moderate,Yes,No,No,No,No,No,No,None,114,91,53,31.5,126.1,1.31,267.0
45,Male,South Asian,23.5,Low,Moderate,None,Former,7.7,Good,Low,Yes,No,No,No,No,No,No,None,144,60,72,31.4,117.6,1.17,229.0
59,Male,Hispanic,23.5,Middle,Active,Moderate,Never,6.0,Average,High,No,Yes,No,Yes,No,No,No,Steroids,129,92,76,31.8,125.2,1.2,233.7
59,Female,Hispanic,21.9,Middle,Sedentary,None,Never,6.5,Average,Low,Yes,No,Yes,No,No,No,No,None,135,83,57,30.6,78.4,0.78,154.3
48,Female,South Asian,28.5,Low,Moderate,None,Former,5.5,Average,High,No,No,No,No,No,No,No,Metformin,105,68,77,32.8,73.1,0.79,148.7
53,Female,South Asian,29.2,Middle,Active,None,Never,6.3,Average,High,No,No,No,Yes,No,No,No,None,112,60,68,34.8,93.1,0.93,191.4
48,Female,South Asian,24.7,High,Sedentary,None,Current,6.0,Poor,Low,No,No,No,No,No,Yes,Yes,Steroids,101,81,86,32.6,78.7,0.79,159.7
33,Male,African,18.2,Low,Active,None,Never,9.5,Average,Moderate,Yes,No,No,No,No,No,No,Steroids,110,82,80,31.1,91.7,0.82,158.0
51,Female,African,27.0,Middle,Moderate,None,Never,5.7,Poor,Moderate,Yes,No,No,No,No,No,No,Steroids,140,74,70,32.7,110.4,1.09,224.1
19,Female,South Asian,27.1,Middle,Sedentary,Moderate,Never,7.6,Average,High,Yes,Yes,No,No,No,No,No,None,113,89,73,30.5,111.6,1.1,218.6
56,Female,African,23.9,Low,Sedentary,Moderate,Former,5.6,Average,Moderate,Yes,No,No,No,Yes,No,Yes,None,110,100,91,31.2,94.2,0.96,188.0
22,Female,African,34.3,Low,Moderate,None,Never,7.1,Average,Moderate,No,No,No,Yes,No,No,No,Other,124,76,74,31.6,92.6,1.01,209.4
44,Female,Other,18.0,Low,Moderate,Moderate,Never,7.4,Average,High,Yes,Yes,No,No,No,No,No,Metformin,111,73,62,33.0,100.4,0.99,200.9
27,Male,South Asian,18.0,Low,Moderate,None,Never,4.2,Average,Low,No,Yes,No,No,No,No,No,None,121,97,64,32.7,150.6,1.62,319.0
48,Male,South Asian,21.3,Low,Sedentary,Moderate,Never,4.9,Average,Moderate,No,No,No,No,No,No,Yes,None,111,78,73,30.6,79.2,0.79,150.1
39,Male,South Asian,28.6,Middle,Moderate,None,Current,5.6,Good,High,No,No,No,No,No,No,Yes,Metformin,123,87,86,32.8,93.3,1.01,207.0
18,Male,Hispanic,19.7,High,Sedentary,Moderate,Never,5.0,Poor,Low,No,Yes,No,No,No,Yes,No,Steroids,114,74,70,31.4,70.3,0.63,121.0
46,Female,Hispanic,20.1,Low,Sedentary,Moderate,Never,7.1,Average,High,Yes,No,No,No,No,No,No,None,103,91,64,32.6,105.4,1.05,212.6
31,Male,Caucasian,29.8,Middle,Sedentary,None,Never,7.4,Poor,Moderate,No,No,No,No,No,No,No,None,136,68,75,31.2,88.0,0.81,149.6
53,Female,South Asian,27.3,Low,Moderate,None,Never,5.4,Average,Moderate,Yes,No,No,Yes,Yes,No,Yes,None,147,81,78,31.9,107.3,1.11,226.0
40,Female,South Asian,26.9,Low,Sedentary,Heavy,Never,7.2,Average,Moderate,No,No,No,No,No,No,No,None,127,83,80,31.2,96.3,0.92,193.6
46,Male,South Asian,28.9,Low,Sedentary,Moderate,Never,6.4,Poor,Low,No,No,No,No,No,No,No,None,97,78,58,31.9,99.2,0.98,187.9
26,Female,Caucasian,22.9,Low,Sedentary,None,Former,6.9,Average,Low,No,Yes,No,No,No,No,No,None,117,74,78,30.8,142.9,1.41,274.7
31,Female,South Asian,23.1,High,Sedentary,None,Current,6.1,Good,Moderate,No,No,No,No,No,No,No,None,124,98,78,31.1,99.3,1.01,206.8
33,Female,South Asian,29.0,Low,Sedentary,Moderate,Never,7.7,Average,High,Yes,No,No,Yes,No,No,No,None,95,88,71,31.4,100.3,1.0,202.9
53,Male,African,18.3,Middle,Moderate,Heavy,Current,9.5,Good,Moderate,No,No,No,Yes,No,No,Yes,None,112,71,86,31.0,169.9,1.78,353.6
65,Male,South Asian,18.0,Low,Moderate,None,Current,8.2,Average,Moderate,No,No,No,No,No,No,No,None,99,61,80,31.6,158.9,1.55,307.1
28,Male,Caucasian,22.8,Low,Moderate,Heavy,Never,9.1,Good,Moderate,Yes,No,No,No,No,No,No,None,105,95,66,32.1,100.4,1.06,214.5
56,Male,South Asian,29.7,Middle,Sedentary,None,Never,4.9,Poor,Low,No,No,No,Yes,No,No,No,None,125,71,80,33.3,111.5,1.1,220.5
18,Female,Hispanic,26.3,Low,Sedentary,Heavy,Current,6.0,Average,High,No,Yes,No,No,No,No,No,None,119,81,56,30.9,188.3,1.86,367.4
22,Female,Caucasian,29.3,High,Active,Moderate,Former,7.8,Average,Low,No,No,No,No,No,No,No,None,104,81,70,31.0,86.6,0.75,162.7
26,Female,Other,18.0,Low,Sedentary,None,Never,9.3,Good,Moderate,No,No,No,Yes,No,No,No,None,119,83,71,32.0,80.6,0.8,161.6
20,Female,Caucasian,26.6,Middle,Moderate,None,Never,8.0,Average,Moderate,No,No,No,No,No,No,No,None,115,63,82,30.4,82.1,0.77,157.2
18,Female,Other,28.3,High,Active,Moderate,Never,5.5,Poor,Moderate,Yes,No,No,Yes,No,Yes,No,None,133,77,105,32.2,199.8,2.0,394.2
46,Male,Hispanic,18.2,Low,Moderate,None,Never,6.3,Good,Moderate,Yes,No,No,No,No,No,No,None,90,80,72,32.0,93.0,0.94,192.4
37,Female,Caucasian,29.3,Middle,Sedentary,Heavy,Former,7.5,Poor,High,No,No,No,No,No,No,No,Metformin,109,79,90,32.5,124.4,1.27,262.9
46,Male,Other,24.4,Middle,Sedentary,Moderate,Former,6.8,Poor,Moderate,No,No,No,No,No,No,No,None,143,87,89,34.2,137.4,1.5,310.6
50,Female,South Asian,40.0,Low,Sedentary,None,Current,5.8,Average,Low,No,No,No,No,No,No,No,None,103,82,62,32.1,104.7,1.01,206.6
44,Male,South Asian,18.0,Middle,Moderate,Heavy,Never,6.6,Average,High,No,No,No,Yes,No,No,No,None,104,84,88,31.5,77.9,0.69,138.5
50,Male,South Asian,31.8,Low,Moderate,None,Never,7.0,Good,Low,No,No,No,No,No,No,No,Metformin,112,74,68,33.0,70.0,0.79,156.6
39,Female,Caucasian,23.0,Low,Moderate,Moderate,Former,5.4,Average,Moderate,No,Yes,No,No,No,No,No,Metformin,139,97,75,32.0,101.1,1.05,208.8
22,Female,African,18.0,Low,Sedentary,Moderate,Never,8.5,Average,High,Yes,No,Yes,No,No,No,No,None,126,77,98,31.8,81.4,0.82,163.0
56,Female,Hispanic,22.4,High,Active,Heavy,Former,6.3,Poor,High,Yes,No,No,No,No,No,No,Insulin,104,83,80,33.8,71.6,0.74,146.9
31,Female,South Asian,26.4,Low,Moderate,None,Former,6.9,Average,Moderate,No,Yes,No,No,No,No,No,None,119,81,69,32.8,149.5,1.52,304.4
26,Male,Caucasian,30.2,Low,Sedentary,None,Current,8.6,Average,Low,No,Yes,No,No,No,No,No,None,115,85,79,31.0,115.2,1.13,225.2
37,Female,South Asian,33.6,Middle,Sedentary,None,Former,6.8,Poor,Moderate,No,No,No,Yes,No,No,Yes,Metformin,127,92,60,31.1,165.7,1.73,344.9
26,Male,African,32.1,Low,Moderate,None,Former,8.5,Good,High,No,No,No,Yes,No,No,No,Metformin,119,72,86,30.7,104.8,1.03,206.8
34,Female,South Asian,20.2,Middle,Sedentary,None,Never,5.5,Poor,Moderate,No,No,No,No,No,No,No,None,123,88,69,30.9,113.4,1.15,230.5
45,Female,Other,30.7,Low,Sedentary,Moderate,Current,7.6,Average,Moderate,Yes,No,No,No,Yes,No,No,Metformin,115,87,50,33.1,113.6,1.1,213.5
45,Male,South Asian,27.0,Middle,Sedentary,None,Never,8.3,Good,Moderate,Yes,Yes,No,No,No,Yes,No,None,140,82,71,31.5,111.5,1.19,233.6
27,Female,South Asian,21.7,Middle,Moderate,None,Current,5.8,Poor,Moderate,No,No,No,No,No,No,No,Metformin,119,82,70,30.2,100.7,0.9,178.7
33,Female,Hispanic,23.9,Low,Sedentary,None,Never,6.7,Average,High,No,No,No,No,No,No,Yes,Insulin,111,68,80,32.5,134.8,1.41,291.3
56,Male,Caucasian,21.5,Low,Sedentary,None,Never,6.8,Average,Moderate,No,Yes,No,Yes,No,No,No,Metformin,136,77,63,32.2,113.5,1.21,248.1
47,Female,South Asian,25.2,Middle,Active,Moderate,Current,7.3,Average,Low,No,No,No,Yes,No,No,No,None,129,61,78,31.6,69.7,0.71,135.9
71,Female,Caucasian,21.4,Middle,Moderate,None,Former,7.7,Good,Moderate,No,No,No,Yes,No,No,No,Metformin,106,77,68,31.4,125.7,1.3,260.9
58,Female,South Asian,19.9,Low,Moderate,None,Former,5.6,Average,Moderate,No,No,No,Yes,No,No,No,Metformin,90,79,74,32.0,70.5,0.62,125.9
57,Male,Other,27.4,Low,Sedentary,None,Never,6.9,Good,Moderate,No,No,No,Yes,No,No,No,None,128,66,86,32.1,81.8,0.74,153.3
19,Male,Caucasian,28.1,Low,Moderate,None,Current,9.4,Good,Low,No,No,No,No,No,No,No,None,113,83,86,32.4,120.1,1.16,236.6
51,Female,South Asian,24.1,Middle,Moderate,None,Never,8.6,Good,Moderate,No,No,No,No,No,No,No,None,121,92,88,30.3,129.6,1.33,258.3
39,Male,Caucasian,31.8,High,Active,Moderate,Never,8.2,Poor,High,Yes,No,No,No,No,No,No,None,138,82,67,30.9,178.2,1.76,359.6
32,Female,South Asian,23.7,Low,Sedentary,Moderate,Current,6.7,Poor,Moderate,Yes,No,No,No,No,No,No,None,106,80,78,31.6,120.9,1.07,205.9
43,Male,Hispanic,23.5,Low,Sedentary,None,Former,10.0,Poor,High,No,Yes,No,No,No,No,No,None,103,75,78,30.7,112.2,1.11,222.8
54,Female,Other,28.3,Low,Sedentary,None,Never,8.5,Average,Moderate,No,Yes,No,Yes,No,No,No,None,99,84,88,32.5,125.3,1.34,273.1
48,Female,Hispanic,24.3,Low,Moderate,Heavy,Never,7.1,Poor,Moderate,Yes,Yes,No,No,No,No,No,None,153,70,72,32.7,135.5,1.4,281.0
27,Male,South Asian,25.4,Middle,Moderate,None,Former,7.3,Good,Low,No,No,No,No,No,No,Yes,Steroids,138,60,60,31.4,126.3,1.14,230.7
51,Male,South Asian,18.0,High,Sedentary,None,Current,6.3,Average,Moderate,No,No,No,Yes,No,No,No,None,130,96,83,32.7,100.1,1.04,207.8
30,Female,South Asian,25.1,Low,Sedentary,None,Never,7.6,Average,Moderate,No,No,No,Yes,No,No,No,None,91,90,88,32.2,120.4,1.12,209.1
43,Female,African,18.0,Middle,Sedentary,Moderate,Former,7.9,Average,High,No,No,No,No,No,No,No,None,99,69,78,32.2,100.9,1.04,207.0
35,Male,Caucasian,18.9,Low,Sedentary,Heavy,Former,8.1,Average,Low,Yes,No,No,Yes,No,No,No,None,131,66,64,30.0,77.1,0.75,147.5
37,Female,Caucasian,18.3,Middle,Active,None,Never,6.7,Poor,Low,No,No,No,Yes,Yes,Yes,No,None,126,81,97,31.8,98.2,0.94,193.3
51,Male,Other,19.8,Middle,Moderate,None,Never,4.8,Average,Low,Yes,No,No,No,No,No,No,None,116,81,76,31.4,205.1,2.0,401.6
24,Male,South Asian,22.3,Low,Sedentary,Moderate,Never,7.4,Average,Moderate,Yes,No,No,Yes,No,No,No,Insulin,100,88,68,31.9,114.1,1.16,237.6
69,Female,South Asian,22.6,High,Sedentary,Heavy,Former,8.1,Average,High,No,No,No,No,No,No,No,None,136,77,86,31.6,75.3,0.79,152.6
18,Male,South Asian,28.3,Low,Sedentary,Moderate,Never,5.5,Average,Low,No,No,No,No,No,No,No,None,147,92,92,30.8,88.0,0.9,179.9
31,Female,South Asian,26.1,Middle,Moderate,Moderate,Current,6.9,Good,Moderate,No,No,No,Yes,No,No,No,Metformin,127,78,59,31.7,76.1,0.79,155.4
46,Male,South Asian,18.0,Middle,Sedentary,Moderate,Former,9.0,Good,Low,No,No,No,No,No,No,No,None,109,92,80,31.6,127.7,1.21,235.6
49,Male,Caucasian,25.4,Low,Active,None,Former,5.2,Average,Moderate,Yes,No,No,No,No,No,No,None,143,78,88,32.9,85.5,0.88,174.1
38,Male,South Asian,26.6,Middle,Moderate,None,Never,6.6,Average,Low,No,No,No,Yes,No,No,No,None,123,71,74,31.9,173.4,1.69,337.0
39,Female,South Asian,23.4,Middle,Moderate,None,Never,9.2,Average,Moderate,No,No,No,No,No,No,No,None,144,76,76,31.4,83.3,0.79,171.7
46,Female,Hispanic,24.7,High,Active,None,Former,7.2,Poor,Moderate,No,No,No,No,No,No,No,None,115,87,74,30.8,87.4,0.8,158.8
37,Female,South Asian,26.0,Middle,Moderate,Moderate,Former,6.2,Good,Low,No,Yes,Yes,No,Yes,No,No,None,151,84,90,34.7,112.5,1.18,237.2
61,Male,African,28.8,Low,Sedentary,Moderate,Never,7.0,Good,Moderate,No,No,No,No,No,No,No,Steroids,113,81,64,33.0,125.9,1.27,254.4
53,Male,South Asian,18.0,Middle,Moderate,Moderate,Never,8.2,Average,Moderate,Yes,No,No,Yes,No,Yes,No,None,110,70,72,32.2,91.2,0.88,179.9
53,Female,Caucasian,23.8,Middle,Moderate,Moderate,Former,6.7,Good,Moderate,Yes,No,No,Yes,No,No,Yes,Metformin,132,79,96,30.6,124.4,1.29,260.4
26,Male,Other,32.5,Middle,Sedentary,None,Never,7.9,Average,Moderate,No,No,No,Yes,No,No,No,Other,119,73,69,30.5,107.1,0.93,185.4
39,Female,South Asian,32.1,Middle,Sedentary,Moderate,Former,7.4,Average,Moderate,No,No,No,Yes,Yes,No,No,None,126,73,60,33.7,111.3,1.27,264.9
35,Male,Caucasian,29.3,Low,Sedentary,None,Never,7.5,Average,Moderate,Yes,No,No,No,No,No,No,Other,105,90,75,33.6,93.9,0.9,184.3
25,Female,Hispanic,27.7,Low,Sedentary,Moderate,Former,8.0,Average,High,Yes,No,No,No,No,No,No,Steroids,105,72,86,32.3,142.1,1.45,295.0
45,Male,Caucasian,33.3,Middle,Sedentary,None,Never,6.6,Poor,High,No,No,No,No,No,No,No,None,114,72,75,31.2,195.0,1.94,394.5
32,Female,South Asian,34.6,High,Active,None,Former,5.6,Average,Moderate,No,No,Yes,No,No,Yes,No,Metformin,125,83,70,31.5,82.0,0.79,146.8
50,Male,South Asian,24.4,Middle,Moderate,None,Never,7.7,Average,High,No,No,No,No,No,No,No,Other,108,71,80,31.1,107.3,0.99,200.4
24,Male,African,20.2,High,Moderate,None,Never,6.8,Average,High,No,Yes,No,No,No,No,No,Other,136,74,100,34.1,110.5,1.17,248.5
66,Male,Hispanic,23.6,High,Moderate,None,Never,6.3,Average,Low,Yes,No,No,No,No,Yes,No,Insulin,118,99,72,31.8,192.1,1.98,393.5
27,Male,South Asian,40.0,High,Moderate,None,Former,7.8,Poor,High,No,No,No,No,No,No,No,None,146,78,96,32.8,149.0,1.54,314.8
43,Male,South Asian,18.0,High,Active,None,Never,8.9,Average,Low,No,No,No,No,No,Yes,Yes,None,104,87,79,33.0,87.3,0.96,195.9
52,Female,South Asian,22.6,Middle,Sedentary,Moderate,Never,6.8,Average,Low,No,No,No,Yes,Yes,No,No,None,125,105,66,30.7,88.0,0.89,179.1
31,Female,South Asian,18.0,Middle,Moderate,Moderate,Current,7.0,Poor,High,Yes,No,No,Yes,No,No,No,Insulin,127,82,92,32.1,111.5,1.14,225.4
53,Female,South Asian,25.6,Middle,Sedentary,Heavy,Never,5.2,Good,Low,No,No,No,No,No,No,No,None,124,85,72,31.7,83.8,0.87,173.4
22,Female,South Asian,19.0,Low,Active,Moderate,Never,6.7,Average,Moderate,Yes,Yes,No,No,No,No,No,None,119,83,59,33.3,91.8,0.96,190.8
62,Female,South Asian,24.5,Low,Active,None,Former,7.3,Poor,High,No,No,Yes,No,No,Yes,No,None,133,77,78,32.6,90.3,0.92,175.0
40,Male,South Asian,18.0,Low,Active,Moderate,Former,7.0,Good,Low,No,No,No,No,No,Yes,No,Insulin,101,81,70,31.9,87.4,0.99,196.8
31,Male,Other,28.1,Low,Sedentary,None,Never,6.5,Average,Low,No,No,No,No,No,Yes,No,Steroids,124,78,93,32.1,107.4,0.97,198.4
36,Male,South Asian,31.1,Low,Sedentary,None,Former,8.1,Average,Moderate,No,Yes,No,Yes,No,Yes,No,None,105,71,79,31.3,99.4,0.98,190.0
52,Female,South Asian,23.1,High,Sedentary,Moderate,Never,7.1,Good,Moderate,No,No,No,Yes,No,Yes,No,Metformin,111,88,70,31.1,125.7,1.18,239.2
31,Male,South Asian,24.3,Middle,Sedentary,None,Never,10.0,Average,High,No,No,No,No,No,Yes,No,None,124,62,84,31.2,117.0,1.18,234.6
29,Male,Other,24.2,Low,Sedentary,None,Never,7.3,Good,High,No,No,No,No,No,No,No,Insulin,134,80,75,32.5,99.7,0.99,190.2
37,Female,Hispanic,25.9,Middle,Sedentary,Moderate,Never,4.0,Good,Low,No,No,No,No,No,No,No,Steroids,99,77,78,32.9,71.1,0.76,149.6
22,Male,Hispanic,24.8,Middle,Moderate,Moderate,Never,5.3,Poor,Moderate,Yes,No,No,No,No,No,No,Metformin,145,70,51,32.6,99.1,0.97,187.9
67,Female,South Asian,28.8,Low,Sedentary,Moderate,Never,7.8,Poor,Moderate,Yes,No,No,No,No,No,No,Metformin,135,86,63,30.4,94.6,0.85,168.8
32,Female,Hispanic,31.2,Middle,Active,None,Never,6.0,Average,Moderate,Yes,No,No,No,Yes,No,No,Other,121,70,77,32.3,171.3,1.78,353.4
52,Male,Caucasian,20.9,Low,Sedentary,Moderate,Never,6.1,Good,Moderate,No,No,No,No,No,Yes,No,None,104,76,62,32.6,94.1,0.98,198.6
43,Male,South Asian,23.5,Middle,Sedentary,Moderate,Never,5.1,Good,Moderate,No,No,No,No,No,No,Yes,None,143,87,69,33.7,79.0,0.76,149.4
25,Female,Caucasian,29.5,Low,Moderate,Moderate,Never,6.3,Good,Moderate,No,No,No,No,No,No,No,Insulin,127,61,84,30.7,83.1,0.87,176.4
40,Female,Hispanic,18.0,Middle,Moderate,Moderate,Never,7.3,Average,High,No,No,No,No,Yes,No,No,Metformin,127,91,80,33.1,91.1,0.95,183.0
52,Male,Hispanic,18.0,Middle,Sedentary,None,Never,7.6,Good,High,No,No,No,No,No,No,No,None,110,80,87,33.6,110.6,1.15,227.5
37,Female,Hispanic,26.1,Low,Active,None,Former,5.5,Good,Low,Yes,No,No,No,No,No,No,None,123,77,75,30.9,109.1,1.11,226.0
58,Female,Other,27.5,High,Moderate,Moderate,Current,8.2,Average,Moderate,No,No,No,No,No,No,No,Metformin,111,66,68,32.7,88.0,0.93,173.9
55,Male,South Asian,21.4,Low,Active,Moderate,Former,5.2,Poor,Moderate,No,No,No,Yes,No,Yes,No,Steroids,138,81,89,30.3,90.1,0.85,171.4
54,Male,Caucasian,22.1,Middle,Active,None,Former,7.7,Average,High,Yes,No,No,Yes,No,No,No,Insulin,139,80,75,32.0,125.4,1.31,264.3
33,Female,South Asian,21.2,High,Moderate,Moderate,Never,7.5,Average,High,No,Yes,No,Yes,Yes,No,No,None,118,85,64,31.0,185.5,1.84,374.6
24,Male,Hispanic,20.7,High,Active,None,Former,5.6,Average,Moderate,No,No,No,No,No,No,No,None,111,75,91,32.7,82.2,0.86,175.8
31,Female,South Asian,28.5,Low,Active,None,Former,5.4,Average,Low,No,No,No,No,No,No,No,Metformin,132,70,76,32.0,92.5,0.84,171.4
43,Male,Hispanic,19.1,Low,Active,None,Never,7.6,Average,Low,Yes,Yes,No,No,No,No,No,None,130,83,85,31.7,124.5,1.3,250.7
48,Female,South Asian,23.7,Middle,Active,None,Current,6.2,Good,Moderate,No,Yes,No,Yes,No,No,No,None,103,74,78,32.6,136.9,1.35,267.4
18,Female,South Asian,20.5,Low,Active,None,Never,6.7,Good,High,Yes,No,No,No,No,No,No,Insulin,116,85,85,31.1,69.5,0.6,113.8
40,Female,South Asian,18.0,Middle,Sedentary,Moderate,Never,8.0,Good,Low,Yes,No,No,No,Yes,No,No,None,153,70,81,32.0,72.6,0.72,145.6
42,Male,South Asian,29.4,Middle,Sedentary,None,Never,7.7,Average,Moderate,No,Yes,No,No,No,No,No,None,120,88,72,32.7,125.4,1.3,262.7
36,Male,Hispanic,22.4,Middle,Active,None,Current,5.6,Good,Low,No,Yes,No,Yes,No,Yes,No,None,124,95,71,31.7,108.1,1.06,202.7
59,Female,South Asian,25.9,Low,Moderate,Heavy,Current,6.9,Poor,Moderate,No,Yes,No,Yes,No,No,Yes,None,128,78,82,32.1,135.0,1.35,263.3
46,Male,Caucasian,18.0,Middle,Sedentary,None,Current,5.6,Good,Moderate,No,No,No,Yes,No,No,No,Insulin,112,93,76,31.7,88.1,0.9,169.1
60,Male,South Asian,21.3,High,Sedentary,Moderate,Never,8.3,Average,Moderate,No,No,No,Yes,No,No,No,None,131,88,75,33.4,124.4,1.32,268.2
37,Female,South Asian,28.8,Middle,Moderate,Heavy,Former,9.3,Good,Moderate,No,No,No,No,No,No,No,Metformin,126,83,71,33.4,122.7,1.2,231.2
54,Male,South Asian,37.9,Middle,Sedentary,None,Never,5.7,Poor,High,No,Yes,No,No,No,No,No,None,137,80,72,31.9,126.4,1.22,245.4
65,Male,South Asian,18.0,Low,Sedentary,Moderate,Never,7.0,Good,Moderate,No,No,No,No,No,No,No,None,95,75,60,31.9,86.4,0.84,169.9
60,Male,Hispanic,24.0,Low,Sedentary,Heavy,Current,8.4,Average,Moderate,Yes,No,No,Yes,No,No,No,None,125,92,80,31.0,126.3,1.34,273.6
24,Female,Caucasian,27.1,Low,Moderate,Moderate,Never,7.0,Average,High,No,No,No,No,No,No,No,None,123,90,69,34.3,86.0,0.95,191.7
36,Female,South Asian,21.9,Middle,Sedentary,None,Never,7.8,Average,Low,No,No,No,No,No,No,No,Metformin,99,70,76,32.8,100.2,1.06,212.4
35,Male,Caucasian,29.2,Low,Moderate,None,Never,7.1,Average,Moderate,No,No,No,No,No,No,No,None,116,81,74,32.9,117.9,1.16,230.9
47,Male,South Asian,20.7,Middle,Moderate,None,Never,5.4,Average,High,No,No,No,No,No,No,No,None,126,72,77,33.4,87.0,0.95,191.6
50,Male,South Asian,25.8,Middle,Moderate,Moderate,Never,7.2,Average,High,No,No,No,Yes,No,No,No,None,121,85,75,32.0,109.3,1.07,215.2
27,Female,Caucasian,22.4,Middle,Sedentary,Moderate,Never,8.7,Average,High,No,Yes,No,Yes,Yes,Yes,No,None,120,87,80,31.7,125.0,1.22,242.1
41,Male,South Asian,31.1,Low,Sedentary,Moderate,Never,7.5,Good,Low,Yes,Yes,No,No,No,No,No,None,120,64,66,33.5,113.5,1.15,226.0
18,Female,African,21.6,Middle,Moderate,None,Never,9.4,Good,High,Yes,No,No,No,No,No,No,None,113,79,74,31.5,73.8,0.68,136.1
62,Male,Caucasian,23.2,Middle,Moderate,None,Never,4.3,Average,High,No,No,No,No,No,No,No,Steroids,150,84,75,31.8,100.5,1.02,213.6
32,Other,Hispanic,29.7,Low,Sedentary,None,Current,7.6,Poor,Moderate,No,No,No,No,No,No,No,None,125,81,66,32.3,167.9,1.75,346.9
41,Male,Other,19.9,Low,Sedentary,None,Former,6.0,Average,Low,No,No,No,Yes,No,No,No,None,125,98,65,30.9,139.3,1.36,281.9
35,Female,South Asian,25.3,Middle,Active,Moderate,Former,5.7,Poor,Moderate,No,No,No,Yes,No,Yes,No,Metformin,100,64,69,32.8,106.4,1.05,218.1
57,Male,South Asian,18.0,Low,Active,None,Former,9.0,Good,Moderate,Yes,No,No,No,No,Yes,No,None,115,94,77,32.5,69.5,0.64,126.9
18,Male,South Asian,19.6,Low,Sedentary,None,Never,6.6,Average,High,Yes,Yes,No,Yes,No,No,No,None,112,71,64,31.5,125.1,1.22,238.9
40,Female,South Asian,26.9,Low,Sedentary,Moderate,Current,6.5,Average,Moderate,Yes,No,No,No,No,No,No,None,120,60,84,33.2,125.5,1.24,245.8
38,Female,Hispanic,20.0,Low,Sedentary,None,Current,7.5,Poor,Moderate,No,No,No,No,Yes,Yes,No,None,115,83,69,30.8,126.6,1.2,248.3
33,Male,Hispanic,22.3,High,Sedentary,Heavy,Never,4.0,Good,Moderate,No,No,No,Yes,No,No,No,None,111,79,75,31.6,77.2,0.75,145.8
66,Female,Caucasian,27.5,Middle,Sedentary,None,Never,9.0,Good,Moderate,Yes,No,No,No,Yes,No,No,None,117,81,82,33.5,96.3,1.07,212.7
27,Female,Caucasian,22.1,Middle,Sedentary,Heavy,Former,9.9,Average,Moderate,No,No,No,No,No,Yes,No,Metformin,104,85,60,31.9,99.1,0.97,201.3
52,Female,South Asian,29.1,High,Moderate,None,Never,8.4,Good,Moderate,No,Yes,No,No,No,No,Yes,None,129,85,89,30.5,112.9,1.08,209.9
45,Male,Caucasian,26.1,Middle,Sedentary,None,Current,7.6,Poor,Moderate,Yes,Yes,No,No,No,No,No,Insulin,132,75,66,32.2,107.5,1.0,198.0
59,Female,Hispanic,27.2,Middle,Active,Moderate,Former,6.7,Poor,Low,Yes,No,No,Yes,No,No,No,None,127,88,88,31.7,88.0,0.84,174.3
30,Male,Caucasian,31.2,Low,Moderate,Moderate,Never,5.4,Good,Low,No,No,No,No,No,No,No,None,133,60,80,32.5,100.1,0.93,186.5
29,Male,South Asian,26.6,Middle,Moderate,None,Never,8.8,Good,Moderate,No,Yes,No,Yes,No,No,No,Other,132,79,57,33.1,111.4,1.07,213.8
56,Female,African,32.7,Low,Active,Moderate,Former,8.4,Poor,Low,Yes,No,No,No,Yes,Yes,No,None,101,91,73,31.9,85.3,0.81,162.7
46,Male,South Asian,29.6,Middle,Moderate,Heavy,Never,7.7,Average,Moderate,Yes,Yes,No,No,No,No,No,None,142,83,67,30.0,99.6,0.93,187.6
18,Male,Caucasian,22.4,Low,Active,None,Current,7.5,Average,Moderate,No,No,No,No,No,No,No,None,133,80,91,32.6,125.4,1.27,256.0
32,Female,Caucasian,31.5,Low,Sedentary,Moderate,Never,7.5,Good,Moderate,No,No,No,No,No,No,No,Metformin,91,77,77,31.0,116.9,1.11,221.3
46,Female,South Asian,26.3,Low,Sedentary,None,Current,6.2,Good,High,No,No,No,No,No,Yes,No,None,109,83,56,32.5,98.7,0.94,189.6
53,Male,African,23.0,Low,Moderate,None,Never,10.0,Poor,Low,No,Yes,No,No,No,Yes,No,Metformin,102,77,88,32.9,80.3,0.77,150.0
30,Male,Hispanic,26.4,Middle,Moderate,None,Former,6.6,Average,Low,No,No,No,No,No,No,No,None,127,86,80,33.1,80.3,0.81,152.5
18,Female,South Asian,30.6,Low,Sedentary,None,Never,6.4,Average,Low,No,No,No,No,No,Yes,No,None,112,75,79,32.8,78.5,0.84,163.9
48,Male,Other,27.3,Middle,Moderate,None,Never,8.7,Average,Moderate,No,No,No,No,No,No,No,None,120,95,75,31.7,125.8,1.3,258.5
22,Female,Caucasian,34.1,Middle,Sedentary,None,Former,7.0,Average,Moderate,Yes,Yes,No,No,Yes,No,No,None,146,85,61,31.9,120.5,1.15,228.4
18,Female,African,30.4,Middle,Moderate,None,Never,7.0,Average,Low,No,Yes,No,No,No,No,No,None,142,98,91,32.4,111.0,1.05,203.6
18,Male,Hispanic,27.6,Low,Sedentary,Moderate,Never,9.1,Average,Low,Yes,No,No,No,No,No,No,None,106,76,73,32.8,100.3,1.01,205.1
52,Female,Caucasian,19.9,High,Moderate,Moderate,Never,8.0,Average,High,No,No,No,No,No,No,No,None,127,92,89,31.0,85.4,0.87,172.9
42,Female,Hispanic,24.1,Low,Sedentary,None,Never,8.1,Poor,Moderate,No,No,No,No,No,No,No,None,147,67,75,32.9,69.1,0.63,121.6
37,Male,South Asian,25.4,Middle,Active,None,Never,4.9,Poor,Moderate,No,No,No,No,No,No,No,None,106,87,73,30.2,100.5,0.91,180.4
61,Female,South Asian,28.5,Middle,Sedentary,Heavy,Former,7.6,Average,High,Yes,No,No,No,No,No,No,None,135,79,58,30.0,174.5,1.69,341.4
50,Female,African,28.2,Middle,Active,None,Never,5.5,Poor,High,No,No,No,No,No,Yes,No,None,117,81,68,30.3,105.7,1.06,215.6
64,Female,Hispanic,25.8,Low,Sedentary,None,Never,6.3,Average,Low,No,No,No,No,No,Yes,No,None,106,87,88,32.5,100.3,1.0,203.7
19,Female,Hispanic,25.6,Middle,Moderate,None,Never,7.3,Poor,Moderate,Yes,No,No,Yes,No,No,No,Metformin,143,87,82,32.6,100.5,1.1,225.9
39,Male,African,28.6,Middle,Sedentary,Moderate,Current,6.9,Average,Moderate,Yes,No,No,Yes,No,No,No,None,114,88,80,32.2,100.2,1.08,220.0
18,Male,Caucasian,20.7,Middle,Active,None,Current,8.0,Good,High,Yes,No,No,No,No,No,Yes,None,118,84,81,31.4,143.6,1.51,306.1
37,Male,South Asian,33.5,High,Moderate,None,Never,8.2,Poor,Low,No,Yes,No,No,No,No,No,None,115,85,75,32.5,137.7,1.41,287.5
36,Male,Other,18.0,Low,Active,Moderate,Current,8.3,Average,Moderate,Yes,No,No,No,No,No,No,None,136,78,70,31.3,74.1,0.65,132.9
49,Male,South Asian,32.3,Low,Sedentary,None,Current,5.0,Average,Moderate,Yes,No,No,Yes,No,No,No,None,135,74,67,31.7,118.2,1.11,221.8
41,Female,African,24.8,Low,Active,None,Never,10.0,Poor,High,Yes,No,No,Yes,No,No,No,None,109,82,70,31.2,97.9,0.93,184.1
49,Female,Caucasian,30.0,High,Sedentary,Heavy,Never,7.0,Average,High,No,No,No,No,No,No,Yes,Metformin,122,60,76,32.6,128.2,1.28,252.0
51,Female,African,26.8,Low,Sedentary,None,Never,8.8,Average,Moderate,No,No,Yes,No,No,Yes,No,None,126,84,67,31.4,88.4,1.0,208.4
72,Female,South Asian,26.7,Middle,Sedentary,Moderate,Never,4.0,Average,Moderate,Yes,No,No,No,No,Yes,No,Metformin,135,89,75,32.4,83.2,0.79,160.9
35,Female,Other,27.8,High,Sedentary,None,Former,6.6,Good,High,No,Yes,No,No,No,No,No,None,111,86,76,32.1,89.1,0.94,190.2
26,Male,Caucasian,29.0,Middle,Moderate,None,Never,4.8,Average,Moderate,No,No,No,Yes,No,No,No,Metformin,141,74,73,33.6,114.6,1.22,245.5
44,Female,Other,23.4,Middle,Sedentary,None,Never,5.7,Average,High,No,No,No,No,No,No,Yes,Steroids,132,60,59,32.1,155.9,1.56,304.4
28,Male,South Asian,30.2,Low,Sedentary,Moderate,Never,7.1,Poor,High,No,Yes,No,No,No,No,No,Steroids,106,87,64,33.2,100.0,0.98,204.5
62,Female,Caucasian,19.6,Middle,Moderate,None,Former,6.5,Average,High,No,No,No,No,No,No,Yes,None,127,72,73,32.8,88.7,0.87,175.7
36,Female,African,25.0,High,Active,None,Never,9.0,Average,Low,No,No,No,Yes,No,No,No,None,127,67,54,30.9,120.4,1.17,229.4
32,Male,African,29.2,Middle,Moderate,Heavy,Never,9.7,Average,Moderate,No,No,No,No,No,No,No,Steroids,109,89,85,31.4,154.6,1.55,311.8
33,Female,Other,30.0,Low,Moderate,Moderate,Current,5.5,Average,Moderate,No,No,No,No,No,No,No,None,126,66,88,31.7,131.0,1.3,263.2
51,Female,South Asian,27.3,Low,Moderate,None,Never,6.3,Good,Moderate,No,Yes,Yes,Yes,No,No,No,None,120,78,84,32.5,153.3,1.53,300.1
38,Male,South Asian,23.0,Low,Moderate,None,Never,5.5,Average,Moderate,No,No,No,No,No,No,No,None,97,98,78,32.8,87.0,0.92,180.8
30,Female,Caucasian,29.5,Middle,Active,None,Former,8.7,Average,Moderate,No,No,No,No,No,Yes,Yes,None,90,73,63,32.7,77.2,0.7,142.7
65,Male,South Asian,21.7,Low,Moderate,None,Current,7.2,Good,Moderate,No,No,No,No,No,No,No,Other,151,69,78,31.2,115.7,1.13,232.1
27,Male,Other,33.8,Middle,Sedentary,Heavy,Never,7.0,Good,High,Yes,Yes,No,No,No,No,No,None,118,85,89,32.0,166.3,1.69,333.9
41,Female,South Asian,24.6,Middle,Active,Heavy,Former,7.5,Average,Moderate,No,No,No,No,No,No,No,None,122,83,64,31.6,85.5,0.87,174.5
50,Female,Caucasian,18.0,Middle,Active,None,Current,6.5,Good,Low,No,No,No,Yes,No,No,No,Metformin,105,63,101,32.4,70.4,0.85,167.0
18,Female,South Asian,19.0,Low,Sedentary,None,Never,5.7,Average,Low,No,No,No,Yes,No,No,No,None,111,81,83,30.4,100.1,0.98,204.1
47,Female,Caucasian,25.2,Middle,Moderate,Heavy,Never,7.1,Good,Low,Yes,No,No,No,Yes,No,No,None,153,92,64,32.0,102.2,1.03,203.4
24,Male,South Asian,25.7,Middle,Moderate,Moderate,Former,6.6,Average,High,Yes,No,No,No,No,No,Yes,None,156,94,65,30.2,151.6,1.54,306.7
52,Female,South Asian,34.8,Low,Moderate,None,Never,7.5,Good,High,No,No,No,Yes,Yes,No,No,None,92,77,70,30.9,136.1,1.41,284.9
26,Female,South Asian,19.8,High,Sedentary,None,Never,4.6,Average,Moderate,No,No,No,Yes,No,No,No,None,121,85,74,33.6,122.4,1.34,267.9
50,Female,South Asian,25.2,Low,Moderate,None,Current,7.3,Average,Moderate,Yes,No,No,No,No,No,No,None,148,85,71,33.7,98.5,1.04,205.6
57,Male,Other,19.7,Middle,Sedentary,Heavy,Never,6.0,Average,Moderate,No,No,No,No,No,No,No,Steroids,123,90,50,31.3,91.8,0.88,181.3
53,Female,South Asian,22.5,Low,Sedentary,None,Never,7.2,Good,Low,Yes,No,No,Yes,No,No,No,None,130,79,62,32.5,100.3,1.03,200.1
44,Female,Caucasian,33.4,Middle,Active,Moderate,Never,8.4,Good,Moderate,Yes,No,No,No,No,No,No,Metformin,117,93,75,32.5,111.1,1.04,216.7
37,Female,Other,19.3,Middle,Moderate,None,Former,6.2,Average,Moderate,Yes,No,No,No,No,No,No,Insulin,128,73,77,33.4,102.3,1.0,198.7
31,Female,Hispanic,27.9,Low,Active,Heavy,Never,8.8,Average,High,Yes,No,No,No,No,No,No,Metformin,142,88,84,32.2,87.3,0.89,181.8
62,Male,Other,27.0,Middle,Active,None,Former,4.4,Poor,Moderate,No,No,No,No,No,No,Yes,None,128,70,68,31.0,75.9,0.69,134.2
30,Female,Other,24.9,Middle,Moderate,None,Former,9.3,Poor,Moderate,Yes,No,No,No,No,No,No,None,102,62,76,31.2,87.1,0.87,167.5
24,Female,Caucasian,27.6,Middle,Active,None,Never,8.9,Good,High,No,No,No,Yes,No,No,No,Insulin,111,86,75,32.4,92.4,0.94,182.0
50,Male,African,19.2,Low,Sedentary,None,Current,5.7,Average,Moderate,No,No,No,No,No,No,No,Metformin,132,110,67,30.2,95.8,0.93,194.4
28,Female,South Asian,33.3,Low,Moderate,None,Current,5.7,Average,High,No,No,No,No,No,Yes,No,None,119,83,81,30.3,115.2,1.12,228.4
26,Male,Caucasian,34.6,Middle,Moderate,Moderate,Never,4.8,Average,Moderate,No,Yes,No,Yes,No,No,No,Other,112,78,80,32.8,165.3,1.71,352.6
18,Male,Hispanic,25.2,Low,Moderate,None,Never,8.4,Average,Low,No,Yes,No,No,No,No,No,None,104,92,98,34.6,134.7,1.39,276.5
33,Female,Caucasian,37.1,Middle,Sedentary,None,Never,6.5,Average,Low,Yes,No,No,No,No,No,No,None,105,76,86,31.4,126.5,1.23,245.3
39,Male,African,23.0,Low,Sedentary,None,Never,6.4,Average,High,No,No,No,No,No,No,No,None,109,62,60,31.8,106.5,1.0,188.1
44,Male,African,27.0,Low,Sedentary,None,Never,5.3,Average,Low,No,Yes,No,No,No,No,No,None,127,89,84,31.9,214.4,2.0,403.5
54,Female,South Asian,32.2,Middle,Moderate,None,Never,9.7,Poor,Moderate,No,No,No,No,No,No,No,None,112,96,61,32.2,83.5,0.85,168.3
48,Male,Hispanic,22.7,Middle,Active,None,Never,5.5,Poor,Moderate,No,No,No,Yes,No,No,No,Steroids,123,81,90,31.1,100.5,1.0,189.6
37,Male,Caucasian,18.1,Middle,Active,None,Never,7.0,Average,Moderate,No,No,No,Yes,No,No,No,None,122,83,72,31.9,113.8,1.1,216.6
37,Male,South Asian,18.0,Middle,Sedentary,None,Never,7.3,Good,Moderate,No,No,No,No,No,No,No,None,132,74,78,32.8,92.1,0.97,188.0
48,Male,Hispanic,35.3,Middle,Sedentary,None,Never,6.4,Poor,Low,No,No,No,No,No,Yes,No,None,108,78,88,31.4,154.3,1.57,311.0
59,Female,Caucasian,22.4,Middle,Sedentary,None,Never,6.1,Good,Low,No,No,No,No,No,No,No,Metformin,144,82,80,32.0,91.3,0.96,196.3
42,Female,Hispanic,24.1,High,Sedentary,None,Never,6.4,Average,Low,Yes,No,No,No,No,No,No,None,94,80,83,33.0,69.9,0.8,162.0
33,Female,Caucasian,19.4,Middle,Active,Moderate,Current,7.8,Poor,Low,No,No,No,No,No,No,No,None,115,80,69,32.0,154.2,1.48,291.7
25,Female,South Asian,29.7,Middle,Active,None,Never,6.5,Average,Low,No,Yes,No,No,Yes,No,No,None,114,60,66,30.5,107.1,1.05,205.2
18,Male,Hispanic,21.1,Middle,Sedentary,None,Current,9.4,Average,Moderate,No,No,No,No,No,No,No,None,108,82,75,30.0,82.4,0.78,157.3
50,Female,Caucasian,22.5,High,Sedentary,Moderate,Never,5.8,Good,Low,No,No,No,No,No,No,Yes,None,90,67,82,30.9,76.7,0.7,138.2
49,Female,South Asian,26.5,Low,Sedentary,None,Former,8.1,Good,Low,Yes,No,No,No,No,No,No,None,138,85,74,33.2,99.6,1.1,220.0
49,Female,South Asian,19.7,Low,Sedentary,None,Never,4.4,Average,Moderate,No,No,No,No,No,No,No,None,132,91,91,31.7,187.5,1.89,378.7
38,Female,Hispanic,24.1,Low,Active,None,Current,5.8,Good,Low,No,No,No,No,No,No,No,None,127,86,81,32.3,117.2,1.24,246.6
61,Female,South Asian,32.0,Low,Moderate,Moderate,Never,5.8,Average,High,No,No,No,No,No,No,No,Insulin,109,69,72,33.3,75.0,0.84,171.6
33,Female,Hispanic,27.1,Low,Moderate,Moderate,Current,5.3,Average,Moderate,No,No,No,No,No,No,No,None,112,72,73,30.8,81.4,0.78,156.1
54,Male,South Asian,25.7,Middle,Moderate,Moderate,Never,7.4,Poor,High,No,Yes,No,No,No,No,No,None,115,79,69,34.7,109.9,1.17,238.0
39,Female,African,26.1,Middle,Sedentary,Moderate,Never,6.8,Average,Low,No,No,No,No,No,Yes,No,Insulin,116,89,80,31.9,100.2,1.06,212.6
31,Male,Other,23.1,Low,Sedentary,Moderate,Never,4.0,Average,Low,No,Yes,No,Yes,No,Yes,No,None,132,90,71,32.5,180.8,1.87,383.8
49,Male,South Asian,35.0,Middle,Sedentary,Moderate,Former,10.0,Average,Moderate,No,No,No,No,No,Yes,No,Insulin,113,84,77,31.3,173.4,1.67,322.2
46,Male,Caucasian,20.9,Middle,Moderate,None,Current,7.3,Good,Moderate,Yes,No,No,No,No,No,No,None,107,70,90,31.0,83.8,0.77,149.4
45,Male,Hispanic,26.1,Middle,Active,None,Never,7.0,Good,Moderate,No,No,No,Yes,No,No,Yes,Metformin,122,92,80,32.0,87.0,0.89,178.3
41,Male,Hispanic,25.6,Low,Moderate,Heavy,Former,9.0,Good,Moderate,No,No,No,No,No,Yes,No,None,121,80,74,31.4,111.3,1.09,211.7
39,Male,Caucasian,30.0,Middle,Sedentary,Heavy,Former,8.5,Poor,Moderate,No,Yes,No,No,No,No,No,Insulin,128,76,73,32.1,118.1,1.16,226.0
76,Female,African,30.5,Low,Moderate,None,Never,6.6,Average,High,No,No,No,Yes,No,No,No,None,141,75,88,30.0,106.6,1.04,220.6
58,Female,Hispanic,24.8,Low,Sedentary,None,Former,4.1,Good,Low,No,Yes,No,No,No,No,No,None,114,65,79,30.6,102.4,0.99,199.2
51,Female,Hispanic,26.5,Low,Sedentary,Moderate,Never,7.8,Poor,Moderate,Yes,Yes,No,No,No,No,No,None,134,91,83,31.5,161.0,1.63,321.1
42,Male,Hispanic,26.6,Middle,Sedentary,None,Never,5.6,Good,Moderate,No,No,No,No,No,No,No,None,122,79,69,30.9,99.4,0.98,192.3
55,Female,South Asian,18.0,Middle,Sedentary,None,Former,8.9,Average,Moderate,No,No,No,No,No,No,No,Insulin,135,73,62,35.0,115.1,1.25,248.7
48,Female,Other,18.0,Low,Active,Moderate,Never,5.8,Average,Low,Yes,No,No,No,No,No,No,None,138,86,88,32.2,81.2,0.87,172.4
40,Male,Caucasian,22.0,Low,Moderate,None,Current,6.3,Good,Moderate,No,No,No,No,No,No,No,None,109,88,86,32.3,89.9,0.86,171.6
35,Female,South Asian,22.2,Middle,Sedentary,None,Current,5.0,Good,Moderate,Yes,No,No,Yes,No,Yes,No,None,150,63,64,30.9,130.3,1.3,256.4
39,Female,South Asian,19.0,Middle,Sedentary,Moderate,Current,5.1,Average,High,No,No,No,No,No,No,No,None,123,96,83,31.3,147.3,1.5,303.6
18,Male,South Asian,28.7,Low,Sedentary,None,Never,6.8,Good,Moderate,No,Yes,No,No,No,No,Yes,None,103,102,89,31.5,110.2,1.14,232.5
43,Female,South Asian,25.0,Middle,Sedentary,Heavy,Never,6.7,Poor,Low,Yes,No,No,Yes,No,No,No,None,103,81,71,33.1,83.5,0.91,182.5
33,Female,South Asian,23.9,High,Sedentary,Heavy,Never,6.3,Average,Moderate,No,No,Yes,No,No,No,No,Metformin,142,82,75,30.6,124.3,1.17,237.1
64,Male,South Asian,18.7,Low,Moderate,Moderate,Current,10.0,Average,Moderate,No,No,No,No,No,No,No,None,140,104,94,31.7,180.9,1.87,374.5
40,Male,African,24.8,Middle,Sedentary,Heavy,Never,7.9,Average,Moderate,No,No,No,No,No,No,No,Metformin,136,69,88,32.4,80.1,0.79,151.6
22,Male,South Asian,18.0,Low,Active,None,Never,7.0,Average,Moderate,No,No,No,No,No,No,No,None,112,75,68,30.0,115.9,1.08,222.0
39,Male,South Asian,24.2,Middle,Sedentary,None,Never,4.0,Good,Moderate,Yes,No,No,No,No,No,Yes,None,114,86,69,30.3,79.5,0.81,163.3
24,Female,South Asian,25.3,Middle,Sedentary,Moderate,Never,8.2,Poor,Moderate,No,No,No,No,No,No,No,None,96,91,73,30.6,122.8,1.13,223.0
47,Female,South Asian,26.2,Low,Sedentary,None,Never,10.0,Average,Low,No,No,No,Yes,No,No,No,None,116,80,78,31.8,88.9,0.99,196.9
44,Male,South Asian,18.0,Middle,Moderate,None,Never,6.7,Good,Moderate,No,No,No,No,No,Yes,No,None,123,72,80,31.5,93.6,0.91,187.7
54,Female,Caucasian,26.1,Middle,Moderate,Moderate,Never,5.8,Average,Moderate,Yes,Yes,Yes,No,No,No,Yes,Steroids,143,93,62,32.9,119.7,1.27,251.1
28,Male,Other,19.8,Low,Sedentary,Moderate,Current,7.2,Average,Low,Yes,No,No,No,No,No,No,Metformin,116,80,69,30.0,99.1,0.93,180.3
41,Male,Hispanic,20.9,Low,Active,Moderate,Former,4.9,Poor,Moderate,No,Yes,No,No,No,No,No,Metformin,115,80,56,31.6,159.5,1.59,315.6
20,Male,Hispanic,28.6,Low,Sedentary,Moderate,Former,7.7,Average,Moderate,Yes,Yes,No,No,No,No,No,None,124,89,83,33.2,159.5,1.58,318.9
51,Female,South Asian,35.1,Middle,Active,Moderate,Never,9.3,Poor,Low,No,No,No,Yes,No,No,No,None,133,95,76,30.4,182.5,1.81,372.5
48,Male,South Asian,25.3,Middle,Sedentary,Moderate,Current,6.0,Poor,Moderate,No,No,No,Yes,No,No,Yes,Metformin,143,82,73,31.9,97.1,0.91,185.6
47,Male,South Asian,20.9,Middle,Moderate,None,Current,6.0,Average,High,No,No,No,No,No,No,No,None,110,85,71,32.8,98.5,1.0,201.1
40,Male,Hispanic,25.9,Middle,Moderate,None,Current,6.9,Good,Moderate,No,No,No,Yes,No,No,No,Metformin,117,90,73,33.4,174.5,1.81,367.9
46,Female,South Asian,29.7,Middle,Moderate,Moderate,Never,6.2,Good,Moderate,Yes,No,No,No,No,No,No,None,122,78,79,30.7,157.8,1.53,310.8
64,Other,Caucasian,28.1,Middle,Sedentary,None,Current,4.7,Average,Moderate,No,No,No,Yes,No,No,No,Other,116,75,63,32.4,133.0,1.3,259.4
36,Male,South Asian,38.7,Middle,Sedentary,Heavy,Never,6.4,Average,Low,Yes,No,No,Yes,No,No,No,None,111,76,68,32.0,81.1,0.74,136.4
42,Male,South Asian,21.4,Middle,Moderate,Moderate,Never,6.1,Average,Moderate,No,No,No,No,No,Yes,No,None,116,71,65,31.0,88.0,0.91,188.1
24,Female,Other,26.3,Middle,Active,Moderate,Never,9.0,Poor,Low,No,No,No,No,No,No,No,None,102,69,50,30.8,70.2,0.72,144.3
27,Female,Hispanic,32.7,Low,Moderate,Heavy,Former,8.7,Good,Moderate,No,No,No,Yes,No,No,No,Steroids,111,102,93,30.7,110.1,1.09,211.8
41,Male,Hispanic,32.4,Low,Sedentary,Moderate,Never,9.1,Average,Moderate,Yes,Yes,No,Yes,No,No,No,None,102,71,82,35.0,132.1,1.43,293.8
57,Female,Caucasian,18.0,Low,Sedentary,None,Never,8.2,Good,Moderate,No,No,No,No,No,No,No,Steroids,120,83,67,33.2,70.8,0.68,142.1
36,Female,Hispanic,25.0,Middle,Moderate,None,Former,7.3,Poor,Moderate,No,No,No,Yes,No,No,No,Metformin,114,79,77,32.1,125.9,1.19,238.5
36,Male,African,32.4,Middle,Sedentary,None,Never,5.7,Poor,High,No,No,No,No,No,No,No,Insulin,112,90,63,31.2,82.2,0.8,155.6
34,Female,Other,39.5,Low,Sedentary,None,Never,9.0,Average,High,Yes,No,No,No,No,Yes,No,Metformin,120,81,80,32.6,125.9,1.31,259.3
32,Female,South Asian,28.5,High,Moderate,None,Never,7.5,Average,Low,No,Yes,Yes,No,Yes,No,No,None,90,94,99,30.8,100.4,0.99,200.0
44,Female,Caucasian,23.2,High,Sedentary,Moderate,Never,5.1,Average,Low,Yes,No,No,No,No,No,No,None,115,79,85,32.3,89.8,0.9,175.8
18,Male,African,20.0,High,Sedentary,None,Never,5.6,Good,High,No,No,No,No,No,No,No,None,123,82,55,32.8,105.7,1.01,203.4
59,Male,South Asian,36.1,Low,Sedentary,None,Never,5.1,Poor,Moderate,No,No,No,No,No,Yes,No,Insulin,135,88,60,31.8,118.9,1.3,256.3
30,Male,Hispanic,28.6,Middle,Moderate,None,Current,4.0,Average,Moderate,No,No,No,No,No,No,No,None,129,82,60,31.4,78.2,0.94,189.7
51,Male,Other,20.8,Low,Sedentary,None,Current,7.6,Average,Low,Yes,No,No,Yes,No,No,No,None,139,85,71,31.5,99.7,0.97,190.9
21,Female,Caucasian,24.0,Low,Active,None,Never,5.1,Average,Moderate,Yes,Yes,No,No,No,No,No,Metformin,98,83,74,33.0,125.9,1.28,251.9
50,Female,South Asian,26.6,Low,Sedentary,None,Never,5.9,Average,Low,Yes,No,No,No,No,No,No,None,136,66,89,32.0,124.4,1.24,248.0
50,Female,Caucasian,27.7,Middle,Sedentary,Moderate,Never,7.1,Good,High,No,Yes,No,Yes,No,No,No,None,124,88,61,33.7,103.2,1.09,228.4
46,Female,Hispanic,20.5,Low,Moderate,None,Never,6.7,Good,Low,Yes,No,No,No,No,No,No,None,112,92,75,30.2,142.8,1.32,265.9
25,Male,African,21.9,Middle,Moderate,None,Never,5.9,Average,Moderate,No,No,No,Yes,No,No,No,Insulin,122,79,50,30.7,112.9,1.03,204.7
44,Female,South Asian,18.0,Middle,Sedentary,None,Never,9.3,Average,Low,Yes,No,No,Yes,Yes,No,No,Metformin,167,78,65,32.1,102.7,1.02,214.6
22,Female,Caucasian,30.2,Low,Sedentary,Moderate,Never,4.7,Good,Moderate,Yes,No,No,Yes,No,No,No,None,122,83,62,32.5,115.5,1.15,228.3
36,Male,South Asian,23.3,Low,Sedentary,Moderate,Never,4.8,Average,High,No,No,No,Yes,No,No,No,None,121,99,54,31.9,88.8,0.82,158.8
55,Female,Hispanic,27.3,Low,Moderate,Heavy,Never,7.7,Poor,Low,No,No,No,No,No,No,No,Metformin,133,77,83,33.4,85.7,0.86,171.6
52,Male,South Asian,32.1,High,Sedentary,Moderate,Current,6.1,Average,Low,Yes,No,No,Yes,No,No,No,None,117,86,68,31.1,111.6,1.19,230.8
40,Female,Caucasian,26.1,Low,Moderate,None,Current,6.0,Poor,Moderate,No,No,No,No,No,No,No,Steroids,108,78,77,32.0,93.2,0.99,203.6
25,Female,Hispanic,24.4,Middle,Moderate,None,Current,5.4,Average,Moderate,No,No,No,Yes,No,No,No,None,141,86,61,33.1,74.2,0.75,154.3
50,Male,South Asian,26.0,Low,Moderate,None,Current,7.5,Average,High,No,No,No,Yes,No,No,No,Steroids,98,67,87,33.8,98.7,1.02,201.8
40,Female,South Asian,25.3,Middle,Moderate,Moderate,Never,7.3,Poor,Low,No,Yes,No,No,No,No,No,Other,121,98,65,31.8,161.6,1.54,304.7
18,Female,South Asian,31.2,Low,Moderate,None,Former,7.2,Good,Moderate,No,No,No,No,No,No,No,None,119,84,86,34.7,96.6,1.03,194.9
52,Male,South Asian,26.6,Middle,Sedentary,Moderate,Never,6.1,Average,Moderate,No,Yes,No,No,No,No,No,None,108,77,86,32.1,99.9,0.99,198.1
40,Male,South Asian,22.3,Middle,Sedentary,None,Current,5.9,Average,Low,No,Yes,No,Yes,No,No,No,Other,100,77,78,33.7,125.6,1.33,267.6
58,Male,Other,30.2,Middle,Sedentary,None,Current,6.8,Good,Low,No,No,No,No,No,Yes,No,None,118,83,79,31.7,139.1,1.3,254.6
24,Female,Hispanic,31.2,Low,Moderate,None,Never,8.4,Average,High,No,No,No,No,No,No,No,Metformin,125,100,65,31.8,111.7,1.14,231.9
18,Female,Hispanic,18.3,Middle,Moderate,Moderate,Never,9.4,Poor,High,No,No,No,No,No,No,Yes,Metformin,136,95,59,33.2,74.3,0.74,140.7
44,Female,Other,32.7,Low,Sedentary,None,Never,8.7,Good,Moderate,No,Yes,No,No,No,No,No,None,108,77,77,32.8,98.4,1.03,208.8
44,Female,South Asian,26.8,High,Active,Moderate,Never,7.8,Poor,High,No,No,No,No,Yes,No,No,None,108,81,77,32.0,127.7,1.21,246.1
18,Female,South Asian,26.4,Middle,Moderate,None,Current,8.5,Good,Low,No,Yes,Yes,No,No,Yes,No,None,143,81,71,31.0,160.6,1.67,327.3
25,Male,South Asian,30.0,Middle,Sedentary,None,Current,5.2,Good,Moderate,No,No,No,Yes,No,No,No,None,113,60,67,34.6,100.0,0.98,200.3
80,Female,Hispanic,22.2,Middle,Sedentary,None,Never,5.9,Good,Moderate,No,No,Yes,No,No,No,No,None,115,78,66,31.7,78.5,0.77,153.0
35,Male,African,29.8,Low,Sedentary,None,Never,7.8,Average,High,No,Yes,No,No,No,No,No,None,138,82,60,32.1,124.6,1.23,247.1
51,Male,South Asian,23.1,Low,Moderate,None,Never,6.8,Good,Moderate,Yes,Yes,No,Yes,No,Yes,No,None,95,71,85,30.1,149.2,1.5,293.5
30,Female,South Asian,18.0,Middle,Sedentary,None,Current,7.5,Average,High,Yes,No,No,No,Yes,No,No,None,102,97,68,31.4,99.9,0.97,180.6
18,Male,Caucasian,20.0,High,Sedentary,None,Current,8.5,Average,High,No,No,No,Yes,No,No,Yes,Steroids,141,69,66,32.9,89.8,0.86,174.0
37,Female,Caucasian,27.8,Low,Active,Moderate,Never,8.2,Average,Low,Yes,No,No,Yes,No,No,No,None,111,70,81,31.9,78.4,0.81,158.9
36,Female,Hispanic,20.3,Middle,Moderate,None,Former,5.4,Good,Low,No,No,Yes,No,No,No,No,Metformin,112,87,70,34.7,126.2,1.28,270.0
34,Male,South Asian,33.1,Low,Moderate,None,Former,7.0,Average,Low,No,No,No,Yes,No,No,No,Other,113,83,69,32.3,128.3,1.31,268.9
38,Male,Other,30.9,High,Moderate,Moderate,Never,5.6,Good,Moderate,No,No,No,No,No,No,No,Metformin,115,75,86,31.4,77.1,0.83,173.7
44,Female,Caucasian,31.7,Low,Sedentary,Moderate,Current,5.8,Average,Moderate,Yes,No,No,No,No,No,Yes,None,113,90,63,33.7,104.6,0.99,200.8
38,Female,African,25.6,Low,Active,None,Never,4.4,Good,Low,Yes,No,No,No,No,Yes,No,None,122,82,64,34.5,90.2,0.98,199.7
21,Male,Other,26.3,Middle,Active,Moderate,Never,7.2,Good,Moderate,No,No,No,Yes,No,No,No,None,139,98,56,33.3,82.1,0.86,174.1
47,Male,Other,19.0,Middle,Moderate,Moderate,Never,4.3,Average,Moderate,No,Yes,No,No,No,No,No,None,108,62,75,32.1,97.6,0.99,194.1
18,Female,South Asian,30.0,Middle,Sedentary,None,Former,7.6,Good,Moderate,Yes,Yes,No,No,No,No,No,Insulin,111,75,69,31.8,110.6,1.13,230.1
18,Female,South Asian,26.9,Middle,Sedentary,None,Never,9.0,Average,Moderate,Yes,No,No,No,No,No,No,None,120,97,94,30.4,71.3,0.68,142.6
51,Male,Caucasian,27.8,Middle,Sedentary,None,Former,7.8,Good,Low,Yes,No,No,Yes,No,No,Yes,None,144,85,69,32.4,86.5,0.84,167.5
48,Male,Caucasian,33.4,Low,Moderate,None,Current,7.1,Good,Moderate,No,No,No,No,No,No,No,None,116,79,81,32.4,97.9,0.94,191.4
39,Female,African,22.0,Low,Sedentary,Heavy,Former,9.3,Poor,Low,No,No,No,No,No,Yes,No,None,107,76,66,30.9,94.6,0.87,172.7
19,Female,Other,24.4,Low,Moderate,None,Former,7.5,Average,Moderate,No,Yes,No,No,No,No,No,Metformin,90,83,83,32.1,117.6,1.3,257.7
29,Female,South Asian,26.6,Middle,Moderate,None,Never,5.7,Average,Moderate,No,No,No,Yes,No,No,No,None,109,69,90,33.1,215.6,2.0,400.5
36,Female,Caucasian,20.3,Middle,Sedentary,Heavy,Never,7.2,Poor,Moderate,No,No,No,No,No,No,No,Steroids,107,66,70,31.7,82.4,0.81,159.0
18,Female,South Asian,24.1,Middle,Moderate,Moderate,Never,9.9,Poor,Low,No,No,Yes,No,No,Yes,No,None,102,86,73,32.3,124.5,1.21,248.7
29,Male,Hispanic,27.5,Middle,Sedentary,None,Never,5.4,Poor,Moderate,No,No,No,Yes,No,No,No,Insulin,121,89,73,30.0,108.0,1.01,208.0
50,Female,Other,23.4,Low,Active,Moderate,Current,4.9,Average,High,Yes,Yes,Yes,Yes,No,No,Yes,Insulin,116,89,78,33.8,100.5,0.97,193.1
61,Male,Caucasian,31.5,Middle,Sedentary,Moderate,Current,7.9,Average,Moderate,No,No,No,No,No,Yes,No,None,141,76,85,31.3,100.6,0.94,182.7
34,Female,South Asian,18.0,Low,Sedentary,Moderate,Never,6.7,Good,High,Yes,No,Yes,Yes,No,No,No,Steroids,123,75,69,31.7,100.5,0.91,186.2
51,Male,Hispanic,30.6,Middle,Sedentary,None,Current,6.2,Average,Low,No,No,No,Yes,No,No,Yes,None,135,80,85,32.3,85.2,0.85,162.1
18,Male,African,28.3,Low,Active,None,Former,5.1,Average,Low,No,No,No,No,No,No,No,Metformin,117,70,77,31.8,100.0,0.97,192.9
50,Female,South Asian,22.2,Middle,Moderate,None,Current,4.1,Poor,Moderate,Yes,Yes,No,No,No,No,Yes,None,107,87,91,33.0,121.7,1.3,252.6
28,Female,Hispanic,20.4,Middle,Sedentary,None,Never,4.8,Average,Moderate,Yes,No,Yes,No,No,No,No,Metformin,129,77,78,31.6,90.1,0.89,171.7
45,Male,Other,18.0,Middle,Sedentary,None,Former,9.4,Good,Low,No,No,No,No,No,Yes,No,None,103,79,61,31.4,97.4,0.99,195.3
36,Female,Caucasian,21.0,Middle,Moderate,Moderate,Never,7.0,Average,Moderate,No,Yes,No,No,No,Yes,No,None,137,78,82,32.9,206.8,2.0,402.6
60,Male,Caucasian,30.2,Low,Sedentary,None,Never,4.1,Average,Moderate,Yes,Yes,No,No,No,Yes,No,None,109,85,75,30.0,153.2,1.55,311.5
27,Male,South Asian,24.7,Low,Active,None,Never,8.8,Average,Moderate,Yes,Yes,No,No,No,No,No,None,131,83,72,30.7,99.5,0.88,167.1
49,Female,Caucasian,30.8,Middle,Active,Moderate,Never,8.9,Average,Low,No,No,No,No,Yes,No,No,Metformin,126,99,80,32.2,70.0,0.64,126.2
36,Male,Caucasian,21.9,Middle,Moderate,None,Never,8.8,Average,High,No,No,No,No,No,No,Yes,None,105,76,67,32.8,118.7,1.27,252.8
38,Female,South Asian,28.5,Low,Active,Moderate,Never,6.4,Average,Moderate,No,No,No,No,No,No,Yes,Metformin,138,98,73,32.8,81.5,0.85,171.7
37,Male,South Asian,21.4,Low,Sedentary,Moderate,Former,6.6,Average,Moderate,No,No,No,No,No,No,No,Metformin,149,62,70,30.0,114.8,1.13,229.5
27,Female,South Asian,20.2,Middle,Sedentary,Heavy,Former,7.2,Average,High,No,No,No,No,No,No,No,None,109,85,82,31.5,69.9,0.77,162.1
40,Female,South Asian,24.5,Middle,Sedentary,None,Current,9.1,Good,Low,Yes,No,No,No,No,Yes,No,None,110,64,72,32.9,89.8,0.94,186.3
39,Male,Caucasian,21.7,Middle,Sedentary,Moderate,Never,6.2,Average,Moderate,Yes,Yes,No,No,No,No,Yes,None,121,70,76,31.0,110.1,0.97,194.8
44,Male,African,18.0,Middle,Active,Moderate,Current,5.9,Poor,High,No,No,No,No,No,No,No,Metformin,133,70,77,31.8,73.7,0.72,143.1
41,Female,African,24.1,Middle,Sedentary,Moderate,Former,8.0,Average,Moderate,No,No,No,No,No,No,No,Metformin,138,69,80,32.5,76.8,0.8,156.6
52,Female,South Asian,25.5,Low,Active,Moderate,Never,8.8,Good,Moderate,No,Yes,No,Yes,No,No,No,None,115,74,70,32.1,155.4,1.59,314.3
54,Male,Caucasian,31.3,Low,Moderate,None,Former,6.9,Good,High,No,No,No,No,No,No,No,None,122,102,87,32.5,137.8,1.36,279.0
24,Female,Hispanic,29.7,Middle,Sedentary,None,Former,8.0,Poor,Low,Yes,Yes,No,No,Yes,No,No,None,115,71,85,31.8,99.8,1.0,204.9
53,Male,Caucasian,31.1,Middle,Sedentary,Moderate,Never,7.2,Good,Low,No,No,No,Yes,No,No,No,Metformin,114,64,94,32.6,107.2,1.03,210.0
22,Male,Other,28.6,Low,Sedentary,Moderate,Former,6.6,Good,Moderate,No,No,No,No,No,No,No,Other,112,85,66,32.6,75.0,0.73,141.9
49,Male,Caucasian,26.7,High,Sedentary,Moderate,Former,5.8,Average,Moderate,No,No,No,No,No,No,Yes,None,100,82,77,32.9,107.6,1.16,228.6
49,Male,African,18.9,Low,Sedentary,None,Current,5.3,Good,Low,No,No,No,No,No,Yes,No,Metformin,133,102,59,32.8,108.5,1.08,211.7
18,Female,South Asian,25.7,Middle,Sedentary,None,Current,6.1,Average,Low,Yes,No,No,No,No,No,No,Other,122,80,64,33.0,188.2,1.87,380.2
41,Female,African,28.0,Low,Moderate,None,Former,5.5,Average,High,No,No,No,No,No,Yes,No,None,143,60,82,31.5,139.9,1.36,269.3
33,Female,Hispanic,32.3,Middle,Moderate,Moderate,Former,7.4,Poor,Moderate,Yes,No,No,Yes,No,No,No,None,132,76,74,31.6,96.2,0.95,196.9
29,Female,Other,28.4,Middle,Sedentary,Moderate,Current,8.8,Average,Low,No,Yes,No,No,No,No,No,Metformin,114,76,65,32.2,122.2,1.23,253.9
60,Female,Other,31.2,Low,Sedentary,None,Current,7.3,Good,High,Yes,Yes,Yes,No,No,No,No,Metformin,103,68,83,34.0,109.5,1.16,231.0
30,Female,South Asian,19.8,High,Active,Moderate,Current,5.6,Good,Moderate,No,No,Yes,No,No,No,No,None,148,74,78,32.2,206.1,2.0,399.1
28,Female,Caucasian,23.4,Low,Sedentary,None,Former,8.3,Average,Moderate,Yes,No,No,No,No,Yes,No,None,95,79,51,33.7,94.1,0.98,193.5
41,Female,Caucasian,27.1,Middle,Sedentary,None,Never,7.4,Average,Moderate,Yes,No,No,Yes,No,No,No,None,115,79,86,33.5,117.7,1.2,237.6
50,Female,Caucasian,30.8,Middle,Moderate,None,Current,7.7,Average,Moderate,Yes,No,No,No,No,No,Yes,None,115,66,76,33.5,126.2,1.27,248.5
38,Male,South Asian,24.3,Middle,Active,Moderate,Never,6.2,Average,Moderate,Yes,No,No,No,No,No,Yes,Other,110,86,70,33.4,74.3,0.83,168.2
57,Female,Hispanic,24.6,High,Active,Moderate,Never,8.7,Good,Moderate,Yes,No,No,No,Yes,No,No,None,107,96,62,31.1,113.2,1.13,220.7
48,Female,Other,28.4,Middle,Sedentary,None,Never,8.7,Average,Low,Yes,No,No,No,No,No,No,Metformin,102,83,80,30.9,69.7,0.72,138.9
18,Female,Caucasian,19.4,High,Moderate,None,Never,6.7,Poor,Low,No,No,No,No,No,No,No,None,109,91,70,31.1,93.0,0.95,195.3
32,Female,South Asian,33.0,Low,Sedentary,Moderate,Never,8.1,Average,Low,Yes,No,No,Yes,No,No,No,None,119,82,74,33.1,100.6,0.96,195.6
32,Female,South Asian,20.6,Low,Active,None,Current,8.7,Average,Moderate,No,No,No,Yes,No,No,No,None,125,70,76,31.7,93.1,1.0,196.3
47,Other,African,18.0,Middle,Sedentary,Heavy,Former,6.3,Average,Moderate,Yes,Yes,No,No,No,No,No,None,112,83,80,31.4,114.8,1.16,231.7
18,Male,South Asian,25.1,Middle,Sedentary,Moderate,Never,6.9,Average,Low,No,Yes,No,Yes,No,No,No,Other,112,75,78,31.6,132.1,1.28,257.1
78,Female,Other,33.5,Middle,Active,None,Former,7.1,Average,High,No,No,No,No,Yes,No,No,None,104,69,90,32.5,79.8,0.86,165.5
48,Male,African,27.9,Low,Active,None,Current,5.4,Good,Moderate,No,No,No,No,No,No,No,Insulin,123,79,57,31.3,77.9,0.8,162.5
42,Female,African,28.8,Middle,Moderate,None,Never,7.7,Average,Moderate,Yes,No,No,No,No,No,No,None,121,88,69,31.5,108.0,1.06,222.8
58,Female,Caucasian,25.2,High,Sedentary,None,Never,8.5,Good,High,Yes,No,No,Yes,No,No,No,Steroids,126,77,86,31.7,85.3,0.79,156.9
75,Male,South Asian,24.2,Middle,Sedentary,Moderate,Never,6.8,Average,High,No,Yes,No,Yes,No,No,Yes,None,112,99,96,32.9,102.9,1.09,216.5
53,Male,Other,18.0,Low,Active,None,Current,7.5,Good,Low,No,No,No,Yes,No,No,No,None,106,90,87,30.3,89.5,0.89,181.4
54,Female,African,18.0,Low,Moderate,Moderate,Never,9.1,Average,Moderate,No,No,No,Yes,Yes,No,Yes,Metformin,120,75,80,32.0,102.2,1.05,206.6
42,Male,Other,26.0,Low,Sedentary,None,Current,6.4,Average,High,No,No,No,No,No,No,No,Insulin,128,74,84,31.6,70.0,0.64,119.5
38,Male,Caucasian,31.6,Middle,Sedentary,Heavy,Never,7.5,Average,Low,No,Yes,No,Yes,No,No,No,None,107,101,83,32.6,104.2,1.02,202.7
33,Female,African,26.7,High,Active,None,Never,6.1,Average,Low,No,No,No,Yes,No,No,No,Insulin,111,77,69,31.9,71.2,0.84,165.8
28,Male,South Asian,28.1,Low,Moderate,Moderate,Never,6.1,Good,Low,No,No,No,No,No,No,No,None,102,84,81,31.1,234.1,2.0,404.8
30,Male,African,32.9,Middle,Moderate,Moderate,Never,7.5,Average,Low,No,No,No,No,No,No,No,None,102,84,65,34.1,128.4,1.26,266.6
20,Female,Hispanic,26.6,Middle,Sedentary,None,Former,7.4,Average,High,No,No,Yes,No,No,No,No,Metformin,112,63,76,33.5,106.5,1.18,240.2
39,Male,Hispanic,24.4,Low,Moderate,None,Never,7.8,Good,Moderate,No,No,No,No,No,No,No,Steroids,107,63,70,32.2,84.5,0.84,168.2
18,Male,Hispanic,20.9,Middle,Active,Moderate,Never,7.1,Poor,Low,No,No,No,Yes,No,No,No,None,132,89,80,32.6,126.0,1.27,249.3
43,Female,South Asian,35.1,Middle,Sedentary,None,Never,7.7,Good,Moderate,No,No,No,Yes,No,No,No,None,120,70,70,31.3,83.6,0.85,172.7
39,Female,Other,27.6,Middle,Moderate,None,Current,9.5,Average,Low,No,No,No,No,No,No,No,None,139,80,76,32.2,119.5,1.21,231.0
42,Female,Other,20.3,Middle,Sedentary,Heavy,Current,8.6,Good,Moderate,No,No,No,No,No,No,No,None,139,65,65,34.7,108.9,1.09,215.2
32,Female,South Asian,19.1,Middle,Sedentary,None,Former,7.5,Average,Moderate,No,No,No,No,No,No,No,None,120,77,71,33.2,86.6,0.82,167.6
80,Female,Other,31.3,Low,Moderate,None,Current,7.8,Average,Low,No,No,No,No,No,No,No,None,90,82,87,30.9,85.7,0.87,173.6
60,Male,South Asian,19.8,Low,Active,Moderate,Never,6.6,Average,Moderate,No,Yes,No,No,No,No,No,Steroids,126,60,56,32.4,99.9,0.98,194.1
21,Male,African,34.3,Low,Moderate,Moderate,Never,6.8,Good,Moderate,Yes,No,No,Yes,No,No,No,Steroids,137,81,76,32.1,158.4,1.59,326.2
43,Male,South Asian,18.0,Low,Sedentary,None,Never,7.7,Poor,Low,No,No,No,No,No,No,No,None,129,81,89,32.5,90.1,0.94,193.7
31,Male,Other,32.1,Low,Sedentary,None,Never,7.1,Average,High,Yes,No,No,No,No,No,No,Steroids,125,75,84,33.8,82.5,0.94,187.3
25,Female,South Asian,27.4,Low,Active,Moderate,Never,8.2,Poor,Low,Yes,No,No,Yes,No,No,No,None,116,69,76,31.1,99.4,0.88,171.4
20,Female,Caucasian,25.6,Middle,Sedentary,None,Current,8.9,Average,Moderate,No,No,No,No,Yes,Yes,No,Metformin,102,76,83,31.8,111.7,1.2,239.5
46,Male,Caucasian,24.1,Middle,Active,Moderate,Current,6.8,Poor,High,No,No,No,No,No,No,No,Insulin,129,76,68,30.9,115.8,1.19,237.8
30,Female,South Asian,34.5,Low,Sedentary,None,Never,4.0,Good,Low,Yes,No,No,No,No,No,No,Insulin,117,99,82,32.2,85.6,0.87,179.6
55,Male,African,28.5,Low,Active,Moderate,Never,10.0,Average,Moderate,No,No,No,No,No,Yes,No,None,125,79,87,32.1,72.8,0.77,152.5
55,Male,South Asian,20.5,Middle,Active,None,Former,6.0,Average,Moderate,No,No,No,Yes,No,No,No,Other,111,75,77,34.1,98.7,1.07,216.5
61,Female,African,18.0,Low,Sedentary,Heavy,Current,7.3,Good,Moderate,No,No,No,No,No,No,No,Metformin,150,79,85,31.1,89.0,0.9,193.8
27,Male,Other,25.9,Middle,Moderate,None,Never,8.1,Good,Low,No,No,No,No,No,No,No,None,124,84,65,32.9,85.7,0.88,179.1
47,Male,Hispanic,25.0,Middle,Sedentary,None,Never,9.1,Poor,Moderate,Yes,No,No,No,No,No,No,None,114,84,63,30.0,107.6,1.05,210.5
49,Male,Hispanic,18.0,Low,Sedentary,None,Current,9.7,Average,Moderate,No,Yes,No,Yes,No,No,No,None,103,84,83,33.9,129.7,1.29,264.5
33,Male,South Asian,24.7,Low,Sedentary,None,Current,6.5,Good,Moderate,No,No,No,No,No,No,No,None,99,86,100,32.0,78.7,0.7,140.2
28,Female,South Asian,22.1,Low,Moderate,None,Never,8.8,Average,Moderate,No,Yes,No,No,No,Yes,No,None,129,65,76,32.1,104.6,0.98,195.1
64,Female,Caucasian,25.0,Low,Sedentary,Moderate,Never,7.3,Average,High,Yes,No,No,No,No,Yes,No,Other,111,85,84,31.8,113.6,1.08,219.6
43,Male,South Asian,28.6,High,Moderate,Moderate,Never,10.0,Average,Moderate,Yes,No,No,Yes,No,No,No,Insulin,113,82,50,32.5,90.5,0.88,178.7
50,Male,Other,32.5,Low,Sedentary,None,Current,8.7,Average,Moderate,No,No,No,No,No,No,No,None,112,74,81,31.4,102.7,1.01,206.8
28,Female,South Asian,29.5,Middle,Sedentary,None,Never,6.7,Good,High,Yes,No,No,Yes,No,No,No,None,104,81,70,32.1,80.2,0.85,167.9
22,Female,Other,21.4,Middle,Moderate,Moderate,Current,5.8,Average,Low,Yes,No,No,No,No,No,No,Metformin,116,79,95,33.3,79.1,0.84,163.4
31,Male,South Asian,26.8,Low,Moderate,None,Never,4.0,Poor,Moderate,Yes,No,No,No,No,No,No,None,121,80,83,31.6,79.9,0.73,150.2
38,Male,Hispanic,25.3,Low,Moderate,None,Former,8.0,Good,Low,No,No,No,No,No,No,No,Metformin,105,82,76,31.7,82.8,0.8,168.9
24,Female,South Asian,18.3,Middle,Moderate,None,Former,8.5,Good,High,No,Yes,Yes,Yes,No,No,No,None,125,63,70,31.7,119.5,1.17,240.3
40,Female,South Asian,27.0,Middle,Active,None,Never,8.1,Average,Low,No,No,No,No,Yes,No,No,None,102,83,88,33.0,182.7,1.79,352.3
18,Male,African,34.3,Low,Sedentary,None,Never,4.0,Average,Moderate,No,No,No,No,No,No,No,Insulin,113,87,88,31.8,99.9,1.0,202.4
23,Female,South Asian,25.2,Low,Sedentary,Moderate,Never,5.1,Good,Moderate,No,No,No,Yes,No,No,Yes,None,125,82,67,31.6,99.8,1.02,207.9
50,Male,African,18.0,Middle,Moderate,None,Current,7.7,Average,Moderate,No,No,No,No,No,No,Yes,None,120,73,87,32.2,69.9,0.73,143.4
49,Female,Caucasian,25.2,Low,Moderate,Moderate,Never,9.7,Average,Moderate,No,No,No,No,No,Yes,No,None,95,71,85,33.1,90.5,0.9,188.6
34,Female,South Asian,18.9,Low,Moderate,None,Former,6.9,Average,Moderate,No,No,No,Yes,No,No,No,Steroids,90,82,78,30.7,97.0,0.9,185.0
25,Female,Other,29.3,Low,Moderate,None,Former,8.6,Good,High,No,No,No,No,No,No,No,None,129,88,83,32.7,105.1,1.05,210.8
25,Male,Caucasian,27.6,Low,Sedentary,None,Never,5.4,Good,High,Yes,No,No,No,No,No,No,None,130,93,81,32.4,76.4,0.76,155.7
34,Male,African,24.1,Low,Sedentary,Heavy,Current,7.3,Average,Moderate,No,Yes,No,No,No,No,No,Other,127,88,65,32.4,117.1,1.16,235.1
50,Male,Caucasian,23.3,Middle,Moderate,None,Former,6.6,Good,High,No,No,No,No,No,Yes,No,None,117,85,79,32.0,86.6,0.78,156.1
54,Female,African,23.9,Middle,Sedentary,None,Former,8.8,Good,High,Yes,No,No,No,No,No,No,None,116,60,74,32.0,160.4,1.54,310.3
33,Male,South Asian,25.0,Middle,Sedentary,None,Never,6.2,Good,Moderate,No,No,No,No,No,Yes,No,None,118,74,64,32.7,85.2,0.83,162.7
23,Male,South Asian,21.1,Low,Sedentary,None,Former,9.5,Good,High,No,No,No,Yes,No,Yes,No,None,129,83,67,30.5,79.6,0.73,150.9
44,Male,Caucasian,18.1,Middle,Sedentary,None,Never,6.5,Good,High,Yes,No,No,No,No,No,No,None,118,73,58,31.2,161.0,1.56,310.3
28,Female,Caucasian,30.7,Middle,Moderate,None,Current,5.4,Average,Moderate,Yes,No,No,No,No,No,No,None,126,71,58,30.3,112.6,1.11,216.8
32,Male,South Asian,23.1,Low,Sedentary,None,Never,5.4,Average,Moderate,Yes,No,No,No,No,No,No,None,140,69,69,33.8,138.9,1.39,278.7
60,Male,African,25.8,Low,Active,Heavy,Former,6.1,Good,Low,No,No,No,Yes,No,No,No,Metformin,105,98,86,33.3,113.0,1.09,208.6
52,Male,African,26.4,Low,Moderate,None,Former,7.6,Good,Low,No,No,No,No,No,Yes,No,None,117,67,62,30.0,78.9,0.71,145.5
42,Female,South Asian,26.6,Low,Sedentary,Moderate,Never,6.1,Good,Moderate,No,No,No,No,No,No,No,Other,107,78,63,32.4,135.1,1.31,257.2
21,Female,South Asian,19.1,High,Sedentary,None,Never,5.8,Poor,Moderate,No,Yes,No,No,No,Yes,No,Insulin,114,73,94,31.8,101.4,0.95,183.1
43,Female,Caucasian,18.0,Middle,Sedentary,None,Never,8.3,Average,Moderate,Yes,No,No,No,No,No,No,None,118,71,65,32.6,99.6,1.05,199.6
56,Female,South Asian,22.1,Low,Moderate,Heavy,Never,4.0,Average,High,No,No,No,Yes,No,No,No,None,107,84,75,32.3,112.6,1.06,212.1
34,Female,South Asian,27.0,Middle,Sedentary,Moderate,Current,6.4,Good,Moderate,No,No,Yes,Yes,No,Yes,No,Metformin,96,88,80,31.9,118.5,1.16,229.9
60,Male,South Asian,21.4,Low,Sedentary,Moderate,Current,5.0,Poor,Low,No,No,No,Yes,No,No,No,Insulin,100,68,73,31.9,71.3,0.67,138.2
59,Female,Other,23.2,Low,Sedentary,Moderate,Never,5.7,Good,Moderate,No,No,No,No,No,Yes,No,Steroids,127,81,75,33.0,103.6,1.1,214.4
65,Male,African,35.6,Low,Moderate,Heavy,Never,7.4,Average,Low,No,No,No,No,No,No,No,None,110,79,67,31.4,89.5,0.88,169.4
45,Male,South Asian,18.0,Middle,Moderate,None,Current,6.7,Average,Moderate,Yes,No,No,Yes,No,No,Yes,None,117,75,69,31.6,124.5,1.19,243.2
49,Female,South Asian,21.2,Low,Moderate,None,Never,6.6,Average,Moderate,Yes,No,No,No,No,No,No,Insulin,121,71,78,32.6,113.8,1.14,222.8
61,Male,African,34.5,Low,Active,None,Current,8.8,Average,Moderate,No,No,No,No,No,No,No,Steroids,134,91,63,32.9,82.3,0.86,168.5
47,Male,Caucasian,24.8,Low,Sedentary,Moderate,Never,7.0,Good,Moderate,No,No,No,No,No,No,Yes,Other,116,70,89,32.3,106.3,1.05,210.6
32,Male,Hispanic,21.5,Low,Moderate,Moderate,Former,9.7,Good,Low,Yes,No,No,No,No,No,No,Metformin,124,67,57,31.5,117.8,1.19,239.5
33,Female,Other,30.8,Middle,Sedentary,Moderate,Never,8.1,Average,Low,No,No,No,No,No,No,No,None,103,91,77,30.3,164.0,1.57,305.9
44,Male,Caucasian,25.3,Middle,Moderate,None,Never,5.5,Good,Moderate,No,Yes,No,No,No,No,No,None,118,82,64,30.4,112.0,1.14,228.0
21,Female,South Asian,23.3,Middle,Moderate,Heavy,Never,9.9,Average,Moderate,No,No,No,No,No,No,No,None,105,68,80,31.8,125.5,1.32,261.3
38,Female,Hispanic,26.0,Middle,Sedentary,None,Former,7.4,Good,Moderate,Yes,No,No,No,No,No,No,None,118,79,65,32.2,106.1,1.12,227.4
56,Female,Other,21.7,High,Sedentary,Moderate,Never,9.8,Average,Moderate,No,No,No,No,No,No,No,None,122,74,81,31.6,113.0,1.11,217.1
18,Male,Caucasian,19.9,Low,Active,None,Former,6.6,Average,High,Yes,No,No,No,No,No,No,None,116,95,83,30.9,83.5,0.79,163.6
63,Female,African,24.4,Low,Sedentary,Heavy,Never,7.4,Good,High,No,No,Yes,Yes,No,No,No,None,114,78,84,30.8,72.9,0.7,142.0
57,Male,South Asian,19.9,Middle,Sedentary,None,Never,7.6,Average,Moderate,No,No,No,No,No,No,No,None,124,85,70,32.2,124.3,1.18,231.2
33,Male,South Asian,25.1,Low,Active,None,Never,6.7,Average,Moderate,Yes,Yes,No,No,No,No,No,Metformin,114,80,90,33.4,104.0,0.98,192.7
48,Male,African,26.8,Middle,Moderate,Heavy,Never,8.9,Good,Low,Yes,No,No,Yes,No,No,No,None,114,94,76,31.3,91.1,0.86,165.7
40,Female,Other,29.3,Low,Moderate,Heavy,Never,9.9,Average,Moderate,No,Yes,No,No,No,No,No,None,104,82,75,32.0,160.6,1.54,308.5
58,Male,African,30.6,Low,Active,None,Never,4.0,Average,Moderate,No,Yes,No,No,No,No,No,None,128,92,81,31.3,99.5,0.97,199.1
55,Male,Hispanic,23.0,Middle,Sedentary,Heavy,Former,8.2,Average,Moderate,Yes,No,No,No,No,No,No,None,119,85,59,32.6,124.7,1.29,252.4
19,Male,South Asian,27.5,High,Sedentary,Moderate,Current,5.7,Good,Low,Yes,No,No,No,No,No,No,Insulin,113,74,73,31.9,87.1,0.83,163.7
49,Male,South Asian,27.5,Low,Moderate,None,Former,4.0,Poor,High,Yes,Yes,No,No,No,No,No,None,104,80,79,33.0,116.3,1.22,240.9
37,Female,Caucasian,26.6,Low,Moderate,None,Never,7.8,Poor,Low,No,No,No,No,Yes,No,No,None,155,78,69,32.1,82.8,0.91,191.2
41,Female,South Asian,22.6,Middle,Sedentary,None,Never,7.8,Average,High,No,Yes,No,No,No,Yes,No,Metformin,90,74,75,32.1,118.5,1.15,234.1
29,Female,African,19.9,Low,Sedentary,None,Never,8.0,Average,Low,No,No,No,No,No,No,No,None,109,69,92,31.1,90.3,0.9,178.9
66,Male,South Asian,27.5,Low,Sedentary,Moderate,Never,7.6,Average,Low,No,Yes,No,No,No,No,No,Metformin,113,94,67,31.2,111.0,1.15,240.5
56,Male,Hispanic,18.0,Low,Active,None,Never,8.3,Average,Moderate,No,No,No,No,No,Yes,Yes,None,134,60,83,32.5,86.1,0.86,180.1
29,Female,Hispanic,23.7,Middle,Sedentary,Moderate,Never,6.1,Poor,High,Yes,Yes,No,No,No,No,No,None,115,93,69,32.2,105.6,1.05,213.4
20,Male,Caucasian,18.0,Middle,Active,Moderate,Never,7.4,Good,Moderate,Yes,No,No,No,No,Yes,No,None,123,67,76,34.0,103.0,1.06,213.0
34,Female,South Asian,18.3,Middle,Active,Moderate,Never,8.0,Good,Low,No,Yes,No,No,No,Yes,No,Metformin,113,85,80,30.9,95.2,0.88,183.4
47,Male,African,20.6,Low,Moderate,Heavy,Never,9.0,Average,High,Yes,No,No,No,No,No,No,None,148,74,83,33.0,112.4,1.16,235.2
44,Female,Other,30.5,Low,Moderate,Moderate,Never,7.1,Average,Moderate,No,No,No,No,No,No,No,Steroids,126,63,79,32.1,100.0,0.96,192.4
59,Male,African,28.4,Low,Sedentary,None,Never,6.7,Good,Low,No,No,No,No,No,No,No,Metformin,110,91,82,31.0,70.2,0.71,136.6
52,Male,South Asian,22.2,High,Sedentary,Moderate,Former,6.9,Good,Moderate,Yes,No,No,Yes,No,Yes,No,None,131,60,73,30.0,99.0,0.93,193.2
55,Female,South Asian,28.6,Middle,Moderate,Heavy,Never,5.2,Good,Moderate,No,No,No,Yes,No,No,Yes,Steroids,116,88,71,31.4,70.2,0.71,146.0
45,Female,South Asian,29.4,Low,Sedentary,None,Never,8.2,Average,Moderate,Yes,No,No,No,No,Yes,No,None,147,81,85,31.5,74.9,0.67,129.3
19,Male,South Asian,24.2,Middle,Sedentary,Heavy,Never,4.8,Good,Moderate,Yes,No,No,No,No,Yes,No,Insulin,140,91,57,31.5,89.6,0.93,183.9
37,Female,Hispanic,18.1,Middle,Moderate,None,Never,7.6,Good,High,Yes,No,No,No,No,No,No,Steroids,124,86,71,32.9,126.0,1.25,250.6
56,Female,Hispanic,24.0,High,Sedentary,None,Current,7.1,Poor,High,No,No,No,No,No,No,No,None,116,86,73,31.5,89.8,0.84,168.9
39,Male,South Asian,24.5,Middle,Moderate,Moderate,Never,4.7,Average,Moderate,No,No,No,No,No,No,No,Steroids,110,89,77,32.3,180.7,1.92,377.9
48,Male,South Asian,18.8,Low,Sedentary,Moderate,Never,4.8,Average,Low,Yes,No,No,Yes,No,Yes,No,None,133,88,84,30.6,101.9,0.94,183.7
35,Male,South Asian,26.8,Middle,Sedentary,Moderate,Former,5.7,Poor,Moderate,No,No,No,No,No,No,No,Steroids,142,85,77,32.4,88.3,0.78,150.9
25,Male,Other,26.4,Middle,Sedentary,None,Never,6.5,Good,High,Yes,No,No,No,No,No,No,Steroids,116,77,73,30.7,180.9,1.84,374.8
38,Female,Caucasian,27.2,Low,Active,Moderate,Current,9.2,Good,Moderate,No,No,No,No,No,Yes,No,None,127,78,83,32.7,71.3,0.73,155.5
45,Male,African,26.4,Middle,Active,Moderate,Current,6.8,Poor,Moderate,No,No,No,No,No,No,No,None,128,81,78,33.0,112.2,1.1,226.8
30,Male,Caucasian,28.6,Middle,Sedentary,None,Never,7.8,Good,Moderate,No,Yes,No,No,No,No,No,Metformin,133,77,76,30.5,113.7,1.16,232.3
36,Male,African,24.1,Low,Sedentary,None,Never,8.9,Average,Moderate,No,No,No,No,No,No,No,Insulin,108,102,91,33.9,108.3,1.09,205.3
26,Female,South Asian,26.0,Middle,Active,Moderate,Former,8.6,Average,High,Yes,No,No,No,No,No,No,None,127,79,85,31.5,81.4,0.8,155.4
57,Male,South Asian,23.0,Middle,Sedentary,None,Current,7.0,Good,Moderate,Yes,No,No,Yes,No,No,No,None,154,69,102,32.4,98.6,1.04,208.9
36,Male,African,22.1,Low,Sedentary,None,Current,5.9,Average,Moderate,No,Yes,No,No,No,No,No,None,121,79,55,32.8,172.9,1.82,359.7
62,Male,Caucasian,31.7,Low,Sedentary,None,Never,7.7,Average,Low,No,No,No,No,No,Yes,Yes,None,127,72,88,31.3,87.9,0.94,192.2
63,Female,South Asian,18.0,Middle,Moderate,Moderate,Never,6.0,Average,High,No,No,No,Yes,Yes,No,No,None,126,100,90,31.3,154.0,1.4,281.5
39,Male,South Asian,29.4,Low,Sedentary,None,Former,9.7,Average,Low,Yes,No,No,No,No,No,No,None,128,81,68,31.6,96.1,0.98,191.2
25,Female,South Asian,21.9,Middle,Sedentary,None,Never,8.3,Average,High,No,Yes,No,No,No,No,Yes,None,103,86,74,32.5,105.8,1.07,216.5
18,Male,Caucasian,21.2,Low,Moderate,None,Never,7.3,Average,Low,No,No,No,Yes,No,No,No,Insulin,151,85,76,32.6,97.1,1.15,236.1
18,Male,African,26.3,Low,Sedentary,None,Former,7.8,Average,Low,Yes,No,No,No,No,No,No,None,121,89,71,33.4,80.4,0.87,174.1
19,Female,Other,18.0,Low,Moderate,None,Never,7.3,Average,Moderate,No,Yes,No,No,No,No,No,None,128,82,72,33.2,104.9,1.07,210.7
61,Male,South Asian,20.9,Middle,Moderate,None,Current,6.4,Average,Moderate,No,No,No,No,No,No,No,None,121,76,108,33.2,108.2,1.18,231.3
42,Female,South Asian,20.8,Middle,Sedentary,None,Current,7.7,Average,Moderate,Yes,Yes,No,No,No,Yes,No,None,134,80,75,32.9,81.8,0.86,175.3
46,Female,South Asian,23.9,Middle,Sedentary,None,Never,6.6,Average,Moderate,Yes,No,No,No,No,No,No,Metformin,112,68,81,32.8,132.3,1.33,269.1
18,Female,Caucasian,21.0,Low,Moderate,Heavy,Former,9.9,Poor,Moderate,Yes,No,No,Yes,No,No,No,None,100,79,79,31.6,78.3,0.79,156.8
22,Female,Caucasian,33.0,Middle,Sedentary,None,Former,6.0,Average,High,Yes,No,No,No,No,No,Yes,Metformin,118,98,76,31.4,117.2,1.24,247.9
53,Male,African,34.0,Low,Sedentary,Moderate,Never,7.8,Poor,High,No,Yes,No,Yes,No,No,Yes,Other,127,87,64,30.5,125.9,1.27,263.0
44,Male,South Asian,18.0,Low,Moderate,Moderate,Never,5.8,Poor,Moderate,No,No,No,No,No,No,No,None,115,79,85,33.4,87.7,0.88,180.4
38,Female,Caucasian,27.7,Low,Moderate,None,Never,5.8,Average,Moderate,No,Yes,No,No,No,No,No,None,110,100,75,32.0,99.8,0.96,180.7
48,Female,Hispanic,29.3,Low,Sedentary,None,Current,4.3,Poor,Moderate,No,No,No,Yes,No,No,Yes,Metformin,125,74,59,32.3,88.0,0.87,178.3
65,Female,Other,27.7,Low,Sedentary,Heavy,Never,7.6,Average,Moderate,No,Yes,Yes,No,No,No,No,Metformin,106,83,77,30.0,149.6,1.5,304.4
37,Male,Other,21.7,Low,Sedentary,Moderate,Never,6.2,Average,Low,No,No,No,No,No,Yes,No,Metformin,135,77,78,31.3,77.1,0.82,167.7
41,Male,Hispanic,23.8,Low,Moderate,None,Never,8.6,Poor,Moderate,Yes,Yes,No,No,No,No,No,Other,115,78,87,33.0,110.8,1.16,227.6
43,Female,Other,21.3,Middle,Moderate,None,Never,7.6,Average,Moderate,No,No,No,Yes,No,No,No,None,127,84,62,32.3,76.8,0.84,172.1
76,Male,South Asian,22.9,Low,Moderate,None,Never,7.2,Poor,Low,No,No,No,Yes,No,Yes,No,None,103,86,74,31.3,90.9,0.85,177.8
18,Male,South Asian,19.0,Middle,Moderate,Moderate,Never,4.9,Average,Moderate,No,No,No,No,No,No,No,Steroids,140,78,68,31.9,217.0,2.0,402.4
50,Male,South Asian,24.4,Middle,Active,Heavy,Never,7.9,Good,Low,No,No,No,No,No,No,No,None,127,72,67,34.0,90.6,0.98,189.3
38,Female,African,18.0,Low,Sedentary,None,Never,6.0,Average,High,No,No,No,Yes,No,No,No,Metformin,129,98,77,31.8,114.6,1.19,231.8
49,Male,Other,24.0,Middle,Sedentary,None,Former,4.9,Average,High,No,No,No,Yes,No,No,Yes,None,101,81,71,32.1,69.8,0.73,154.8
30,Female,South Asian,18.8,Middle,Active,None,Former,7.6,Poor,Low,No,No,No,Yes,No,No,No,Steroids,109,70,80,32.0,98.6,0.97,187.1
39,Male,African,26.0,Low,Sedentary,Heavy,Never,5.1,Poor,Moderate,Yes,No,No,No,No,No,No,Metformin,123,70,66,32.2,119.6,1.22,243.4
51,Female,African,21.6,High,Sedentary,None,Former,4.0,Average,Moderate,No,No,No,Yes,No,No,No,None,104,100,74,33.2,100.6,0.98,192.4
80,Female,Other,26.5,Middle,Sedentary,Moderate,Never,8.9,Average,Moderate,Yes,No,No,No,No,Yes,No,None,111,105,78,34.5,211.6,2.0,405.1
52,Male,African,30.4,Middle,Active,None,Never,6.2,Poor,Moderate,Yes,Yes,No,No,No,No,No,None,131,83,79,33.5,184.5,1.8,365.1
27,Female,Other,32.9,Middle,Sedentary,Moderate,Never,4.4,Average,Moderate,No,No,No,No,No,No,No,None,111,74,77,32.2,99.4,1.02,211.0
